race_id,top1,winner_top3,winner_rank,spearman,rank_mae,ndcg5,n_entries,winner_logloss,winner_brier,model
2022_01,0.0,0.0,7.0,0.0543859649122807,6.3,0.22389717411359994,20.0,3.734582008908014,0.062131250202759045,calibrated_championship
2022_02,0.0,0.0,18.0,0.14725274725274726,5.578947368421052,0.4348368705750462,19.0,7.1159285953202795,0.06694150968802932,calibrated_championship
2022_03,1.0,1.0,1.0,0.6348039215686275,4.8,0.7706642043132272,20.0,0.9260929116904657,0.02086832974416531,calibrated_championship
2022_04,0.0,0.0,6.0,0.5170278637770898,5.1,0.18300657198870862,20.0,3.203344654518177,0.056997674197228974,calibrated_championship
2022_05,0.0,1.0,2.0,0.8088235294117647,3.6,0.8587870123923903,20.0,1.781202599695031,0.043636673331594315,calibrated_championship
2022_06,0.0,1.0,2.0,0.8493292053663571,3.2,0.6843159707747805,20.0,1.7792811389643564,0.04372848507381104,calibrated_championship
2022_07,0.0,1.0,3.0,0.8210784313725491,3.0,0.6709982431534356,20.0,2.259547819522842,0.050281303753397656,calibrated_championship
2022_08,1.0,1.0,1.0,0.7735294117647058,4.6,0.9095565943566785,20.0,0.9166904051024792,0.020636321231659902,calibrated_championship
2022_09,1.0,1.0,1.0,0.6838235294117648,4.0,0.8455834752161457,20.0,0.8860145083943314,0.019872257852145053,calibrated_championship
2022_10,0.0,0.0,5.0,0.7494505494505495,4.7,0.5029570677129819,20.0,2.962710588401854,0.056407161483444414,calibrated_championship
2022_11,0.0,1.0,3.0,0.6960784313725491,4.5,0.6936589879391979,20.0,2.265997287514084,0.050797464827752305,calibrated_championship
2022_12,1.0,1.0,1.0,0.8294117647058824,3.5,0.780815895013209,20.0,0.8884116303041615,0.01993235045424361,calibrated_championship
2022_13,1.0,1.0,1.0,0.7744360902255639,2.9,0.7777782462183408,20.0,0.8623947088890933,0.01927674256625065,calibrated_championship
2022_14,1.0,1.0,1.0,0.739938080495356,4.3,0.9311429737414604,20.0,0.8379749164111913,0.018654764264540095,calibrated_championship
2022_15,1.0,1.0,1.0,0.8163054695562436,3.1,0.8968270142695045,20.0,0.8150107863067071,0.018064302156328378,calibrated_championship
2022_16,1.0,1.0,1.0,0.7823529411764706,3.6,0.9780121394761891,20.0,0.7933667978325136,0.017503115655438554,calibrated_championship
2022_17,0.0,1.0,3.0,0.3450549450549451,4.0,0.606270835765806,20.0,2.302546931494687,0.05313476384561074,calibrated_championship
2022_18,1.0,1.0,1.0,0.7502579979360166,3.4,0.9402683711198732,20.0,0.7812938012743645,0.017188218132300256,calibrated_championship
2022_19,1.0,1.0,1.0,0.8480392156862745,3.8,0.8067744002507561,20.0,0.7622340300753369,0.016688509591410473,calibrated_championship
2022_20,1.0,1.0,1.0,0.7824561403508771,2.6,0.7926520648370382,20.0,0.7441527671277917,0.016211706496541838,calibrated_championship
2022_21,0.0,0.0,4.0,0.8504901960784315,3.6,0.45250844346371694,20.0,2.7503166588078103,0.05770257775445118,calibrated_championship
2022_22,1.0,1.0,1.0,0.6894736842105263,3.4,0.9726527483811256,20.0,0.7422738675034347,0.016162014146060336,calibrated_championship
2023_01,1.0,1.0,1.0,0.6960784313725491,4.4,0.8689329622513345,20.0,0.7259263077424872,0.015728651753345556,calibrated_championship
2023_02,0.0,1.0,2.0,0.6346749226006192,4.0,0.8423157852249962,20.0,1.7537606789177935,0.047150674449945154,calibrated_championship
2023_03,1.0,1.0,1.0,0.45098039215686275,5.4,0.8968270142695045,20.0,0.7104648666644698,0.01531689484753151,calibrated_championship
2023_04,0.0,1.0,2.0,0.7440660474716203,2.9,0.798497291646962,20.0,1.754090686593477,0.047483479554562696,calibrated_championship
2023_05,1.0,1.0,1.0,0.7443609022556391,3.1,0.9716926030087767,20.0,0.6963191812761401,0.014938919095014241,calibrated_championship
2023_06,1.0,1.0,1.0,0.6456140350877193,3.7,0.8718133983683809,20.0,0.6826780756011347,0.014573320809001237,calibrated_championship
2023_07,1.0,1.0,1.0,0.8481203007518796,2.5,0.9215227978213175,20.0,0.6696021128220846,0.014221949399374795,calibrated_championship
2023_08,1.0,1.0,1.0,0.8183694530443757,2.7,0.9095565943566785,20.0,0.6570544783200895,0.013884020547190323,calibrated_championship
2023_09,1.0,1.0,1.0,0.8333333333333334,2.6,0.7869036435967537,20.0,0.6450029476360772,0.013558842314041964,calibrated_championship
2023_10,1.0,1.0,1.0,0.6264189886480908,4.2,0.7452372434390504,20.0,0.6334170254985079,0.013245742807379423,calibrated_championship
2023_11,1.0,1.0,1.0,0.8348813209494325,2.9,0.8042564171934684,20.0,0.6222704313021272,0.012944141207811895,calibrated_championship
2023_12,1.0,1.0,1.0,0.9029927760577915,3.0,0.9257966060082232,20.0,0.6115375106024088,0.012653454104636553,calibrated_championship
2023_13,1.0,1.0,1.0,0.678921568627451,3.4,0.88497558840975,20.0,0.601194958583762,0.01237314483380694,calibrated_championship
2023_14,1.0,1.0,1.0,0.7378740970072238,3.3684210526315788,0.9458641609955708,19.0,0.5765026087643204,0.012346361832594332,calibrated_championship
2023_15,0.0,0.0,5.0,0.38235294117647056,4.7368421052631575,0.35070510213503236,19.0,3.35366366804119,0.0680942401316285,calibrated_championship
2023_16,1.0,1.0,1.0,0.7607142857142856,4.1,0.690141273854038,20.0,0.5999084074124549,0.012338265811698088,calibrated_championship
2023_17,1.0,1.0,1.0,0.7450980392156863,3.5789473684210527,0.6876623040842551,19.0,0.5757559216575939,0.012324999351851783,calibrated_championship
2023_18,1.0,1.0,1.0,0.4754901960784314,5.8,0.7799858128652013,20.0,0.5815117946236217,0.01183938269321023,calibrated_championship
2023_19,1.0,1.0,1.0,0.7573529411764707,3.1578947368421053,0.8802890519931065,19.0,0.5583402170192772,0.011826855787694294,calibrated_championship
2023_20,1.0,1.0,1.0,0.6967032967032967,3.473684210526316,0.7799858128652013,19.0,0.5501358935189532,0.011592326576833524,calibrated_championship
2023_21,1.0,1.0,1.0,0.8052631578947368,3.5,0.7759490202022451,20.0,0.5561655368916696,0.011152113205789306,calibrated_championship
2023_22,1.0,1.0,1.0,0.6902255639097743,3.2,0.7206562374921219,20.0,0.548125962521517,0.010934285799869827,calibrated_championship
2024_01,1.0,1.0,1.0,0.7924812030075187,2.7,0.9119615464966683,20.0,0.5403284465653704,0.010723151469845408,calibrated_championship
2024_02,1.0,1.0,1.0,0.6759545923632612,3.6,0.9632169493840511,20.0,0.5327625133909438,0.010518446673063609,calibrated_championship
2024_03,0.0,0.0,6.0,0.5490196078431373,4.842105263157895,0.20356950746933578,19.0,3.864382601593527,0.07137713092114638,calibrated_championship
2024_04,1.0,1.0,1.0,0.9534313725490198,2.0,0.9510261813892709,20.0,0.5448138489024387,0.010844585105939082,calibrated_championship
2024_05,1.0,1.0,1.0,0.8946078431372549,2.4,0.9453834937537295,20.0,0.5375145021771618,0.010646997061070494,calibrated_championship
2024_06,0.0,0.0,5.0,0.756140350877193,3.0,0.7189717139929772,20.0,3.434111042323822,0.06606550231322808,calibrated_championship
2024_07,1.0,1.0,1.0,0.8298245614035088,2.1,0.9058816528019312,20.0,0.5455132687820761,0.010863525101058714,calibrated_championship
2024_08,0.0,1.0,2.0,0.8470588235294119,4.0,0.5161560383677571,20.0,1.7820076703211736,0.052205682639197934,calibrated_championship
2024_09,1.0,1.0,1.0,0.8464285714285712,4.9,0.8435060013771576,20.0,0.5409331820307473,0.010739520447745472,calibrated_championship
2024_10,1.0,1.0,1.0,0.793984962406015,3.0,0.8573291970546885,20.0,0.534177282731358,0.010556711477801644,calibrated_championship
2024_11,0.0,0.0,7.0,0.4330827067669173,4.7,0.08795983976853798,20.0,4.1697308573646925,0.06783511260383174,calibrated_championship
2024_12,0.0,0.0,8.0,0.543859649122807,4.2105263157894735,0.4348368705750462,19.0,4.489426168400472,0.07169074438075289,calibrated_championship
2024_13,0.0,0.0,5.0,0.9105263157894736,2.1,0.5248663145019989,20.0,3.355127947631183,0.06463203990253827,calibrated_championship
2024_14,0.0,0.0,6.0,0.6912280701754386,3.3,0.2833681041770262,20.0,3.6893616726317897,0.0652382829307189,calibrated_championship
2024_15,0.0,1.0,2.0,0.9233082706766916,1.7,0.8706231822162195,20.0,1.7654860495607845,0.05018833448975167,calibrated_championship
2024_16,0.0,1.0,3.0,0.7508771929824561,3.3,0.6033196408027734,20.0,2.4133289405733254,0.058305973007439206,calibrated_championship
2024_17,0.0,0.0,4.0,0.4526315789473684,4.9,0.5202079536485444,20.0,2.8886340194521356,0.06152493965741475,calibrated_championship
2024_18,0.0,1.0,2.0,0.8614035087719297,2.7,0.8341629842127403,20.0,1.7622198877630006,0.049670071367323224,calibrated_championship
2024_19,0.0,1.0,3.0,0.7736842105263159,3.5,0.6709982431534356,20.0,2.3991902017534956,0.05772445605518717,calibrated_championship
2024_20,0.0,0.0,5.0,0.7794117647058825,4.1,0.546775561291016,20.0,3.2597841887003502,0.06281277594598599,calibrated_championship
2024_21,1.0,1.0,1.0,0.47857142857142854,5.0,0.690141273854038,18.0,0.6005364598644158,0.013790903716236856,calibrated_championship
2024_22,0.0,0.0,6.0,0.8369453044375645,3.2,0.11410269234562208,20.0,3.595148979165383,0.06377578672885331,calibrated_championship
2024_23,1.0,1.0,1.0,0.6357142857142856,4.4,0.9095565943566785,20.0,0.6393967526382073,0.013407394184741992,calibrated_championship
2024_24,0.0,1.0,2.0,0.8480392156862745,2.9,0.6323362341358988,20.0,1.75929734475394,0.049127783825162696,calibrated_championship
2025_01,0.0,1.0,2.0,0.410989010989011,4.1,0.7571577678387108,20.0,1.759103413054812,0.04910248527218534,calibrated_championship
2025_02,0.0,0.0,9.0,0.5941176470588235,5.2,0.44679065262940837,20.0,4.460260996663345,0.06516719507964384,calibrated_championship
2025_03,0.0,1.0,2.0,0.6165413533834586,3.5,0.8341629842127403,20.0,1.7568373504189854,0.04856124246427336,calibrated_championship
2025_04,0.0,1.0,3.0,0.7647058823529412,3.7,0.6344950377090005,20.0,2.3696555274602025,0.05645210757638922,calibrated_championship
2025_05,0.0,1.0,2.0,0.8224974200206397,3.3,0.7273315316582878,20.0,1.7563222270316592,0.048418901085363855,calibrated_championship
2025_06,1.0,1.0,1.0,0.8176470588235294,2.4,0.9854490487855379,20.0,0.6590570743350725,0.013937999609258131,calibrated_championship
2025_07,0.0,1.0,3.0,0.8348813209494325,3.8,0.7003059879158462,20.0,2.3705238863038156,0.05649076320211939,calibrated_championship
2025_08,0.0,1.0,2.0,0.5851393188854489,4.2,0.7418824680809842,20.0,1.756447585959698,0.048454663584331946,calibrated_championship
2025_09,1.0,1.0,1.0,0.6151960784313726,4.421052631578948,0.974171557986794,19.0,0.6416013264872141,0.014206556150536244,calibrated_championship
2025_10,0.0,0.0,4.0,0.4447884416924664,4.6,0.5310325138187119,20.0,2.8295481232310284,0.0599554955649382,calibrated_championship
2025_11,0.0,1.0,2.0,0.6294117647058822,4.7368421052631575,0.8259231422088646,19.0,1.7513726542661499,0.051326842286731796,calibrated_championship
2025_12,0.0,1.0,2.0,0.5214285714285714,4.315789473684211,0.7681123912332194,19.0,1.7512803975577822,0.051305261946541746,calibrated_championship
2025_13,1.0,1.0,1.0,0.6481203007518795,3.7,0.9881638301761708,20.0,0.6602795774634461,0.013970943357135076,calibrated_championship
2025_14,0.0,1.0,2.0,0.512280701754386,4.2,0.8486353216924086,20.0,1.7567265241112395,0.048531597369113146,calibrated_championship
2025_15,1.0,1.0,1.0,0.2239422084623323,6.1,0.8718133983683809,20.0,0.6548025959379213,0.013823302407776628,calibrated_championship
2025_16,0.0,1.0,3.0,0.7791537667698658,2.9473684210526314,0.7351687477870975,19.0,2.377165235365566,0.060086145519487676,calibrated_championship
2025_17,0.0,1.0,3.0,0.3596491228070175,5.7,0.481130310185881,20.0,2.36997158262371,0.056466186521674025,calibrated_championship
2025_18,0.0,0.0,4.0,0.706766917293233,3.5,0.6193192299367019,20.0,2.822677063701172,0.05976726440020243,calibrated_championship
2025_19,0.0,1.0,3.0,0.6964912280701754,3.6,0.628180082554823,20.0,2.3624719994019947,0.056129095255967744,calibrated_championship
2025_20,0.0,1.0,2.0,0.6299019607843138,4.5,0.6542454809249159,20.0,1.7555272142244962,0.048169952556507585,calibrated_championship
2025_21,1.0,1.0,1.0,0.7500000000000001,3.9,0.7979996068898434,20.0,0.6684537772509094,0.014191052120287779,calibrated_championship
2025_22,0.0,1.0,3.0,0.8642857142857141,4.9,0.5065572710600578,20.0,2.3633855080769886,0.0561704994779174,calibrated_championship
2025_23,0.0,1.0,3.0,0.6904024767801857,4.4,0.6126690007597779,20.0,2.3607696957829374,0.056051676935607676,calibrated_championship
2025_24,0.0,1.0,2.0,0.6556390977443608,3.7,0.7810659043154536,20.0,1.7553566800151503,0.048110050029522,calibrated_championship
2022_01,0.0,0.0,6.0,0.0894736842105263,6.4,0.3176840784407477,20.0,3.039428644786308,0.05574496317475973,calibrated_form5
2022_02,0.0,1.0,2.0,0.3186813186813187,4.7368421052631575,0.6467384147211306,19.0,2.017019513585251,0.049538811346218174,calibrated_form5
2022_03,0.0,0.0,4.0,0.42401960784313725,5.7,0.3582375092763581,20.0,2.595367821265799,0.052559235471910604,calibrated_form5
2022_04,0.0,0.0,6.0,0.28792569659442724,6.1,0.008475653624725625,20.0,3.117956517154599,0.055349748156837984,calibrated_form5
2022_05,0.0,0.0,6.0,0.8137254901960784,4.1,0.33959332522976476,20.0,2.9707989639363905,0.05421168236398775,calibrated_form5
2022_06,0.0,0.0,5.0,0.7337461300309597,4.2,0.5332627820239124,20.0,2.831834638262695,0.05309675438032881,calibrated_form5
2022_07,1.0,1.0,1.0,0.7401960784313727,3.3,0.7979996068898434,20.0,1.0570456463699853,0.023986142563950673,calibrated_form5
2022_08,0.0,1.0,3.0,0.5882352941176471,4.6,0.7649943968077365,20.0,2.243998334825163,0.04857524583977979,calibrated_form5
2022_09,1.0,1.0,1.0,0.6936274509803922,3.9,0.778101113622576,20.0,1.0229650711599148,0.023196195957707697,calibrated_form5
2022_10,0.0,0.0,5.0,0.7230769230769231,4.9,0.4809646110841703,20.0,2.8594330648152217,0.05385021996831556,calibrated_form5
2022_11,0.0,0.0,11.0,0.45833333333333337,5.4,0.4508280324521487,20.0,4.0948784740508914,0.0576463113919525,calibrated_form5
2022_12,1.0,1.0,1.0,0.9382352941176471,2.2,0.9525851786020122,20.0,1.0622266850345037,0.024103962547124682,calibrated_form5
2022_13,1.0,1.0,1.0,0.8601503759398496,2.3,0.9632169493840511,20.0,1.0299666219810468,0.02335680648747819,calibrated_form5
2022_14,1.0,1.0,1.0,0.7688338493292053,3.8,0.7841764112123126,20.0,1.0017268135068675,0.02269641670933238,calibrated_form5
2022_15,1.0,1.0,1.0,0.8864809081527348,1.8,0.8706688760729636,20.0,0.9741970625364972,0.022038653129236526,calibrated_form5
2022_16,1.0,1.0,1.0,0.8117647058823528,4.2,0.914038447967638,20.0,0.9454222136052325,0.02133287427904388,calibrated_form5
2022_17,0.0,1.0,3.0,0.3274725274725274,4.9,0.4056439182092857,20.0,2.256609002750035,0.050054261842099365,calibrated_form5
2022_18,1.0,1.0,1.0,0.6470588235294118,4.4,0.9402683711198732,20.0,0.9139386502088938,0.02036507962253315,calibrated_form5
2022_19,1.0,1.0,1.0,0.8137254901960784,3.5,0.8182486893828451,20.0,0.8904646420663875,0.019772164546884012,calibrated_form5
2022_20,1.0,1.0,1.0,0.7210526315789473,3.3,0.9228329600513825,20.0,0.8823017796966692,0.01977959996150391,calibrated_form5
2022_21,0.0,0.0,5.0,0.7720588235294118,4.5,0.44575183435520294,20.0,2.943720115498007,0.05626522892607191,calibrated_form5
2022_22,1.0,1.0,1.0,0.7140350877192982,3.1,0.9487440247445988,20.0,0.8768160847553098,0.019641827501083748,calibrated_form5
2023_01,1.0,1.0,1.0,0.49509803921568635,5.5,0.8519816550018832,20.0,0.8595410431694576,0.019204656105156835,calibrated_form5
2023_02,0.0,1.0,2.0,0.7234262125902993,3.7,0.7994574370193108,20.0,1.764326232189782,0.04472980116287328,calibrated_form5
2023_03,1.0,1.0,1.0,0.44852941176470595,5.7,0.8201446505079447,20.0,0.8381777083120695,0.01866012837686253,calibrated_form5
2023_04,0.0,1.0,2.0,0.7564499484004128,3.6,0.7935393521073962,20.0,1.7613715771867107,0.04503879973912603,calibrated_form5
2023_05,1.0,1.0,1.0,0.8345864661654135,2.5,0.9635398019965208,20.0,0.8186297555090862,0.018157909785905976,calibrated_form5
2023_06,1.0,1.0,1.0,0.5157894736842105,4.8,0.8718133983683809,20.0,0.8020972581840975,0.01773138430181848,calibrated_form5
2023_07,1.0,1.0,1.0,0.8240601503759398,2.5,0.8802890519931065,20.0,0.7869603636756367,0.01733661418211916,calibrated_form5
2023_08,1.0,1.0,1.0,0.8410732714138286,2.3,0.9716926030087767,20.0,0.7717813798905505,0.01694062917019163,calibrated_form5
2023_09,1.0,1.0,1.0,0.7157894736842104,3.1,0.7523394215101398,20.0,0.7579682041217665,0.01657625377920292,calibrated_form5
2023_10,1.0,1.0,1.0,0.5294117647058824,4.2,0.7558690142210893,20.0,0.7442546429980966,0.01621453767344681,calibrated_form5
2023_11,1.0,1.0,1.0,0.8534571723426212,3.3,0.7206562374921219,20.0,0.731111311817198,0.015866251100515597,calibrated_form5
2023_12,1.0,1.0,1.0,0.8472652218782251,3.3,0.9537409627799038,20.0,0.7183691430014673,0.015527910654115715,calibrated_form5
2023_13,1.0,1.0,1.0,0.6446078431372549,4.0,0.8477910418630064,20.0,0.704763652098038,0.015165447195548932,calibrated_form5
2023_14,1.0,1.0,1.0,0.8307533539731682,2.6315789473684212,0.8865345856224913,19.0,0.6775452325848408,0.015228590461219516,calibrated_form5
2023_15,0.0,0.0,8.0,0.39999999999999997,4.631578947368421,0.2401285955066931,19.0,4.105871683375944,0.06723596544046367,calibrated_form5
2023_16,1.0,1.0,1.0,0.8571428571428571,3.9,0.8316782588101543,20.0,0.7094180059082976,0.01528971702661928,calibrated_form5
2023_17,1.0,1.0,1.0,0.661764705882353,4.0,0.7653048132181637,19.0,0.6809502940885119,0.015326811376084005,calibrated_form5
2023_18,1.0,1.0,1.0,0.37009803921568635,5.9,0.9525851786020122,20.0,0.6876903791539517,0.014707776049336796,calibrated_form5
2023_19,1.0,1.0,1.0,0.7254901960784315,3.473684210526316,0.7919243093001068,19.0,0.6579451190132918,0.014668274680112853,calibrated_form5
2023_20,1.0,1.0,1.0,0.3494505494505495,4.947368421052632,0.8865345856224913,19.0,0.650743209513432,0.014467914514101246,calibrated_form5
2023_21,1.0,1.0,1.0,0.6350877192982456,4.7,0.6791866504595295,20.0,0.6574313098611582,0.013895001296059209,calibrated_form5
2023_22,1.0,1.0,1.0,0.6661654135338345,3.5,0.795119170772797,20.0,0.6479123295739522,0.013638047007820795,calibrated_form5
2024_01,1.0,1.0,1.0,0.7593984962406014,2.9,0.9122713757473114,20.0,0.6362058072062421,0.013317313775280924,calibrated_form5
2024_02,1.0,1.0,1.0,0.6759545923632612,4.1,0.9174860051583612,20.0,0.6234277276816269,0.01294280959280757,calibrated_form5
2024_03,0.0,0.0,6.0,0.5441176470588236,5.578947368421052,0.1781425465951589,19.0,3.4614372274064378,0.0673572804979205,calibrated_form5
2024_04,0.0,1.0,3.0,0.8946078431372549,2.5,0.6719985761328573,20.0,2.381385331207415,0.05698720859576741,calibrated_form5
2024_05,0.0,1.0,3.0,0.8848039215686275,2.7,0.6436204202956478,20.0,2.1993978061359734,0.05022419398938024,calibrated_form5
2024_06,0.0,0.0,4.0,0.7385964912280703,3.1,0.6277948835614274,20.0,2.8351142984222495,0.06010783134827773,calibrated_form5
2024_07,0.0,0.0,5.0,0.736842105263158,3.1,0.5686015982402387,20.0,3.029285296744215,0.056309747295298376,calibrated_form5
2024_08,0.0,1.0,2.0,0.8558823529411764,4.0,0.5709291701320657,20.0,1.7555745438964274,0.048202943114354024,calibrated_form5
2024_09,1.0,1.0,1.0,0.8142857142857142,4.4,0.9458641609955708,20.0,0.666375341971118,0.01413832371153847,calibrated_form5
2024_10,1.0,1.0,1.0,0.900751879699248,1.6,0.9881638301761708,20.0,1.1500437114489894,0.02948107372673931,calibrated_form5
2024_11,0.0,0.0,4.0,0.4601503759398496,4.3,0.3472828858818496,20.0,2.652025012965239,0.05417252717630783,calibrated_form5
2024_12,0.0,0.0,4.0,0.6449948400412797,4.421052631578948,0.7219476331502349,19.0,2.8120854544572422,0.06349343556586513,calibrated_form5
2024_13,0.0,1.0,3.0,0.8280701754385964,2.9,0.5998019267176137,20.0,2.3589717943069575,0.055989589513180525,calibrated_form5
2024_14,0.0,1.0,2.0,0.5859649122807017,3.5,0.6680019562852084,20.0,1.754938535053553,0.04801411391144871,calibrated_form5
2024_15,0.0,0.0,5.0,0.8556390977443609,2.3,0.47796999931378936,20.0,3.1751133528335957,0.06111100951531723,calibrated_form5
2024_16,0.0,0.0,6.0,0.7087719298245614,3.5,0.43009886987708956,20.0,3.4815198367325793,0.06194857930298657,calibrated_form5
2024_17,1.0,1.0,1.0,0.5263157894736842,4.3,0.8572268408600807,20.0,0.6998296215077678,0.015035024176359376,calibrated_form5
2024_18,0.0,1.0,3.0,0.7842105263157895,3.5,0.6483182333865314,20.0,2.3437927655985296,0.055294568201632865,calibrated_form5
2024_19,0.0,1.0,2.0,0.8543859649122807,3.2,0.5493427759555183,20.0,2.056374144088961,0.05213359636764817,calibrated_form5
2024_20,0.0,0.0,6.0,0.6960784313725491,4.1,0.3691883163108071,20.0,3.4581401084407752,0.06159846027401193,calibrated_form5
2024_21,0.0,0.0,4.0,0.3178571428571428,5.555555555555555,0.3398459765725009,18.0,2.7838736327329023,0.06568212374239518,calibrated_form5
2024_22,0.0,0.0,4.0,0.7585139318885449,3.6,0.37206070495388893,20.0,2.7381669356560643,0.057886144008716,calibrated_form5
2024_23,1.0,1.0,1.0,0.7071428571428571,4.2,0.9148419826137146,20.0,0.728090306689369,0.015786896703725788,calibrated_form5
2024_24,0.0,0.0,4.0,0.7892156862745099,3.5,0.5839639241978194,20.0,2.93864279567977,0.05899244224959381,calibrated_form5
2025_01,0.0,0.0,4.0,0.2175824175824176,4.6,0.5765400678338286,20.0,2.730601898851349,0.0576542055914895,calibrated_form5
2025_02,0.0,0.0,6.0,0.6205882352941177,5.9,0.2896249144806512,20.0,3.400864442615114,0.060562964937223206,calibrated_form5
2025_03,0.0,1.0,2.0,0.7278195488721804,3.3,0.6740772390831792,20.0,1.7544340360654627,0.046351237190544785,calibrated_form5
2025_04,0.0,0.0,4.0,0.7729618163054695,3.9,0.5535914895696505,20.0,2.7316388018032045,0.05714504949149636,calibrated_form5
2025_05,0.0,0.0,4.0,0.869969040247678,3.2,0.536380055871517,20.0,2.725798758523922,0.05696673390020405,calibrated_form5
2025_06,0.0,1.0,3.0,0.8823529411764707,2.2,0.7757522070771342,20.0,2.040233755158363,0.050474510468674016,calibrated_form5
2025_07,0.0,1.0,3.0,0.8802889576883385,3.5,0.7003059879158462,20.0,2.307122056939999,0.0533971104119359,calibrated_form5
2025_08,0.0,1.0,2.0,0.6697626418988648,4.2,0.7418824680809842,20.0,1.7556544708906614,0.04599984871866698,calibrated_form5
2025_09,1.0,1.0,1.0,0.5931372549019609,4.2105263157894735,0.9780121394761891,19.0,0.7469004362955642,0.017178678267288982,calibrated_form5
2025_10,0.0,0.0,6.0,0.4633642930856553,5.2,0.218219348717676,20.0,3.2142568181739573,0.059522428533777726,calibrated_form5
2025_11,0.0,0.0,4.0,0.7323529411764707,4.526315789473684,0.7063064881308485,19.0,2.720934674460787,0.06008459530141632,calibrated_form5
2025_12,0.0,1.0,3.0,0.33928571428571425,4.631578947368421,0.6965394240562441,19.0,2.300680317809156,0.056338576539068756,calibrated_form5
2025_13,1.0,1.0,1.0,0.6345864661654135,3.7,0.9610608322267378,20.0,0.7771213713346303,0.017080092215673588,calibrated_form5
2025_14,0.0,1.0,2.0,0.6456140350877193,4.3,0.8592670924744475,20.0,1.755687471069926,0.04592077993462623,calibrated_form5
2025_15,1.0,1.0,1.0,0.07739938080495357,6.8,0.7120505206430552,20.0,0.7689033916282091,0.01686538545502202,calibrated_form5
2025_16,0.0,0.0,4.0,0.7192982456140351,3.473684210526316,0.6896040158640737,19.0,2.7256348234181864,0.06021975673224931,calibrated_form5
2025_17,0.0,1.0,2.0,0.3578947368421052,5.5,0.5700560509595708,20.0,1.7556918510284567,0.04594783757146943,calibrated_form5
2025_18,0.0,1.0,2.0,0.7052631578947368,3.2,0.8560722310017573,20.0,1.7558200614425992,0.0459561160827716,calibrated_form5
2025_19,1.0,1.0,1.0,0.6157894736842106,4.4,0.8910078341832338,20.0,1.2285875845256478,0.030580311055400065,calibrated_form5
2025_20,0.0,1.0,3.0,0.786764705882353,3.4,0.6295286561208432,20.0,2.306551307189991,0.05339506870946835,calibrated_form5
2025_21,0.0,1.0,2.0,0.7058823529411765,4.8,0.6147476637100998,20.0,1.7547594498404933,0.04600581368067241,calibrated_form5
2025_22,1.0,1.0,1.0,0.7249999999999999,4.4,0.9349835552308554,20.0,0.7636832417199458,0.016726919554753104,calibrated_form5
2025_23,1.0,1.0,1.0,0.6470588235294118,4.5,0.7214863196401295,20.0,0.75846742654733,0.01659008703617961,calibrated_form5
2025_24,1.0,1.0,1.0,0.6285714285714286,3.9,0.795119170772797,20.0,0.7519322297081823,0.016418208064229965,calibrated_form5
2022_01,0.0,0.0,10.0,0.19298245614035087,5.5,0.2610817206603437,20.0,3.711455144683474,0.05528554595342296,calibrated_last_race
2022_02,0.0,0.0,18.0,0.14725274725274726,5.578947368421052,0.4348368705750462,19.0,5.468804092334064,0.060018584958467944,calibrated_last_race
2022_03,0.0,1.0,2.0,0.7475490196078433,4.3,0.6293856263326502,20.0,1.9424073362342393,0.04167367899589353,calibrated_last_race
2022_04,0.0,0.0,18.0,0.17027863777089783,4.8,0.29954138071956693,20.0,4.916493203453201,0.05546767312990194,calibrated_last_race
2022_05,1.0,1.0,1.0,0.3921568627450981,5.3,0.7300920364891963,20.0,1.4466897793727473,0.03190146933799168,calibrated_last_race
2022_06,1.0,1.0,1.0,0.6924664602683178,3.6,0.9129170809722509,20.0,1.3901346094563605,0.03088055889339328,calibrated_last_race
2022_07,0.0,1.0,2.0,0.6470588235294119,3.1,0.7343754018771991,20.0,1.9337399223271272,0.04167639691323663,calibrated_last_race
2022_08,0.0,1.0,3.0,0.8323529411764706,4.3,0.7275616024381004,20.0,2.2607816104717515,0.04587412539045046,calibrated_last_race
2022_09,1.0,1.0,1.0,0.16911764705882354,5.7,0.778101113622576,20.0,1.3080980709178778,0.029323296579566154,calibrated_last_race
2022_10,0.0,1.0,2.0,0.37142857142857144,6.2,0.5306283906391913,20.0,1.9000720522754622,0.0417403918093913,calibrated_last_race
2022_11,0.0,0.0,4.0,0.47794117647058826,6.0,0.3691921326708667,20.0,2.5186231715038576,0.04878680244980717,calibrated_last_race
2022_12,0.0,1.0,2.0,0.36764705882352944,5.0,0.6588890099006036,20.0,1.8941577184102865,0.04176215313386756,calibrated_last_race
2022_13,1.0,1.0,1.0,0.78796992481203,2.2,0.9980797092553024,20.0,1.2346090251268904,0.02785031595132257,calibrated_last_race
2022_14,1.0,1.0,1.0,0.8555211558307534,2.8,0.9052359179934604,20.0,1.1986100039727345,0.027101682535033467,calibrated_last_race
2022_15,1.0,1.0,1.0,0.6429308565531475,3.2,0.8345468310931765,20.0,1.1648279570147009,0.026382951710951775,calibrated_last_race
2022_16,1.0,1.0,1.0,0.8352941176470589,3.6,0.9497041701169476,20.0,1.133058310173374,0.025692771272106424,calibrated_last_race
2022_17,0.0,0.0,6.0,0.2,4.9,0.27339852814248283,20.0,3.018584675858448,0.05332618401039887,calibrated_last_race
2022_18,0.0,0.0,7.0,0.36016511867905054,5.7,0.4254010715779718,20.0,3.2052014083806197,0.05395516622395744,calibrated_last_race
2022_19,1.0,1.0,1.0,0.7254901960784315,3.5,0.9244734056245661,20.0,1.1452502620179836,0.02595926592590106,calibrated_last_race
2022_20,1.0,1.0,1.0,0.46315789473684205,4.5,0.9780121394761891,20.0,1.1171481729295822,0.02534196024493739,calibrated_last_race
2022_21,0.0,0.0,4.0,0.7009803921568628,3.9,0.5591872794453482,20.0,2.5483013788834157,0.05053005854899506,calibrated_last_race
2022_22,0.0,0.0,6.0,0.443859649122807,4.8,0.19631010192865894,20.0,3.022435526588211,0.05340702240747114,calibrated_last_race
2023_01,1.0,1.0,1.0,0.4387254901960785,5.0,0.8718133983683809,20.0,1.1143749886877303,0.02528016040855846,calibrated_last_race
2023_02,0.0,1.0,2.0,0.632610939112487,4.0,0.8423157852249962,20.0,1.8300935107227343,0.04232169978571228,calibrated_last_race
2023_03,0.0,1.0,2.0,0.2916666666666667,5.5,0.6542454809249159,20.0,1.827160391344436,0.042368113103348815,calibrated_last_race
2023_04,0.0,0.0,5.0,0.38906088751289986,4.9,0.6242478343852762,20.0,2.8117898106070176,0.0525361209875562,calibrated_last_race
2023_05,0.0,1.0,2.0,0.7503759398496239,3.3,0.8316840144429573,20.0,1.8284146613192789,0.042347944681979076,calibrated_last_race
2023_06,1.0,1.0,1.0,0.5614035087719299,4.1,0.8529418003742321,20.0,1.0770853232129098,0.02444342776982397,calibrated_last_race
2023_07,1.0,1.0,1.0,0.5338345864661653,4.3,0.8800532107887252,20.0,1.055647058876155,0.02395377453659934,calibrated_last_race
2023_08,1.0,1.0,1.0,0.6635706914344685,3.7,0.7844246738269707,20.0,1.0351179251708635,0.023479184069267828,calibrated_last_race
2023_09,1.0,1.0,1.0,0.6228070175438596,4.0,0.8345468310931765,20.0,1.0154395410403025,0.023019084148631488,calibrated_last_race
2023_10,1.0,1.0,1.0,0.6140350877192982,3.9,0.8207236354156459,20.0,0.9965584705570055,0.022572922907902002,calibrated_last_race
2023_11,1.0,1.0,1.0,0.869969040247678,2.0,0.9288342548030913,20.0,0.978425709047099,0.02214016894818345,calibrated_last_race
2023_12,1.0,1.0,1.0,0.7192982456140351,4.1,0.8718133983683809,20.0,0.9609963544919399,0.02172031421257362,calibrated_last_race
2023_13,1.0,1.0,1.0,0.4264705882352942,5.2,0.8477910418630064,20.0,0.944227244558543,0.02131282588975989,calibrated_last_race
2023_14,1.0,1.0,1.0,0.37254901960784315,4.7368421052631575,0.8800532107887252,19.0,0.9066473543898719,0.021505957719345496,calibrated_last_race
2023_15,0.0,1.0,3.0,0.411764705882353,4.105263157894737,0.38980996901000503,19.0,2.2534075226907833,0.05320991566307746,calibrated_last_race
2023_16,0.0,0.0,5.0,0.5964285714285712,4.2,0.5093552179151881,20.0,2.9128558670892217,0.05519299537779933,calibrated_last_race
2023_17,1.0,1.0,1.0,0.6764705882352942,3.6842105263157894,0.9497041701169476,19.0,0.9065980160174871,0.02150466472962317,calibrated_last_race
2023_18,1.0,1.0,1.0,0.37500000000000006,6.1,0.8529418003742321,20.0,0.913514286449051,0.020557715273580912,calibrated_last_race
2023_19,1.0,1.0,1.0,0.06372549019607844,5.894736842105263,0.725873716320586,19.0,0.8783273104090384,0.020758972015563176,calibrated_last_race
2023_20,1.0,1.0,1.0,0.032967032967032975,5.368421052631579,0.8207236354156459,19.0,0.865024823125176,0.020404841221898794,calibrated_last_race
2023_21,1.0,1.0,1.0,0.38947368421052625,5.1,0.753712897063776,20.0,0.8725278227750689,0.01953297316343959,calibrated_last_race
2023_22,1.0,1.0,1.0,0.47518796992481205,4.3,0.919398455806017,20.0,0.8595744184963557,0.019205230347187387,calibrated_last_race
2024_01,1.0,1.0,1.0,0.6556390977443608,3.3,0.8731478458427466,20.0,0.8470295188540623,0.018886114847793102,calibrated_last_race
2024_02,1.0,1.0,1.0,0.6759545923632612,3.6,0.9632169493840511,20.0,0.8348765393342616,0.018575405731983435,calibrated_last_race
2024_03,0.0,0.0,19.0,0.26470588235294124,5.2631578947368425,0.20644994358638216,19.0,7.220028362441058,0.06579382755546592,calibrated_last_race
2024_04,0.0,0.0,19.0,0.45833333333333337,4.6,0.3329237423211049,20.0,6.704044154958452,0.06108644599572864,calibrated_last_race
2024_05,1.0,1.0,1.0,0.8946078431372549,2.5,0.9423458449588613,20.0,0.9312501944179903,0.02099514214280678,calibrated_last_race
2024_06,0.0,1.0,2.0,0.7964912280701755,2.6,0.8645478846264829,20.0,1.779452918196637,0.04372004701100857,calibrated_last_race
2024_07,0.0,1.0,2.0,0.6894736842105263,3.1,0.8423157852249962,20.0,1.7787948320433435,0.04375262986952745,calibrated_last_race
2024_08,0.0,1.0,3.0,0.7264705882352941,4.3,0.5819294725915527,20.0,2.2589907393151343,0.050233839647519096,calibrated_last_race
2024_09,0.0,0.0,6.0,0.7142857142857142,5.3,0.2146897560067264,20.0,3.175286761509498,0.056463708694480176,calibrated_last_race
2024_10,1.0,1.0,1.0,0.5488721804511278,3.7,0.9854490487855379,20.0,0.9273941979254685,0.020900356900459556,calibrated_last_race
2024_11,0.0,0.0,4.0,0.5067669172932331,4.2,0.3472828858818496,20.0,2.6163343874671625,0.0533312345269271,calibrated_last_race
2024_12,0.0,0.0,4.0,0.3498452012383901,5.368421052631579,0.47206878370729227,19.0,2.6135696981081478,0.056411702045297385,calibrated_last_race
2024_13,0.0,0.0,4.0,0.5701754385964912,3.7,0.6240170430275853,20.0,2.6100474877229747,0.053098852636086144,calibrated_last_race
2024_14,0.0,1.0,3.0,0.6947368421052632,2.9,0.7735327765962495,20.0,2.255045223166514,0.04988006884230231,calibrated_last_race
2024_15,0.0,0.0,5.0,0.7022556390977444,3.3,0.5224341981167627,20.0,2.8981663457085713,0.054824865745223675,calibrated_last_race
2024_16,0.0,1.0,3.0,0.7684210526315789,3.2,0.6599219985831773,20.0,2.2532733780378784,0.04970882185755823,calibrated_last_race
2024_17,0.0,1.0,2.0,0.5894736842105263,3.5,0.7900216380222365,20.0,1.786081641385725,0.0434261062227996,calibrated_last_race
2024_18,0.0,0.0,4.0,0.7210526315789473,3.9,0.6196963666643673,20.0,2.6026622065965386,0.052821010906512325,calibrated_last_race
2024_19,0.0,0.0,5.0,0.7157894736842104,4.0,0.43618999587076973,20.0,2.888882212090442,0.054589493691953296,calibrated_last_race
2024_20,0.0,1.0,2.0,0.5343137254901961,4.2,0.7234207784826905,20.0,1.7887281349626603,0.043323440391599174,calibrated_last_race
2024_21,0.0,0.0,6.0,0.5178571428571428,5.444444444444445,0.036381584268685416,18.0,3.1635169807256456,0.06290225865158311,calibrated_last_race
2024_22,0.0,0.0,4.0,0.32094943240454077,5.3,0.3398459765725009,20.0,2.592867165129757,0.0524434603911378,calibrated_last_race
2024_23,0.0,0.0,5.0,0.43214285714285705,5.0,0.4700099876896618,20.0,2.874161078384511,0.05421169991752639,calibrated_last_race
2024_24,0.0,0.0,10.0,0.5269607843137256,4.3,0.10619816873978996,20.0,3.957677067436046,0.05784669024189297,calibrated_last_race
2025_01,1.0,1.0,1.0,0.4901098901098901,4.5,0.7385162258326089,20.0,0.9933689391337502,0.022499141019203063,calibrated_last_race
2025_02,0.0,0.0,9.0,0.611764705882353,5.0,0.44679065262940837,20.0,3.7493792606880514,0.057313699397918375,calibrated_last_race
2025_03,0.0,0.0,4.0,0.3714285714285714,4.9,0.6641770549898969,20.0,2.5787702455813943,0.051878649369360305,calibrated_last_race
2025_04,0.0,1.0,3.0,0.762641898864809,3.2,0.5917978963345879,20.0,2.2457979483037036,0.048826929093733755,calibrated_last_race
2025_05,1.0,1.0,1.0,0.7481940144478844,4.1,0.7919243093001068,20.0,1.003387475631805,0.022734820563199636,calibrated_last_race
2025_06,1.0,1.0,1.0,0.85,2.7,0.9215227978213175,20.0,0.9929837500741587,0.022487938645800874,calibrated_last_race
2025_07,0.0,0.0,4.0,0.9401444788441692,2.7,0.6616980852201141,20.0,2.584989014945626,0.05213126108267452,calibrated_last_race
2025_08,0.0,1.0,2.0,0.6883384932920537,4.0,0.58036496912914,20.0,1.797172598641337,0.04303883628011651,calibrated_last_race
2025_09,0.0,1.0,3.0,0.44117647058823534,4.631578947368421,0.7649943968077365,19.0,2.2398249662037233,0.05195888918991523,calibrated_last_race
2025_10,0.0,0.0,4.0,0.21362229102167182,5.1,0.3691921326708667,20.0,2.5838665089335433,0.052086089316793004,calibrated_last_race
2025_11,0.0,0.0,17.0,0.37058823529411766,4.947368421052632,0.22277580711821268,19.0,5.715264678618368,0.06274244368572175,calibrated_last_race
2025_12,1.0,1.0,1.0,0.36428571428571427,5.157894736842105,0.9148419826137146,19.0,0.9972996733479593,0.023829571164086728,calibrated_last_race
2025_13,0.0,1.0,2.0,0.5278195488721804,4.3,0.7825847287128878,20.0,1.8041799059021457,0.0428422150690083,calibrated_last_race
2025_14,0.0,1.0,2.0,0.5473684210526315,4.5,0.8493512133953158,20.0,1.8032962182371937,0.04286534830570895,calibrated_last_race
2025_15,0.0,1.0,2.0,0.11042311661506708,6.4,0.46138293618698023,20.0,1.8024357964363649,0.042888307778041895,calibrated_last_race
2025_16,0.0,1.0,2.0,0.07533539731682146,6.0,0.5913195925236486,19.0,1.786932286039381,0.0452818289686804,calibrated_last_race
2025_17,1.0,1.0,1.0,0.7,4.2,0.806321454830414,20.0,0.9996169922328938,0.022645506016142253,calibrated_last_race
2025_18,0.0,1.0,2.0,0.5203007518796992,4.2,0.7665935668357853,20.0,1.7981714594742448,0.04300885869752829,calibrated_last_race
2025_19,0.0,1.0,2.0,0.7175438596491229,3.4,0.6022742159181571,20.0,1.797425562258165,0.04303117832364341,calibrated_last_race
2025_20,0.0,1.0,2.0,0.8333333333333335,4.1,0.7546787980689279,20.0,1.7966984747041996,0.043053312224103815,calibrated_last_race
2025_21,1.0,1.0,1.0,0.6053921568627452,5.0,0.7643446678458149,20.0,0.9827659573207125,0.022244130665986295,calibrated_last_race
2025_22,0.0,1.0,3.0,0.3928571428571428,5.5,0.5778926799285966,20.0,2.248919332449162,0.04923860059990144,calibrated_last_race
2025_23,1.0,1.0,1.0,0.24045407636738902,5.7,0.7494708492271175,20.0,0.9751511438243124,0.022061577018244606,calibrated_last_race
2025_24,1.0,1.0,1.0,0.4812030075187969,4.7,0.9525851786020122,20.0,0.9666856796602893,0.021857779224079537,calibrated_last_race
2022_01,0.0,0.0,7.0,0.09298245614035087,6.4,0.31336340207752955,20.0,3.7056090756941784,0.0609984873941425,calibrated_latent_strength
2022_02,0.0,1.0,2.0,0.6967032967032967,3.473684210526316,0.6326590867483685,19.0,1.7117222208147531,0.04418397978726251,calibrated_latent_strength
2022_03,0.0,1.0,3.0,0.786764705882353,4.8,0.4403924876354366,20.0,1.9469941932487695,0.04364983877380429,calibrated_latent_strength
2022_04,1.0,1.0,1.0,0.5479876160990712,5.6,0.806321454830414,20.0,1.4403407445680514,0.03412000930656029,calibrated_latent_strength
2022_05,1.0,1.0,1.0,0.875,3.3,0.9854490487855379,20.0,1.1089757530690458,0.026942843154256428,calibrated_latent_strength
2022_06,1.0,1.0,1.0,0.9133126934984519,2.8,0.8802890519931065,20.0,1.0489183666208133,0.025972818076563393,calibrated_latent_strength
2022_07,0.0,1.0,3.0,0.8651960784313727,2.3,0.6759646247415929,20.0,1.9753547811430687,0.04790029880370371,calibrated_latent_strength
2022_08,1.0,1.0,1.0,0.8088235294117646,4.0,0.9028355767502371,20.0,1.0545691823500922,0.026430576264938138,calibrated_latent_strength
2022_09,1.0,1.0,1.0,0.7377450980392158,3.9,0.8599737919673534,20.0,0.9505357559833106,0.02356486733265766,calibrated_latent_strength
2022_10,0.0,1.0,2.0,0.7274725274725276,5.0,0.5030453126077012,20.0,1.7595451518451088,0.05706840321541058,calibrated_latent_strength
2022_11,0.0,0.0,5.0,0.8382352941176472,3.6,0.6963737249545335,20.0,4.183033064066873,0.07090075342560166,calibrated_latent_strength
2022_12,1.0,1.0,1.0,0.7970588235294117,3.4,0.9233797900342092,20.0,0.544637075634658,0.011343455210098425,calibrated_latent_strength
2022_13,1.0,1.0,1.0,0.78796992481203,2.7,0.9510261813892709,20.0,0.5250766164923044,0.010753720809702867,calibrated_latent_strength
2022_14,1.0,1.0,1.0,0.7254901960784313,4.3,0.8042564171934684,20.0,0.5876100202240663,0.012620115515029182,calibrated_latent_strength
2022_15,1.0,1.0,1.0,0.7729618163054695,3.0,0.9311429737414604,20.0,0.4919762606182108,0.009761532297626965,calibrated_latent_strength
2022_16,1.0,1.0,1.0,0.7705882352941176,3.6,0.9339092046216405,20.0,0.483586253991027,0.009332611198633607,calibrated_latent_strength
2022_17,0.0,0.0,6.0,0.35824175824175825,4.9,0.2610817206603437,20.0,3.9369626814116616,0.06984510620245869,calibrated_latent_strength
2022_18,1.0,1.0,1.0,0.6119711042311662,3.9,0.8924396175890481,20.0,0.7532703868115105,0.018312534045968498,calibrated_latent_strength
2022_19,1.0,1.0,1.0,0.7916666666666667,3.6,0.911311215583197,20.0,0.6933909785113567,0.016077916011409205,calibrated_latent_strength
2022_20,1.0,1.0,1.0,0.763157894736842,2.7,0.8861952434874656,20.0,0.6710792347919712,0.01513847214978902,calibrated_latent_strength
2022_21,0.0,0.0,6.0,0.8308823529411766,3.9,0.25676104429712554,20.0,3.564709998383737,0.06479612316066793,calibrated_latent_strength
2022_22,1.0,1.0,1.0,0.6859649122807018,3.7,0.9443051637828295,20.0,0.7393261867206782,0.016873755454212325,calibrated_latent_strength
2023_01,1.0,1.0,1.0,0.5931372549019609,5.1,0.8706688760729636,20.0,0.6826386613888618,0.015180258302413093,calibrated_latent_strength
2023_02,0.0,0.0,4.0,0.7585139318885449,3.1,0.6296241243692887,20.0,2.4482155103895846,0.058080622853135935,calibrated_latent_strength
2023_03,1.0,1.0,1.0,0.5661764705882354,5.1,0.8157572538274883,20.0,0.7098421749720922,0.015627226814043483,calibrated_latent_strength
2023_04,0.0,1.0,2.0,0.7791537667698658,3.2,0.8341629842127403,20.0,2.078389931240712,0.053750083094871746,calibrated_latent_strength
2023_05,1.0,1.0,1.0,0.7699248120300751,2.8,0.8959703846195658,20.0,0.6798770877541966,0.014638818385600074,calibrated_latent_strength
2023_06,1.0,1.0,1.0,0.6140350877192983,4.3,0.806321454830414,20.0,0.6624005053769279,0.014231890483177908,calibrated_latent_strength
2023_07,1.0,1.0,1.0,0.7203007518796991,3.3,0.7184486708452613,20.0,0.5804911429508736,0.011441118571614353,calibrated_latent_strength
2023_08,1.0,1.0,1.0,0.7915376676986584,2.8,0.7852032916936653,20.0,0.4707018308619292,0.008215933639117889,calibrated_latent_strength
2023_09,1.0,1.0,1.0,0.8140350877192982,3.1,0.8316782588101543,20.0,0.38531674344908023,0.0059753421053622205,calibrated_latent_strength
2023_10,1.0,1.0,1.0,0.6676986584107326,4.0,0.7385162258326089,20.0,0.37506445439858127,0.005745042582044694,calibrated_latent_strength
2023_11,1.0,1.0,1.0,0.8328173374613003,3.1,0.7074940474507528,20.0,0.3422166627022551,0.004935791226596882,calibrated_latent_strength
2023_12,1.0,1.0,1.0,0.8864809081527348,3.3,0.812732070818194,20.0,0.3031146384849841,0.003995426126886926,calibrated_latent_strength
2023_13,1.0,1.0,1.0,0.6960784313725491,3.3,0.7140494103307808,20.0,0.28345616008414837,0.0035207823462643393,calibrated_latent_strength
2023_14,1.0,1.0,1.0,0.7812177502579979,3.263157894736842,0.9503498753418869,19.0,0.16103871312508267,0.0013601923692840088,calibrated_latent_strength
2023_15,0.0,1.0,2.0,0.5117647058823529,4.526315789473684,0.6104269873468817,19.0,3.136168868922831,0.08503112282624072,calibrated_latent_strength
2023_16,1.0,1.0,1.0,0.8499999999999999,4.1,0.8391853250139395,20.0,0.340274534094931,0.004996524565712074,calibrated_latent_strength
2023_17,1.0,1.0,1.0,0.7549019607843138,3.0526315789473686,0.8968270142695045,19.0,0.22713347300862383,0.0026354437782206788,calibrated_latent_strength
2023_18,1.0,1.0,1.0,0.502450980392157,5.2,0.9228329600513825,20.0,0.26312831443646695,0.0031330005228929086,calibrated_latent_strength
2023_19,1.0,1.0,1.0,0.7720588235294118,3.263157894736842,0.7976614538661513,19.0,0.23339573499056313,0.002710856594891442,calibrated_latent_strength
2023_20,1.0,1.0,1.0,0.6395604395604396,3.789473684210526,0.8391853250139395,19.0,0.1799112025543362,0.0017996378447443196,calibrated_latent_strength
2023_21,1.0,1.0,1.0,0.8070175438596491,3.2,0.9095565943566785,20.0,0.23981049024349213,0.0027159263957991253,calibrated_latent_strength
2023_22,1.0,1.0,1.0,0.6676691729323309,3.1,0.9311429737414604,20.0,0.26979835820028186,0.00341051289075846,calibrated_latent_strength
2024_01,1.0,1.0,1.0,0.837593984962406,2.3,0.9473512398345234,20.0,0.2523723035808408,0.002968141825562369,calibrated_latent_strength
2024_02,1.0,1.0,1.0,0.7667698658410733,3.8,0.9402683711198732,20.0,0.24068447290588488,0.002783225620299462,calibrated_latent_strength
2024_03,0.0,0.0,4.0,0.5416666666666667,5.052631578947368,0.5108123274667773,19.0,3.176010434398722,0.07922622904327507,calibrated_latent_strength
2024_04,1.0,1.0,1.0,0.9338235294117647,2.0,0.9388755862097978,20.0,0.3609694398968588,0.005530963599853682,calibrated_latent_strength
2024_05,1.0,1.0,1.0,0.9240196078431374,2.8,0.9339092046216405,20.0,0.35663812752193147,0.005396194085890798,calibrated_latent_strength
2024_06,0.0,0.0,5.0,0.7894736842105263,2.9,0.7304460031250662,20.0,3.7754296836951964,0.0738206309433956,calibrated_latent_strength
2024_07,1.0,1.0,1.0,0.7473684210526316,3.3,0.912519623570204,20.0,0.4061438524376578,0.006658197304206724,calibrated_latent_strength
2024_08,0.0,1.0,2.0,0.8676470588235294,3.3,0.5199966198571524,20.0,2.356476719688675,0.06445493369369851,calibrated_latent_strength
2024_09,1.0,1.0,1.0,0.8821428571428571,5.0,0.8207236354156459,20.0,0.5439260295271322,0.0106299205300916,calibrated_latent_strength
2024_10,1.0,1.0,1.0,0.7804511278195487,3.1,0.8573291970546885,20.0,0.493665888060653,0.008891123560457532,calibrated_latent_strength
2024_11,0.0,0.0,5.0,0.4451127819548871,4.4,0.35070510213503236,20.0,3.223570961840305,0.06619007481987788,calibrated_latent_strength
2024_12,0.0,0.0,7.0,0.5273477812177503,4.526315789473684,0.4056439182092857,19.0,3.5406809620335564,0.07042036947725777,calibrated_latent_strength
2024_13,0.0,0.0,6.0,0.8578947368421052,2.1,0.25468414282615587,20.0,2.7436773827533716,0.058691343438760216,calibrated_latent_strength
2024_14,0.0,0.0,6.0,0.5947368421052631,3.7,0.3031998623352895,20.0,2.8115892266168476,0.05756518054986805,calibrated_latent_strength
2024_15,0.0,1.0,2.0,0.8225563909774435,2.4,0.8645478846264829,20.0,2.026759472684314,0.05031325214801263,calibrated_latent_strength
2024_16,0.0,0.0,4.0,0.7964912280701755,3.2,0.5790184504438275,20.0,2.498456142225982,0.05509160497045064,calibrated_latent_strength
2024_17,0.0,1.0,3.0,0.5543859649122806,4.7,0.5445091440074905,20.0,2.0344742277789014,0.047678971183889154,calibrated_latent_strength
2024_18,0.0,1.0,3.0,0.8771929824561402,2.6,0.774430195804811,20.0,1.9205116495226295,0.045201089313694306,calibrated_latent_strength
2024_19,0.0,0.0,4.0,0.8298245614035088,3.3,0.6196963666643673,20.0,2.026845163155235,0.046349032304570104,calibrated_latent_strength
2024_20,0.0,0.0,5.0,0.6568627450980393,4.7,0.5361437905089772,20.0,2.5831058692273916,0.05204594008525289,calibrated_latent_strength
2024_21,1.0,1.0,1.0,0.4035714285714285,5.0,0.690141273854038,18.0,1.2363753352942621,0.033383613515274184,calibrated_latent_strength
2024_22,0.0,0.0,5.0,0.717234262125903,3.6,0.31516947279359525,20.0,2.4805373283224044,0.05216913168777916,calibrated_latent_strength
2024_23,0.0,1.0,3.0,0.43214285714285705,4.4,0.6384188142464245,20.0,1.836907815452565,0.04342887803396615,calibrated_latent_strength
2024_24,1.0,1.0,1.0,0.6642156862745099,3.4,0.7853848191993196,20.0,1.4462015762135985,0.03538349728186737,calibrated_latent_strength
2025_01,1.0,1.0,1.0,0.6395604395604396,4.5,0.9028355767502371,20.0,1.2392687818288946,0.03060591335840982,calibrated_latent_strength
2025_02,0.0,0.0,5.0,0.5058823529411764,5.6,0.6902984273647971,20.0,2.0170454950899024,0.04751690751920371,calibrated_latent_strength
2025_03,0.0,1.0,3.0,0.837593984962406,2.3,0.7998571566789879,20.0,1.9471116224604756,0.04632154504256467,calibrated_latent_strength
2025_04,0.0,1.0,2.0,0.7089783281733747,3.7,0.7373259948886818,20.0,1.7998951804499557,0.04381755415387918,calibrated_latent_strength
2025_05,0.0,1.0,2.0,0.9484004127966976,2.4,0.7273315316582878,20.0,1.5946884382956565,0.0396984491235821,calibrated_latent_strength
2025_06,0.0,1.0,2.0,0.8911764705882352,2.0,0.8560722310017573,20.0,1.4565358845584393,0.03648500598228516,calibrated_latent_strength
2025_07,0.0,1.0,3.0,0.915376676986584,2.6,0.7649943968077365,20.0,1.9863265030548711,0.04640769736562985,calibrated_latent_strength
2025_08,1.0,1.0,1.0,0.5933952528379773,4.3,0.9359476947566552,20.0,1.1955132294970934,0.030326094009174125,calibrated_latent_strength
2025_09,0.0,1.0,2.0,0.7107843137254903,3.6842105263157894,0.8486353216924086,19.0,1.2581846707234454,0.03565419285843765,calibrated_latent_strength
2025_10,0.0,0.0,5.0,0.4303405572755417,4.7,0.47796999931378936,20.0,2.8091324488597214,0.05686688881884268,calibrated_latent_strength
2025_11,0.0,1.0,2.0,0.7176470588235294,4.631578947368421,0.8316840144429573,19.0,1.4434310909693888,0.039331334431204845,calibrated_latent_strength
2025_12,0.0,1.0,2.0,0.3071428571428571,5.052631578947368,0.7665935668357853,19.0,1.196566095502198,0.03304593857228697,calibrated_latent_strength
2025_13,1.0,1.0,1.0,0.5744360902255639,3.8,0.9939247024102634,20.0,1.087153782525721,0.028566217610291787,calibrated_latent_strength
2025_14,0.0,1.0,2.0,0.5719298245614035,4.1,0.8493512133953158,20.0,1.0955009620406106,0.029644591682191412,calibrated_latent_strength
2025_15,0.0,1.0,2.0,0.21362229102167182,6.1,0.5839612673655622,20.0,1.0159524905983113,0.027885735682212844,calibrated_latent_strength
2025_16,0.0,1.0,3.0,0.8493292053663571,2.736842105263158,0.7351687477870975,19.0,2.5183330413521468,0.059377978706329666,calibrated_latent_strength
2025_17,0.0,1.0,3.0,0.7017543859649124,4.5,0.4667281296006492,20.0,2.2918626101639985,0.0531397656086748,calibrated_latent_strength
2025_18,0.0,0.0,4.0,0.8947368421052632,2.3,0.6193192299367019,20.0,2.4854225344633787,0.05312283420656523,calibrated_latent_strength
2025_19,0.0,1.0,3.0,0.7596491228070175,3.5,0.628180082554823,20.0,1.892515985649673,0.04536348950095371,calibrated_latent_strength
2025_20,0.0,1.0,2.0,0.7181372549019608,4.1,0.6542454809249159,20.0,1.351878290529708,0.0338004335184846,calibrated_latent_strength
2025_21,1.0,1.0,1.0,0.6691176470588236,4.7,0.7979996068898434,20.0,1.179440917141856,0.029134588308825322,calibrated_latent_strength
2025_22,0.0,1.0,3.0,0.7464285714285712,4.6,0.5065572710600578,20.0,2.03864289816666,0.04761570169366774,calibrated_latent_strength
2025_23,0.0,1.0,3.0,0.6883384932920537,3.7,0.6126690007597779,20.0,1.8666890845974575,0.046905529888479805,calibrated_latent_strength
2025_24,0.0,1.0,3.0,0.5834586466165413,4.0,0.7351687477870975,20.0,1.7814077718948433,0.04533550864134035,calibrated_latent_strength
2022_01,0.0,0.0,7.0,0.0543859649122807,6.3,0.22389717411359994,20.0,,,championship
2022_02,0.0,0.0,18.0,0.14725274725274726,5.578947368421052,0.4348368705750462,19.0,,,championship
2022_03,1.0,1.0,1.0,0.6348039215686275,4.8,0.7706642043132272,20.0,,,championship
2022_04,0.0,0.0,6.0,0.5170278637770898,5.1,0.18300657198870862,20.0,,,championship
2022_05,0.0,1.0,2.0,0.8088235294117647,3.6,0.8587870123923903,20.0,,,championship
2022_06,0.0,1.0,2.0,0.8493292053663571,3.2,0.6843159707747805,20.0,,,championship
2022_07,0.0,1.0,3.0,0.8210784313725491,3.0,0.6709982431534356,20.0,,,championship
2022_08,1.0,1.0,1.0,0.7735294117647058,4.6,0.9095565943566785,20.0,,,championship
2022_09,1.0,1.0,1.0,0.6838235294117648,4.0,0.8455834752161457,20.0,,,championship
2022_10,0.0,0.0,5.0,0.7494505494505495,4.7,0.5029570677129819,20.0,,,championship
2022_11,0.0,1.0,3.0,0.6960784313725491,4.5,0.6936589879391979,20.0,,,championship
2022_12,1.0,1.0,1.0,0.8294117647058824,3.5,0.780815895013209,20.0,,,championship
2022_13,1.0,1.0,1.0,0.7744360902255639,2.9,0.7777782462183408,20.0,,,championship
2022_14,1.0,1.0,1.0,0.739938080495356,4.3,0.9311429737414604,20.0,,,championship
2022_15,1.0,1.0,1.0,0.8163054695562436,3.1,0.8968270142695045,20.0,,,championship
2022_16,1.0,1.0,1.0,0.7823529411764706,3.6,0.9780121394761891,20.0,,,championship
2022_17,0.0,1.0,3.0,0.3450549450549451,4.0,0.606270835765806,20.0,,,championship
2022_18,1.0,1.0,1.0,0.7502579979360166,3.4,0.9402683711198732,20.0,,,championship
2022_19,1.0,1.0,1.0,0.8480392156862745,3.8,0.8067744002507561,20.0,,,championship
2022_20,1.0,1.0,1.0,0.7824561403508771,2.6,0.7926520648370382,20.0,,,championship
2022_21,0.0,0.0,4.0,0.8504901960784315,3.6,0.45250844346371694,20.0,,,championship
2022_22,1.0,1.0,1.0,0.6894736842105263,3.4,0.9726527483811256,20.0,,,championship
2023_01,1.0,1.0,1.0,0.6960784313725491,4.4,0.8689329622513345,20.0,,,championship
2023_02,0.0,1.0,2.0,0.6346749226006192,4.0,0.8423157852249962,20.0,,,championship
2023_03,1.0,1.0,1.0,0.45098039215686275,5.4,0.8968270142695045,20.0,,,championship
2023_04,0.0,1.0,2.0,0.7440660474716203,2.9,0.798497291646962,20.0,,,championship
2023_05,1.0,1.0,1.0,0.7443609022556391,3.1,0.9716926030087767,20.0,,,championship
2023_06,1.0,1.0,1.0,0.6456140350877193,3.7,0.8718133983683809,20.0,,,championship
2023_07,1.0,1.0,1.0,0.8481203007518796,2.5,0.9215227978213175,20.0,,,championship
2023_08,1.0,1.0,1.0,0.8183694530443757,2.7,0.9095565943566785,20.0,,,championship
2023_09,1.0,1.0,1.0,0.8333333333333334,2.6,0.7869036435967537,20.0,,,championship
2023_10,1.0,1.0,1.0,0.6264189886480908,4.2,0.7452372434390504,20.0,,,championship
2023_11,1.0,1.0,1.0,0.8348813209494325,2.9,0.8042564171934684,20.0,,,championship
2023_12,1.0,1.0,1.0,0.9029927760577915,3.0,0.9257966060082232,20.0,,,championship
2023_13,1.0,1.0,1.0,0.678921568627451,3.4,0.88497558840975,20.0,,,championship
2023_14,1.0,1.0,1.0,0.7378740970072238,3.3684210526315788,0.9458641609955708,19.0,,,championship
2023_15,0.0,0.0,5.0,0.38235294117647056,4.7368421052631575,0.35070510213503236,19.0,,,championship
2023_16,1.0,1.0,1.0,0.7607142857142856,4.1,0.690141273854038,20.0,,,championship
2023_17,1.0,1.0,1.0,0.7450980392156863,3.5789473684210527,0.6876623040842551,19.0,,,championship
2023_18,1.0,1.0,1.0,0.4754901960784314,5.8,0.7799858128652013,20.0,,,championship
2023_19,1.0,1.0,1.0,0.7573529411764707,3.1578947368421053,0.8802890519931065,19.0,,,championship
2023_20,1.0,1.0,1.0,0.6967032967032967,3.473684210526316,0.7799858128652013,19.0,,,championship
2023_21,1.0,1.0,1.0,0.8052631578947368,3.5,0.7759490202022451,20.0,,,championship
2023_22,1.0,1.0,1.0,0.6902255639097743,3.2,0.7206562374921219,20.0,,,championship
2024_01,1.0,1.0,1.0,0.7924812030075187,2.7,0.9119615464966683,20.0,,,championship
2024_02,1.0,1.0,1.0,0.6759545923632612,3.6,0.9632169493840511,20.0,,,championship
2024_03,0.0,0.0,6.0,0.5490196078431373,4.842105263157895,0.20356950746933578,19.0,,,championship
2024_04,1.0,1.0,1.0,0.9534313725490198,2.0,0.9510261813892709,20.0,,,championship
2024_05,1.0,1.0,1.0,0.8946078431372549,2.4,0.9453834937537295,20.0,,,championship
2024_06,0.0,0.0,5.0,0.756140350877193,3.0,0.7189717139929772,20.0,,,championship
2024_07,1.0,1.0,1.0,0.8298245614035088,2.1,0.9058816528019312,20.0,,,championship
2024_08,0.0,1.0,2.0,0.8470588235294119,4.0,0.5161560383677571,20.0,,,championship
2024_09,1.0,1.0,1.0,0.8464285714285712,4.9,0.8435060013771576,20.0,,,championship
2024_10,1.0,1.0,1.0,0.793984962406015,3.0,0.8573291970546885,20.0,,,championship
2024_11,0.0,0.0,7.0,0.4330827067669173,4.7,0.08795983976853798,20.0,,,championship
2024_12,0.0,0.0,8.0,0.543859649122807,4.2105263157894735,0.4348368705750462,19.0,,,championship
2024_13,0.0,0.0,5.0,0.9105263157894736,2.1,0.5248663145019989,20.0,,,championship
2024_14,0.0,0.0,6.0,0.6912280701754386,3.3,0.2833681041770262,20.0,,,championship
2024_15,0.0,1.0,2.0,0.9233082706766916,1.7,0.8706231822162195,20.0,,,championship
2024_16,0.0,1.0,3.0,0.7508771929824561,3.3,0.6033196408027734,20.0,,,championship
2024_17,0.0,0.0,4.0,0.4526315789473684,4.9,0.5202079536485444,20.0,,,championship
2024_18,0.0,1.0,2.0,0.8614035087719297,2.7,0.8341629842127403,20.0,,,championship
2024_19,0.0,1.0,3.0,0.7736842105263159,3.5,0.6709982431534356,20.0,,,championship
2024_20,0.0,0.0,5.0,0.7794117647058825,4.1,0.546775561291016,20.0,,,championship
2024_21,1.0,1.0,1.0,0.47857142857142854,5.0,0.690141273854038,18.0,,,championship
2024_22,0.0,0.0,6.0,0.8369453044375645,3.2,0.11410269234562208,20.0,,,championship
2024_23,1.0,1.0,1.0,0.6357142857142856,4.4,0.9095565943566785,20.0,,,championship
2024_24,0.0,1.0,2.0,0.8480392156862745,2.9,0.6323362341358988,20.0,,,championship
2025_01,0.0,1.0,2.0,0.410989010989011,4.1,0.7571577678387108,20.0,,,championship
2025_02,0.0,0.0,9.0,0.5941176470588235,5.2,0.44679065262940837,20.0,,,championship
2025_03,0.0,1.0,2.0,0.6165413533834586,3.5,0.8341629842127403,20.0,,,championship
2025_04,0.0,1.0,3.0,0.7647058823529412,3.7,0.6344950377090005,20.0,,,championship
2025_05,0.0,1.0,2.0,0.8224974200206397,3.3,0.7273315316582878,20.0,,,championship
2025_06,1.0,1.0,1.0,0.8176470588235294,2.4,0.9854490487855379,20.0,,,championship
2025_07,0.0,1.0,3.0,0.8348813209494325,3.8,0.7003059879158462,20.0,,,championship
2025_08,0.0,1.0,2.0,0.5851393188854489,4.2,0.7418824680809842,20.0,,,championship
2025_09,1.0,1.0,1.0,0.6151960784313726,4.421052631578948,0.974171557986794,19.0,,,championship
2025_10,0.0,0.0,4.0,0.4447884416924664,4.6,0.5310325138187119,20.0,,,championship
2025_11,0.0,1.0,2.0,0.6294117647058822,4.7368421052631575,0.8259231422088646,19.0,,,championship
2025_12,0.0,1.0,2.0,0.5214285714285714,4.315789473684211,0.7681123912332194,19.0,,,championship
2025_13,1.0,1.0,1.0,0.6481203007518795,3.7,0.9881638301761708,20.0,,,championship
2025_14,0.0,1.0,2.0,0.512280701754386,4.2,0.8486353216924086,20.0,,,championship
2025_15,1.0,1.0,1.0,0.2239422084623323,6.1,0.8718133983683809,20.0,,,championship
2025_16,0.0,1.0,3.0,0.7791537667698658,2.9473684210526314,0.7351687477870975,19.0,,,championship
2025_17,0.0,1.0,3.0,0.3596491228070175,5.7,0.481130310185881,20.0,,,championship
2025_18,0.0,0.0,4.0,0.706766917293233,3.5,0.6193192299367019,20.0,,,championship
2025_19,0.0,1.0,3.0,0.6964912280701754,3.6,0.628180082554823,20.0,,,championship
2025_20,0.0,1.0,2.0,0.6299019607843138,4.5,0.6542454809249159,20.0,,,championship
2025_21,1.0,1.0,1.0,0.7500000000000001,3.9,0.7979996068898434,20.0,,,championship
2025_22,0.0,1.0,3.0,0.8642857142857141,4.9,0.5065572710600578,20.0,,,championship
2025_23,0.0,1.0,3.0,0.6904024767801857,4.4,0.6126690007597779,20.0,,,championship
2025_24,0.0,1.0,2.0,0.6556390977443608,3.7,0.7810659043154536,20.0,,,championship
2022_12,1.0,1.0,1.0,0.8323529411764706,2.9,0.9233797900342092,20.0,0.5939875974594678,0.012241326361238123,corrected_practice
2022_13,1.0,1.0,1.0,0.8240601503759398,2.6,0.9443051637828295,20.0,0.6953785887705115,0.015663817634329922,corrected_practice
2022_15,1.0,1.0,1.0,0.8121775025799793,2.9,0.9052359179934604,20.0,0.8761314517603384,0.021038904621295623,corrected_practice
2022_16,1.0,1.0,1.0,0.8058823529411765,3.2,0.9473512398345234,20.0,0.4559475041881442,0.008387462094653466,corrected_practice
2022_17,0.0,0.0,6.0,0.39780219780219783,4.7,0.2610817206603437,20.0,3.9200584539622363,0.07366457684082092,corrected_practice
2022_21,0.0,0.0,6.0,0.8455882352941178,3.9,0.25676104429712554,20.0,3.677800088710233,0.058762730467916045,corrected_practice
2022_22,1.0,1.0,1.0,0.719298245614035,3.3,0.9443051637828295,20.0,1.0155176323583563,0.0242007374189502,corrected_practice
2023_01,1.0,1.0,1.0,0.6936274509803922,4.6,0.9233176362384402,20.0,0.7192900701524645,0.01586587009853508,corrected_practice
2023_02,0.0,0.0,6.0,0.7585139318885449,3.4,0.36502028610394166,20.0,2.588902247610405,0.05388787421531478,corrected_practice
2023_07,1.0,1.0,1.0,0.7488721804511278,3.3,0.8201446505079447,20.0,0.6413729325292741,0.013151484205091293,corrected_practice
2023_08,1.0,1.0,1.0,0.8080495356037152,2.6,0.8802890519931065,20.0,0.8934917261842381,0.020221039180766016,corrected_practice
2023_10,1.0,1.0,1.0,0.6615067079463364,4.0,0.7452372434390504,20.0,0.4112688564223798,0.0066050316363371695,corrected_practice
2023_11,1.0,1.0,1.0,0.8286893704850361,3.5,0.7046136113337064,20.0,0.3651998415320762,0.005571968480155397,corrected_practice
2023_13,1.0,1.0,1.0,0.7230392156862746,3.3,0.8291992890403714,20.0,0.37299141556323123,0.005470942539186053,corrected_practice
2023_15,0.0,0.0,5.0,0.5147058823529412,4.526315789473684,0.4772812570643628,19.0,4.183033885766139,0.09071210634545218,corrected_practice
2023_16,1.0,1.0,1.0,0.8678571428571429,4.1,0.8391853250139395,20.0,0.39171224746097216,0.0062497537016465935,corrected_practice
2024_01,1.0,1.0,1.0,0.831578947368421,2.2,0.9881638301761708,20.0,0.39800921484182045,0.006198046307848312,corrected_practice
2024_02,1.0,1.0,1.0,0.7647058823529412,3.6,0.9402683711198732,20.0,0.4044673273000227,0.0066634701551334845,corrected_practice
2024_03,0.0,0.0,4.0,0.5686274509803922,4.7368421052631575,0.5108123274667773,19.0,2.8813214338778708,0.0710474397649592,corrected_practice
2024_07,1.0,1.0,1.0,0.7333333333333334,3.4,0.7816188277077358,20.0,0.5512213988439538,0.010383210132746751,corrected_practice
2024_08,0.0,0.0,7.0,0.8676470588235294,3.2,0.23212456512366741,20.0,3.833349845095597,0.06981387210319687,corrected_practice
2024_10,1.0,1.0,1.0,0.7969924812030074,3.0,0.8573291970546885,20.0,0.9275891993349007,0.021037329456405022,corrected_practice
2024_12,0.0,0.0,8.0,0.5314757481940144,4.631578947368421,0.43635569497248033,19.0,3.0330219177472326,0.05838568157468624,corrected_practice
2024_13,0.0,0.0,4.0,0.8666666666666666,2.1,0.5546308210448115,20.0,2.2434814034408195,0.048909242004895236,corrected_practice
2024_14,0.0,1.0,3.0,0.7333333333333334,2.8,0.560681246230463,20.0,2.2186684270378922,0.051835367574542116,corrected_practice
2024_15,0.0,1.0,2.0,0.8556390977443609,2.2,0.8557493635975221,20.0,1.5817312192418094,0.038588468694680494,corrected_practice
2024_16,0.0,1.0,3.0,0.8333333333333334,3.1,0.5778926799285966,20.0,2.132120966508647,0.04903567498778831,corrected_practice
2024_24,1.0,1.0,1.0,0.6740196078431374,3.5,0.7494708492271175,20.0,1.4902224664696724,0.035683331945133824,corrected_practice
2025_01,1.0,1.0,1.0,0.665934065934066,4.5,0.9458641609955708,20.0,1.3322165580033518,0.03255055772780404,corrected_practice
2025_04,0.0,1.0,2.0,0.7110423116615068,3.7,0.7418824680809842,20.0,1.3773813511390962,0.03465084662044171,corrected_practice
2025_07,0.0,0.0,4.0,0.9112487100103198,2.6,0.7179108404872787,20.0,2.6206440395717974,0.05330014529784387,corrected_practice
2025_09,0.0,0.0,4.0,0.7573529411764707,3.5789473684210527,0.6978308345061229,19.0,2.456041799438999,0.05599223783503473,corrected_practice
2025_10,0.0,0.0,5.0,0.4654282765737873,4.6,0.4809646110841703,20.0,2.5221415133364475,0.0528842526290099,corrected_practice
2025_11,0.0,1.0,2.0,0.7235294117647059,4.526315789473684,0.8423157852249962,19.0,1.307984347754542,0.035008538510320694,corrected_practice
2025_12,1.0,1.0,1.0,0.3107142857142856,4.631578947368421,0.9213973454937426,19.0,1.3131174619545738,0.034578490549803484,corrected_practice
2025_14,0.0,1.0,2.0,0.6315789473684211,3.5,0.8560722310017573,20.0,1.5296269463334378,0.03714137226261822,corrected_practice
2025_15,0.0,1.0,2.0,0.29411764705882354,6.2,0.5954830118337476,20.0,1.4930045905367606,0.04089820249771626,corrected_practice
2025_16,0.0,1.0,3.0,0.9360165118679051,2.1052631578947367,0.8017774474236854,19.0,1.9779319661227595,0.04838255952599122,corrected_practice
2025_20,1.0,1.0,1.0,0.7426470588235294,3.9,0.912519623570204,20.0,1.423568515346991,0.03338741114371606,corrected_practice
2022_01,0.0,0.0,6.0,0.0894736842105263,6.4,0.3176840784407477,20.0,,,form5
2022_02,0.0,1.0,2.0,0.3186813186813187,4.7368421052631575,0.6467384147211306,19.0,,,form5
2022_03,0.0,0.0,4.0,0.42401960784313725,5.7,0.3582375092763581,20.0,,,form5
2022_04,0.0,0.0,6.0,0.28792569659442724,6.1,0.008475653624725625,20.0,,,form5
2022_05,0.0,0.0,6.0,0.8137254901960784,4.1,0.33959332522976476,20.0,,,form5
2022_06,0.0,0.0,5.0,0.7337461300309597,4.2,0.5332627820239124,20.0,,,form5
2022_07,1.0,1.0,1.0,0.7401960784313727,3.3,0.7979996068898434,20.0,,,form5
2022_08,0.0,1.0,3.0,0.5882352941176471,4.6,0.7649943968077365,20.0,,,form5
2022_09,1.0,1.0,1.0,0.6936274509803922,3.9,0.778101113622576,20.0,,,form5
2022_10,0.0,0.0,5.0,0.7230769230769231,4.9,0.4809646110841703,20.0,,,form5
2022_11,0.0,0.0,11.0,0.45833333333333337,5.4,0.4508280324521487,20.0,,,form5
2022_12,1.0,1.0,1.0,0.9382352941176471,2.2,0.9525851786020122,20.0,,,form5
2022_13,1.0,1.0,1.0,0.8601503759398496,2.3,0.9632169493840511,20.0,,,form5
2022_14,1.0,1.0,1.0,0.7688338493292053,3.8,0.7841764112123126,20.0,,,form5
2022_15,1.0,1.0,1.0,0.8864809081527348,1.8,0.8706688760729636,20.0,,,form5
2022_16,1.0,1.0,1.0,0.8117647058823528,4.2,0.914038447967638,20.0,,,form5
2022_17,0.0,1.0,3.0,0.3274725274725274,4.9,0.4056439182092857,20.0,,,form5
2022_18,1.0,1.0,1.0,0.6470588235294118,4.4,0.9402683711198732,20.0,,,form5
2022_19,1.0,1.0,1.0,0.8137254901960784,3.5,0.8182486893828451,20.0,,,form5
2022_20,1.0,1.0,1.0,0.7210526315789473,3.3,0.9228329600513825,20.0,,,form5
2022_21,0.0,0.0,5.0,0.7720588235294118,4.5,0.44575183435520294,20.0,,,form5
2022_22,1.0,1.0,1.0,0.7140350877192982,3.1,0.9487440247445988,20.0,,,form5
2023_01,1.0,1.0,1.0,0.49509803921568635,5.5,0.8519816550018832,20.0,,,form5
2023_02,0.0,1.0,2.0,0.7234262125902993,3.7,0.7994574370193108,20.0,,,form5
2023_03,1.0,1.0,1.0,0.44852941176470595,5.7,0.8201446505079447,20.0,,,form5
2023_04,0.0,1.0,2.0,0.7564499484004128,3.6,0.7935393521073962,20.0,,,form5
2023_05,1.0,1.0,1.0,0.8345864661654135,2.5,0.9635398019965208,20.0,,,form5
2023_06,1.0,1.0,1.0,0.5157894736842105,4.8,0.8718133983683809,20.0,,,form5
2023_07,1.0,1.0,1.0,0.8240601503759398,2.5,0.8802890519931065,20.0,,,form5
2023_08,1.0,1.0,1.0,0.8410732714138286,2.3,0.9716926030087767,20.0,,,form5
2023_09,1.0,1.0,1.0,0.7157894736842104,3.1,0.7523394215101398,20.0,,,form5
2023_10,1.0,1.0,1.0,0.5294117647058824,4.2,0.7558690142210893,20.0,,,form5
2023_11,1.0,1.0,1.0,0.8534571723426212,3.3,0.7206562374921219,20.0,,,form5
2023_12,1.0,1.0,1.0,0.8472652218782251,3.3,0.9537409627799038,20.0,,,form5
2023_13,1.0,1.0,1.0,0.6446078431372549,4.0,0.8477910418630064,20.0,,,form5
2023_14,1.0,1.0,1.0,0.8307533539731682,2.6315789473684212,0.8865345856224913,19.0,,,form5
2023_15,0.0,0.0,8.0,0.39999999999999997,4.631578947368421,0.2401285955066931,19.0,,,form5
2023_16,1.0,1.0,1.0,0.8571428571428571,3.9,0.8316782588101543,20.0,,,form5
2023_17,1.0,1.0,1.0,0.661764705882353,4.0,0.7653048132181637,19.0,,,form5
2023_18,1.0,1.0,1.0,0.37009803921568635,5.9,0.9525851786020122,20.0,,,form5
2023_19,1.0,1.0,1.0,0.7254901960784315,3.473684210526316,0.7919243093001068,19.0,,,form5
2023_20,1.0,1.0,1.0,0.3494505494505495,4.947368421052632,0.8865345856224913,19.0,,,form5
2023_21,1.0,1.0,1.0,0.6350877192982456,4.7,0.6791866504595295,20.0,,,form5
2023_22,1.0,1.0,1.0,0.6661654135338345,3.5,0.795119170772797,20.0,,,form5
2024_01,1.0,1.0,1.0,0.7593984962406014,2.9,0.9122713757473114,20.0,,,form5
2024_02,1.0,1.0,1.0,0.6759545923632612,4.1,0.9174860051583612,20.0,,,form5
2024_03,0.0,0.0,6.0,0.5441176470588236,5.578947368421052,0.1781425465951589,19.0,,,form5
2024_04,0.0,1.0,3.0,0.8946078431372549,2.5,0.6719985761328573,20.0,,,form5
2024_05,0.0,1.0,3.0,0.8848039215686275,2.7,0.6436204202956478,20.0,,,form5
2024_06,0.0,0.0,4.0,0.7385964912280703,3.1,0.6277948835614274,20.0,,,form5
2024_07,0.0,0.0,5.0,0.736842105263158,3.1,0.5686015982402387,20.0,,,form5
2024_08,0.0,1.0,2.0,0.8558823529411764,4.0,0.5709291701320657,20.0,,,form5
2024_09,1.0,1.0,1.0,0.8142857142857142,4.4,0.9458641609955708,20.0,,,form5
2024_10,1.0,1.0,1.0,0.900751879699248,1.6,0.9881638301761708,20.0,,,form5
2024_11,0.0,0.0,4.0,0.4601503759398496,4.3,0.3472828858818496,20.0,,,form5
2024_12,0.0,0.0,4.0,0.6449948400412797,4.421052631578948,0.7219476331502349,19.0,,,form5
2024_13,0.0,1.0,3.0,0.8280701754385964,2.9,0.5998019267176137,20.0,,,form5
2024_14,0.0,1.0,2.0,0.5859649122807017,3.5,0.6680019562852084,20.0,,,form5
2024_15,0.0,0.0,5.0,0.8556390977443609,2.3,0.47796999931378936,20.0,,,form5
2024_16,0.0,0.0,6.0,0.7087719298245614,3.5,0.43009886987708956,20.0,,,form5
2024_17,1.0,1.0,1.0,0.5263157894736842,4.3,0.8572268408600807,20.0,,,form5
2024_18,0.0,1.0,3.0,0.7842105263157895,3.5,0.6483182333865314,20.0,,,form5
2024_19,0.0,1.0,2.0,0.8543859649122807,3.2,0.5493427759555183,20.0,,,form5
2024_20,0.0,0.0,6.0,0.6960784313725491,4.1,0.3691883163108071,20.0,,,form5
2024_21,0.0,0.0,4.0,0.3178571428571428,5.555555555555555,0.3398459765725009,18.0,,,form5
2024_22,0.0,0.0,4.0,0.7585139318885449,3.6,0.37206070495388893,20.0,,,form5
2024_23,1.0,1.0,1.0,0.7071428571428571,4.2,0.9148419826137146,20.0,,,form5
2024_24,0.0,0.0,4.0,0.7892156862745099,3.5,0.5839639241978194,20.0,,,form5
2025_01,0.0,0.0,4.0,0.2175824175824176,4.6,0.5765400678338286,20.0,,,form5
2025_02,0.0,0.0,6.0,0.6205882352941177,5.9,0.2896249144806512,20.0,,,form5
2025_03,0.0,1.0,2.0,0.7278195488721804,3.3,0.6740772390831792,20.0,,,form5
2025_04,0.0,0.0,4.0,0.7729618163054695,3.9,0.5535914895696505,20.0,,,form5
2025_05,0.0,0.0,4.0,0.869969040247678,3.2,0.536380055871517,20.0,,,form5
2025_06,0.0,1.0,3.0,0.8823529411764707,2.2,0.7757522070771342,20.0,,,form5
2025_07,0.0,1.0,3.0,0.8802889576883385,3.5,0.7003059879158462,20.0,,,form5
2025_08,0.0,1.0,2.0,0.6697626418988648,4.2,0.7418824680809842,20.0,,,form5
2025_09,1.0,1.0,1.0,0.5931372549019609,4.2105263157894735,0.9780121394761891,19.0,,,form5
2025_10,0.0,0.0,6.0,0.4633642930856553,5.2,0.218219348717676,20.0,,,form5
2025_11,0.0,0.0,4.0,0.7323529411764707,4.526315789473684,0.7063064881308485,19.0,,,form5
2025_12,0.0,1.0,3.0,0.33928571428571425,4.631578947368421,0.6965394240562441,19.0,,,form5
2025_13,1.0,1.0,1.0,0.6345864661654135,3.7,0.9610608322267378,20.0,,,form5
2025_14,0.0,1.0,2.0,0.6456140350877193,4.3,0.8592670924744475,20.0,,,form5
2025_15,1.0,1.0,1.0,0.07739938080495357,6.8,0.7120505206430552,20.0,,,form5
2025_16,0.0,0.0,4.0,0.7192982456140351,3.473684210526316,0.6896040158640737,19.0,,,form5
2025_17,0.0,1.0,2.0,0.3578947368421052,5.5,0.5700560509595708,20.0,,,form5
2025_18,0.0,1.0,2.0,0.7052631578947368,3.2,0.8560722310017573,20.0,,,form5
2025_19,1.0,1.0,1.0,0.6157894736842106,4.4,0.8910078341832338,20.0,,,form5
2025_20,0.0,1.0,3.0,0.786764705882353,3.4,0.6295286561208432,20.0,,,form5
2025_21,0.0,1.0,2.0,0.7058823529411765,4.8,0.6147476637100998,20.0,,,form5
2025_22,1.0,1.0,1.0,0.7249999999999999,4.4,0.9349835552308554,20.0,,,form5
2025_23,1.0,1.0,1.0,0.6470588235294118,4.5,0.7214863196401295,20.0,,,form5
2025_24,1.0,1.0,1.0,0.6285714285714286,3.9,0.795119170772797,20.0,,,form5
2022_01,0.0,0.0,10.0,0.19298245614035087,5.5,0.2610817206603437,20.0,,,last_race
2022_02,0.0,0.0,18.0,0.14725274725274726,5.578947368421052,0.4348368705750462,19.0,,,last_race
2022_03,0.0,1.0,2.0,0.7475490196078433,4.3,0.6293856263326502,20.0,,,last_race
2022_04,0.0,0.0,18.0,0.17027863777089783,4.8,0.29954138071956693,20.0,,,last_race
2022_05,1.0,1.0,1.0,0.3921568627450981,5.3,0.7300920364891963,20.0,,,last_race
2022_06,1.0,1.0,1.0,0.6924664602683178,3.6,0.9129170809722509,20.0,,,last_race
2022_07,0.0,1.0,2.0,0.6470588235294119,3.1,0.7343754018771991,20.0,,,last_race
2022_08,0.0,1.0,3.0,0.8323529411764706,4.3,0.7275616024381004,20.0,,,last_race
2022_09,1.0,1.0,1.0,0.16911764705882354,5.7,0.778101113622576,20.0,,,last_race
2022_10,0.0,1.0,2.0,0.37142857142857144,6.2,0.5306283906391913,20.0,,,last_race
2022_11,0.0,0.0,4.0,0.47794117647058826,6.0,0.3691921326708667,20.0,,,last_race
2022_12,0.0,1.0,2.0,0.36764705882352944,5.0,0.6588890099006036,20.0,,,last_race
2022_13,1.0,1.0,1.0,0.78796992481203,2.2,0.9980797092553024,20.0,,,last_race
2022_14,1.0,1.0,1.0,0.8555211558307534,2.8,0.9052359179934604,20.0,,,last_race
2022_15,1.0,1.0,1.0,0.6429308565531475,3.2,0.8345468310931765,20.0,,,last_race
2022_16,1.0,1.0,1.0,0.8352941176470589,3.6,0.9497041701169476,20.0,,,last_race
2022_17,0.0,0.0,6.0,0.2,4.9,0.27339852814248283,20.0,,,last_race
2022_18,0.0,0.0,7.0,0.36016511867905054,5.7,0.4254010715779718,20.0,,,last_race
2022_19,1.0,1.0,1.0,0.7254901960784315,3.5,0.9244734056245661,20.0,,,last_race
2022_20,1.0,1.0,1.0,0.46315789473684205,4.5,0.9780121394761891,20.0,,,last_race
2022_21,0.0,0.0,4.0,0.7009803921568628,3.9,0.5591872794453482,20.0,,,last_race
2022_22,0.0,0.0,6.0,0.443859649122807,4.8,0.19631010192865894,20.0,,,last_race
2023_01,1.0,1.0,1.0,0.4387254901960785,5.0,0.8718133983683809,20.0,,,last_race
2023_02,0.0,1.0,2.0,0.632610939112487,4.0,0.8423157852249962,20.0,,,last_race
2023_03,0.0,1.0,2.0,0.2916666666666667,5.5,0.6542454809249159,20.0,,,last_race
2023_04,0.0,0.0,5.0,0.38906088751289986,4.9,0.6242478343852762,20.0,,,last_race
2023_05,0.0,1.0,2.0,0.7503759398496239,3.3,0.8316840144429573,20.0,,,last_race
2023_06,1.0,1.0,1.0,0.5614035087719299,4.1,0.8529418003742321,20.0,,,last_race
2023_07,1.0,1.0,1.0,0.5338345864661653,4.3,0.8800532107887252,20.0,,,last_race
2023_08,1.0,1.0,1.0,0.6635706914344685,3.7,0.7844246738269707,20.0,,,last_race
2023_09,1.0,1.0,1.0,0.6228070175438596,4.0,0.8345468310931765,20.0,,,last_race
2023_10,1.0,1.0,1.0,0.6140350877192982,3.9,0.8207236354156459,20.0,,,last_race
2023_11,1.0,1.0,1.0,0.869969040247678,2.0,0.9288342548030913,20.0,,,last_race
2023_12,1.0,1.0,1.0,0.7192982456140351,4.1,0.8718133983683809,20.0,,,last_race
2023_13,1.0,1.0,1.0,0.4264705882352942,5.2,0.8477910418630064,20.0,,,last_race
2023_14,1.0,1.0,1.0,0.37254901960784315,4.7368421052631575,0.8800532107887252,19.0,,,last_race
2023_15,0.0,1.0,3.0,0.411764705882353,4.105263157894737,0.38980996901000503,19.0,,,last_race
2023_16,0.0,0.0,5.0,0.5964285714285712,4.2,0.5093552179151881,20.0,,,last_race
2023_17,1.0,1.0,1.0,0.6764705882352942,3.6842105263157894,0.9497041701169476,19.0,,,last_race
2023_18,1.0,1.0,1.0,0.37500000000000006,6.1,0.8529418003742321,20.0,,,last_race
2023_19,1.0,1.0,1.0,0.06372549019607844,5.894736842105263,0.725873716320586,19.0,,,last_race
2023_20,1.0,1.0,1.0,0.032967032967032975,5.368421052631579,0.8207236354156459,19.0,,,last_race
2023_21,1.0,1.0,1.0,0.38947368421052625,5.1,0.753712897063776,20.0,,,last_race
2023_22,1.0,1.0,1.0,0.47518796992481205,4.3,0.919398455806017,20.0,,,last_race
2024_01,1.0,1.0,1.0,0.6556390977443608,3.3,0.8731478458427466,20.0,,,last_race
2024_02,1.0,1.0,1.0,0.6759545923632612,3.6,0.9632169493840511,20.0,,,last_race
2024_03,0.0,0.0,19.0,0.26470588235294124,5.2631578947368425,0.20644994358638216,19.0,,,last_race
2024_04,0.0,0.0,19.0,0.45833333333333337,4.6,0.3329237423211049,20.0,,,last_race
2024_05,1.0,1.0,1.0,0.8946078431372549,2.5,0.9423458449588613,20.0,,,last_race
2024_06,0.0,1.0,2.0,0.7964912280701755,2.6,0.8645478846264829,20.0,,,last_race
2024_07,0.0,1.0,2.0,0.6894736842105263,3.1,0.8423157852249962,20.0,,,last_race
2024_08,0.0,1.0,3.0,0.7264705882352941,4.3,0.5819294725915527,20.0,,,last_race
2024_09,0.0,0.0,6.0,0.7142857142857142,5.3,0.2146897560067264,20.0,,,last_race
2024_10,1.0,1.0,1.0,0.5488721804511278,3.7,0.9854490487855379,20.0,,,last_race
2024_11,0.0,0.0,4.0,0.5067669172932331,4.2,0.3472828858818496,20.0,,,last_race
2024_12,0.0,0.0,4.0,0.3498452012383901,5.368421052631579,0.47206878370729227,19.0,,,last_race
2024_13,0.0,0.0,4.0,0.5701754385964912,3.7,0.6240170430275853,20.0,,,last_race
2024_14,0.0,1.0,3.0,0.6947368421052632,2.9,0.7735327765962495,20.0,,,last_race
2024_15,0.0,0.0,5.0,0.7022556390977444,3.3,0.5224341981167627,20.0,,,last_race
2024_16,0.0,1.0,3.0,0.7684210526315789,3.2,0.6599219985831773,20.0,,,last_race
2024_17,0.0,1.0,2.0,0.5894736842105263,3.5,0.7900216380222365,20.0,,,last_race
2024_18,0.0,0.0,4.0,0.7210526315789473,3.9,0.6196963666643673,20.0,,,last_race
2024_19,0.0,0.0,5.0,0.7157894736842104,4.0,0.43618999587076973,20.0,,,last_race
2024_20,0.0,1.0,2.0,0.5343137254901961,4.2,0.7234207784826905,20.0,,,last_race
2024_21,0.0,0.0,6.0,0.5178571428571428,5.444444444444445,0.036381584268685416,18.0,,,last_race
2024_22,0.0,0.0,4.0,0.32094943240454077,5.3,0.3398459765725009,20.0,,,last_race
2024_23,0.0,0.0,5.0,0.43214285714285705,5.0,0.4700099876896618,20.0,,,last_race
2024_24,0.0,0.0,10.0,0.5269607843137256,4.3,0.10619816873978996,20.0,,,last_race
2025_01,1.0,1.0,1.0,0.4901098901098901,4.5,0.7385162258326089,20.0,,,last_race
2025_02,0.0,0.0,9.0,0.611764705882353,5.0,0.44679065262940837,20.0,,,last_race
2025_03,0.0,0.0,4.0,0.3714285714285714,4.9,0.6641770549898969,20.0,,,last_race
2025_04,0.0,1.0,3.0,0.762641898864809,3.2,0.5917978963345879,20.0,,,last_race
2025_05,1.0,1.0,1.0,0.7481940144478844,4.1,0.7919243093001068,20.0,,,last_race
2025_06,1.0,1.0,1.0,0.85,2.7,0.9215227978213175,20.0,,,last_race
2025_07,0.0,0.0,4.0,0.9401444788441692,2.7,0.6616980852201141,20.0,,,last_race
2025_08,0.0,1.0,2.0,0.6883384932920537,4.0,0.58036496912914,20.0,,,last_race
2025_09,0.0,1.0,3.0,0.44117647058823534,4.631578947368421,0.7649943968077365,19.0,,,last_race
2025_10,0.0,0.0,4.0,0.21362229102167182,5.1,0.3691921326708667,20.0,,,last_race
2025_11,0.0,0.0,17.0,0.37058823529411766,4.947368421052632,0.22277580711821268,19.0,,,last_race
2025_12,1.0,1.0,1.0,0.36428571428571427,5.157894736842105,0.9148419826137146,19.0,,,last_race
2025_13,0.0,1.0,2.0,0.5278195488721804,4.3,0.7825847287128878,20.0,,,last_race
2025_14,0.0,1.0,2.0,0.5473684210526315,4.5,0.8493512133953158,20.0,,,last_race
2025_15,0.0,1.0,2.0,0.11042311661506708,6.4,0.46138293618698023,20.0,,,last_race
2025_16,0.0,1.0,2.0,0.07533539731682146,6.0,0.5913195925236486,19.0,,,last_race
2025_17,1.0,1.0,1.0,0.7,4.2,0.806321454830414,20.0,,,last_race
2025_18,0.0,1.0,2.0,0.5203007518796992,4.2,0.7665935668357853,20.0,,,last_race
2025_19,0.0,1.0,2.0,0.7175438596491229,3.4,0.6022742159181571,20.0,,,last_race
2025_20,0.0,1.0,2.0,0.8333333333333335,4.1,0.7546787980689279,20.0,,,last_race
2025_21,1.0,1.0,1.0,0.6053921568627452,5.0,0.7643446678458149,20.0,,,last_race
2025_22,0.0,1.0,3.0,0.3928571428571428,5.5,0.5778926799285966,20.0,,,last_race
2025_23,1.0,1.0,1.0,0.24045407636738902,5.7,0.7494708492271175,20.0,,,last_race
2025_24,1.0,1.0,1.0,0.4812030075187969,4.7,0.9525851786020122,20.0,,,last_race
2022_01,0.0,0.0,7.0,0.09298245614035087,6.4,0.31336340207752955,20.0,2.8361677038826527,0.048547617499999994,plackett_luce
2022_02,0.0,1.0,2.0,0.6967032967032967,3.5789473684210527,0.6326590867483685,19.0,2.221005106001623,0.04531716763157895,plackett_luce
2022_03,0.0,0.0,4.0,0.786764705882353,4.9,0.38470321446591194,20.0,2.272055887959223,0.043521859749999996,plackett_luce
2022_04,1.0,1.0,1.0,0.541795665634675,5.6,0.806321454830414,20.0,2.2344592639464453,0.043130697249999995,plackett_luce
2022_05,1.0,1.0,1.0,0.875,3.3,0.9854490487855379,20.0,2.1004609089039112,0.041570297750000006,plackett_luce
2022_06,1.0,1.0,1.0,0.9133126934984519,2.8,0.8802890519931065,20.0,2.005819401809222,0.04056446600000001,plackett_luce
2022_07,0.0,1.0,3.0,0.8627450980392157,2.3,0.6759646247415929,20.0,2.138767007764651,0.042444790499999996,plackett_luce
2022_08,1.0,1.0,1.0,0.8088235294117646,4.0,0.9028355767502371,20.0,1.8944568674663975,0.0394677415,plackett_luce
2022_09,1.0,1.0,1.0,0.7279411764705883,3.9,0.8571052196843313,20.0,1.7817101333750536,0.037869003500000005,plackett_luce
2022_10,0.0,1.0,2.0,0.7274725274725276,5.0,0.5030453126077012,20.0,2.0110355090157754,0.04264435775,plackett_luce
2022_11,0.0,0.0,5.0,0.8382352941176472,3.6,0.6963737249545335,20.0,2.7846613034740506,0.049673586000000006,plackett_luce
2022_12,1.0,1.0,1.0,0.7970588235294117,3.4,0.9233797900342092,20.0,1.4623118475438066,0.0325303145,plackett_luce
2022_13,1.0,1.0,1.0,0.7999999999999999,2.6,0.9510261813892709,20.0,1.4449833574685702,0.032193035499999995,plackett_luce
2022_14,1.0,1.0,1.0,0.7254901960784313,4.3,0.8042564171934684,20.0,1.508461995094098,0.033396062750000004,plackett_luce
2022_15,1.0,1.0,1.0,0.7729618163054695,3.0,0.9311429737414604,20.0,1.448169764837978,0.032159199,plackett_luce
2022_16,1.0,1.0,1.0,0.7705882352941176,3.6,0.9339092046216405,20.0,1.439695137847006,0.03204839625,plackett_luce
2022_17,0.0,0.0,6.0,0.367032967032967,5.0,0.2610817206603437,20.0,2.6809215337139576,0.0490924775,plackett_luce
2022_18,1.0,1.0,1.0,0.6119711042311662,3.9,0.8924396175890481,20.0,1.554239751969338,0.03452001225,plackett_luce
2022_19,1.0,1.0,1.0,0.8014705882352942,3.6,0.9228329600513825,20.0,1.5223432055831665,0.03374579825,plackett_luce
2022_20,1.0,1.0,1.0,0.7456140350877193,2.8,0.8861952434874656,20.0,1.5139004857250367,0.03361510350000001,plackett_luce
2022_21,0.0,0.0,6.0,0.8308823529411766,4.0,0.25676104429712554,20.0,2.5288585373171832,0.04761438625,plackett_luce
2022_22,1.0,1.0,1.0,0.6859649122807018,3.7,0.9443051637828295,20.0,1.548578024177338,0.03435932725,plackett_luce
2023_01,1.0,1.0,1.0,0.573529411764706,5.1,0.8706688760729636,20.0,1.565899610419617,0.03449035600000001,plackett_luce
2023_02,0.0,0.0,4.0,0.7502579979360166,3.1,0.6296241243692887,20.0,2.186136280350799,0.04406042875,plackett_luce
2023_03,1.0,1.0,1.0,0.5514705882352942,5.3,0.690141273854038,20.0,1.593072558347836,0.034871139499999995,plackett_luce
2023_04,0.0,1.0,2.0,0.7729618163054695,3.2,0.8341629842127403,20.0,2.104144154320208,0.042771824,plackett_luce
2023_05,1.0,1.0,1.0,0.7654135338345864,2.9,0.8959703846195658,20.0,1.6071904398936212,0.03505534849999999,plackett_luce
2023_06,1.0,1.0,1.0,0.6140350877192983,4.3,0.806321454830414,20.0,1.640928579525471,0.035584808,plackett_luce
2023_07,1.0,1.0,1.0,0.7203007518796991,3.3,0.7184486708452613,20.0,1.6631024370197933,0.03570450825,plackett_luce
2023_08,1.0,1.0,1.0,0.7874097007223942,2.8,0.7852032916936653,20.0,1.636295366603983,0.03512013499999999,plackett_luce
2023_09,1.0,1.0,1.0,0.7964912280701755,3.2,0.8316782588101543,20.0,1.5594579801290795,0.033794744749999994,plackett_luce
2023_10,1.0,1.0,1.0,0.6676986584107326,4.0,0.7385162258326089,20.0,1.5647035810939296,0.033878146500000005,plackett_luce
2023_11,1.0,1.0,1.0,0.8328173374613003,3.1,0.7074940474507528,20.0,1.564942672547549,0.03387300124999999,plackett_luce
2023_12,1.0,1.0,1.0,0.869969040247678,3.5,0.7865767672473016,20.0,1.5438842816946616,0.0334595605,plackett_luce
2023_13,1.0,1.0,1.0,0.6960784313725491,3.3,0.7140494103307808,20.0,1.443923473956527,0.03198376275,plackett_luce
2023_14,1.0,1.0,1.0,0.7812177502579979,3.263157894736842,0.9503498753418869,19.0,1.2442741010994616,0.02963449447368421,plackett_luce
2023_15,0.0,1.0,2.0,0.5117647058823529,4.526315789473684,0.6104269873468817,19.0,2.270602047140995,0.04884705815789474,plackett_luce
2023_16,1.0,1.0,1.0,0.8428571428571429,4.1,0.8391853250139395,20.0,1.48368670712854,0.032979779,plackett_luce
2023_17,1.0,1.0,1.0,0.7254901960784315,3.263157894736842,0.7696922098986201,19.0,1.3432348716594436,0.03192488710526315,plackett_luce
2023_18,1.0,1.0,1.0,0.502450980392157,5.2,0.9228329600513825,20.0,1.4672875203294224,0.03253104525,plackett_luce
2023_19,1.0,1.0,1.0,0.7720588235294118,3.263157894736842,0.7976614538661513,19.0,1.4426530947892748,0.03379548473684211,plackett_luce
2023_20,1.0,1.0,1.0,0.6395604395604396,3.789473684210526,0.8391853250139395,19.0,1.3971531044547665,0.03266037815789474,plackett_luce
2023_21,1.0,1.0,1.0,0.8035087719298245,3.2,0.9095565943566785,20.0,1.542246662893777,0.03351686724999999,plackett_luce
2023_22,1.0,1.0,1.0,0.6676691729323309,3.1,0.9311429737414604,20.0,1.5935645632778104,0.0343915385,plackett_luce
2024_01,1.0,1.0,1.0,0.8345864661654135,2.4,0.9473512398345234,20.0,1.675844844631699,0.03544768449999999,plackett_luce
2024_02,1.0,1.0,1.0,0.7667698658410733,3.8,0.9402683711198732,20.0,1.6552201050892281,0.03498964750000001,plackett_luce
2024_03,0.0,0.0,4.0,0.5441176470588236,5.052631578947368,0.5108123274667773,19.0,2.4557362724882204,0.04811770131578947,plackett_luce
2024_04,1.0,1.0,1.0,0.9338235294117647,2.0,0.9388755862097978,20.0,1.7834937248110223,0.0371726735,plackett_luce
2024_05,1.0,1.0,1.0,0.9240196078431374,2.8,0.9339092046216405,20.0,1.7675547805312375,0.036987020249999995,plackett_luce
2024_06,0.0,0.0,5.0,0.7842105263157895,2.9,0.7189717139929772,20.0,2.6401579350592916,0.047083126999999995,plackett_luce
2024_07,1.0,1.0,1.0,0.7508771929824561,3.2,0.8924396175890481,20.0,1.7628805096776783,0.0369659565,plackett_luce
2024_08,0.0,1.0,2.0,0.8794117647058824,3.4,0.5199966198571524,20.0,2.294616923344869,0.04400183349999999,plackett_luce
2024_09,1.0,1.0,1.0,0.8785714285714284,5.0,0.8207236354156459,20.0,1.8353979262578846,0.038062974250000006,plackett_luce
2024_10,1.0,1.0,1.0,0.7909774436090224,3.0,0.8573291970546885,20.0,1.8294613364120664,0.03785839925,plackett_luce
2024_11,0.0,0.0,5.0,0.4451127819548871,4.4,0.35070510213503236,20.0,2.5383074265151158,0.04607095074999999,plackett_luce
2024_12,0.0,0.0,8.0,0.4984520123839009,4.526315789473684,0.41475686459389044,19.0,2.6380578292821752,0.049432501052631576,plackett_luce
2024_13,0.0,0.0,6.0,0.8596491228070176,2.1,0.25468414282615587,20.0,2.42305924646192,0.04518584075,plackett_luce
2024_14,0.0,0.0,6.0,0.5947368421052631,3.7,0.3031998623352895,20.0,2.520741102797216,0.0460175,plackett_luce
2024_15,0.0,1.0,2.0,0.819548872180451,2.5,0.8587870123923903,20.0,2.2681836662767134,0.043698682499999995,plackett_luce
2024_16,0.0,0.0,4.0,0.7964912280701755,3.2,0.5790184504438275,20.0,2.4621671628185107,0.045607704,plackett_luce
2024_17,0.0,1.0,3.0,0.543859649122807,4.8,0.5445091440074905,20.0,2.2353938434537226,0.04337197025,plackett_luce
2024_18,0.0,1.0,3.0,0.8771929824561402,2.6,0.774430195804811,20.0,2.2523673768334285,0.043421469000000004,plackett_luce
2024_19,0.0,0.0,4.0,0.8298245614035088,3.3,0.6196963666643673,20.0,2.3299562897901778,0.044243302250000005,plackett_luce
2024_20,0.0,0.0,5.0,0.6642156862745099,4.6,0.5361437905089772,20.0,2.4805163014867073,0.045521032499999996,plackett_luce
2024_21,1.0,1.0,1.0,0.4035714285714285,5.0,0.690141273854038,18.0,1.9625477902083366,0.04468263472222222,plackett_luce
2024_22,0.0,0.0,5.0,0.717234262125903,3.6,0.31516947279359525,20.0,2.388142981355692,0.045031882,plackett_luce
2024_23,0.0,1.0,3.0,0.43214285714285705,4.4,0.6384188142464245,20.0,2.2045513527226803,0.04304038025,plackett_luce
2024_24,1.0,1.0,1.0,0.6519607843137255,3.4,0.7844246738269707,20.0,2.0639619708314494,0.04144936475000001,plackett_luce
2025_01,1.0,1.0,1.0,0.665934065934066,4.3,0.9095565943566785,20.0,1.9823148309491132,0.040346116,plackett_luce
2025_02,0.0,0.0,5.0,0.5058823529411764,5.7,0.6902984273647971,20.0,2.241960471177611,0.043477784750000005,plackett_luce
2025_03,0.0,1.0,3.0,0.837593984962406,2.3,0.7998571566789879,20.0,2.2353938434537226,0.04330686025,plackett_luce
2025_04,0.0,1.0,2.0,0.7131062951496387,3.7,0.7488477393568674,20.0,2.207729561981367,0.04290172725000001,plackett_luce
2025_05,0.0,1.0,2.0,0.9484004127966976,2.4,0.7273315316582878,20.0,2.1169357461074165,0.042012213750000006,plackett_luce
2025_06,0.0,1.0,2.0,0.8911764705882352,1.9,0.8560722310017573,20.0,2.097198263269095,0.04170553,plackett_luce
2025_07,0.0,1.0,3.0,0.915376676986584,2.6,0.7649943968077365,20.0,2.2377341206744292,0.043464749250000004,plackett_luce
2025_08,1.0,1.0,1.0,0.5933952528379773,4.3,0.9359476947566552,20.0,1.9519282213808764,0.0399543505,plackett_luce
2025_09,0.0,1.0,2.0,0.7107843137254903,3.6842105263157894,0.8486353216924086,19.0,1.9220959709560583,0.04189661657894737,plackett_luce
2025_10,0.0,0.0,5.0,0.4303405572755417,4.7,0.47796999931378936,20.0,2.4326937783410663,0.04564348525,plackett_luce
2025_11,0.0,1.0,2.0,0.7176470588235294,4.631578947368421,0.8316840144429573,19.0,1.9987836386623814,0.042999955,plackett_luce
2025_12,0.0,1.0,2.0,0.28928571428571426,4.947368421052632,0.7656334214634364,19.0,1.9255194594075793,0.041874238157894726,plackett_luce
2025_13,1.0,1.0,1.0,0.5864661654135337,3.7,0.9939247024102634,20.0,1.930676768414724,0.0396845215,plackett_luce
2025_14,0.0,1.0,2.0,0.5526315789473685,4.2,0.8493512133953158,20.0,1.9105430052180221,0.03935968125,plackett_luce
2025_15,0.0,1.0,2.0,0.22187822497420018,6.0,0.5839612673655622,20.0,1.916982613982133,0.039436025250000006,plackett_luce
2025_16,0.0,1.0,3.0,0.8493292053663571,2.736842105263158,0.7351687477870975,19.0,2.4129581504754163,0.04760874394736842,plackett_luce
2025_17,0.0,1.0,3.0,0.7052631578947368,4.5,0.4667281296006492,20.0,2.3554585826011136,0.0445433335,plackett_luce
2025_18,0.0,0.0,4.0,0.8947368421052632,2.3,0.6193192299367019,20.0,2.420243136462278,0.04491274650000001,plackett_luce
2025_19,0.0,1.0,3.0,0.7403508771929824,3.6,0.628180082554823,20.0,2.2537949288246137,0.04328500724999999,plackett_luce
2025_20,0.0,1.0,2.0,0.7181372549019608,4.1,0.6542454809249159,20.0,2.061601623551505,0.041007695999999996,plackett_luce
2025_21,1.0,1.0,1.0,0.661764705882353,4.7,0.7979996068898434,20.0,1.9906983318454474,0.0401675315,plackett_luce
2025_22,0.0,1.0,3.0,0.7535714285714286,4.5,0.5065572710600578,20.0,2.3005870903313728,0.043766210000000014,plackett_luce
2025_23,0.0,1.0,3.0,0.6986584107327141,3.5,0.6126690007597779,20.0,2.1447270083784655,0.042423363500000005,plackett_luce
2025_24,0.0,1.0,3.0,0.5714285714285714,4.1,0.7351687477870975,20.0,2.1353771740101393,0.04229877975,plackett_luce
2022_12,1.0,1.0,1.0,0.7970588235294117,3.4,0.9233797900342092,20.0,0.6843126890071572,0.015216747696910674,practice_control
2022_13,1.0,1.0,1.0,0.78796992481203,2.7,0.9510261813892709,20.0,0.6161522771987116,0.013292056859241294,practice_control
2022_15,1.0,1.0,1.0,0.7729618163054695,3.0,0.9311429737414604,20.0,0.5616876325655901,0.01168229309625127,practice_control
2022_16,1.0,1.0,1.0,0.7705882352941176,3.6,0.9339092046216405,20.0,0.5209824560230709,0.010367922489153011,practice_control
2022_17,0.0,0.0,6.0,0.35824175824175825,4.9,0.2610817206603437,20.0,3.903825525356002,0.06944386049986621,practice_control
2022_21,0.0,0.0,6.0,0.8308823529411766,3.9,0.25676104429712554,20.0,3.2888994564054763,0.06111359952115848,practice_control
2022_22,1.0,1.0,1.0,0.6859649122807018,3.7,0.9443051637828295,20.0,0.8944029053513614,0.021115725370604386,practice_control
2023_01,1.0,1.0,1.0,0.5931372549019609,5.1,0.8706688760729636,20.0,0.8168753517003869,0.018940804524594686,practice_control
2023_02,0.0,0.0,4.0,0.7585139318885449,3.1,0.6296241243692887,20.0,2.334093091761813,0.05449977477633041,practice_control
2023_07,1.0,1.0,1.0,0.7203007518796991,3.3,0.7184486708452613,20.0,0.7600615260256283,0.01649218771303794,practice_control
2023_08,1.0,1.0,1.0,0.7915376676986584,2.8,0.7852032916936653,20.0,0.625277331441153,0.012466187186390927,practice_control
2023_10,1.0,1.0,1.0,0.6676986584107326,4.0,0.7385162258326089,20.0,0.508357242280603,0.009218738666831061,practice_control
2023_11,1.0,1.0,1.0,0.8328173374613003,3.1,0.7074940474507528,20.0,0.4499498405016097,0.007633784094752821,practice_control
2023_13,1.0,1.0,1.0,0.6960784313725491,3.3,0.7140494103307808,20.0,0.37703000219081867,0.005669016736630177,practice_control
2023_15,0.0,1.0,2.0,0.5117647058823529,4.526315789473684,0.6104269873468817,19.0,2.9113457436078125,0.07954596627780341,practice_control
2023_16,1.0,1.0,1.0,0.8499999999999999,4.1,0.8391853250139395,20.0,0.4490213101474661,0.007753309873625566,practice_control
2024_01,1.0,1.0,1.0,0.837593984962406,2.3,0.9473512398345234,20.0,0.3836583042831095,0.005930415864991741,practice_control
2024_02,1.0,1.0,1.0,0.7667698658410733,3.8,0.9402683711198732,20.0,0.3548213448709898,0.005273156557757999,practice_control
2024_03,0.0,0.0,4.0,0.5416666666666667,5.052631578947368,0.5108123274667773,19.0,2.9238648400091405,0.07247980980381778,practice_control
2024_07,1.0,1.0,1.0,0.7473684210526316,3.3,0.912519623570204,20.0,0.5327352076007935,0.010028578945131742,practice_control
2024_08,0.0,1.0,2.0,0.8676470588235294,3.3,0.5199966198571524,20.0,2.2381801922132114,0.05903774866325815,practice_control
2024_10,1.0,1.0,1.0,0.7804511278195487,3.1,0.8573291970546885,20.0,0.6327770219956194,0.012700426527227951,practice_control
2024_12,0.0,0.0,7.0,0.5273477812177503,4.526315789473684,0.4056439182092857,19.0,3.334704072512266,0.06624731613137731,practice_control
2024_13,0.0,0.0,6.0,0.8578947368421052,2.1,0.25468414282615587,20.0,2.6217813684907108,0.05534834306709393,practice_control
2024_14,0.0,0.0,6.0,0.5947368421052631,3.7,0.3031998623352895,20.0,2.6817972375508745,0.05458106944593981,practice_control
2024_15,0.0,1.0,2.0,0.8225563909774435,2.4,0.8645478846264829,20.0,1.9929513290970642,0.04767392603455342,practice_control
2024_16,0.0,0.0,4.0,0.7964912280701755,3.2,0.5790184504438275,20.0,2.401803076532969,0.05221477185599681,practice_control
2024_24,1.0,1.0,1.0,0.6642156862745099,3.4,0.7853848191993196,20.0,1.5045232766880614,0.03617181828545874,practice_control
2025_01,1.0,1.0,1.0,0.6395604395604396,4.5,0.9028355767502371,20.0,1.317599938234819,0.032080986377753126,practice_control
2025_04,0.0,1.0,2.0,0.7089783281733747,3.7,0.7373259948886818,20.0,1.8112256463233616,0.04297219784619304,practice_control
2025_07,0.0,1.0,3.0,0.915376676986584,2.6,0.7649943968077365,20.0,1.9749208094169544,0.045344751422280644,practice_control
2025_09,0.0,1.0,2.0,0.7107843137254903,3.6842105263157894,0.8486353216924086,19.0,1.3154852899227178,0.03595279365915129,practice_control
2025_10,0.0,0.0,5.0,0.4303405572755417,4.7,0.47796999931378936,20.0,2.683252675623021,0.054717428282736534,practice_control
2025_11,0.0,1.0,2.0,0.7176470588235294,4.631578947368421,0.8316840144429573,19.0,1.4886526576552588,0.03928964161658469,practice_control
2025_12,0.0,1.0,2.0,0.3071428571428571,5.052631578947368,0.7665935668357853,19.0,1.2646949055922376,0.03391316728553604,practice_control
2025_14,0.0,1.0,2.0,0.5719298245614035,4.1,0.8493512133953158,20.0,1.1657606564692617,0.03047508966102929,practice_control
2025_15,0.0,1.0,2.0,0.21362229102167182,6.1,0.5839612673655622,20.0,1.0854400787281142,0.028781066874555068,practice_control
2025_16,0.0,1.0,3.0,0.8493292053663571,2.736842105263158,0.7351687477870975,19.0,2.42882396473366,0.056839326727790324,practice_control
2025_20,0.0,1.0,2.0,0.7181372549019608,4.1,0.6542454809249159,20.0,1.4099129525163534,0.034497959190699076,practice_control
2022_01,0.0,0.0,7.0,0.09298245614035087,6.4,0.31336340207752955,20.0,3.9322257127456655,0.0627685365,strength_mc
2022_02,0.0,1.0,2.0,0.6967032967032967,3.5789473684210527,0.6326590867483685,19.0,1.626584071269071,0.04445572210526316,strength_mc
2022_03,0.0,0.0,4.0,0.786764705882353,4.9,0.3933089313149787,20.0,1.839794918266612,0.043299485250000005,strength_mc
2022_04,1.0,1.0,1.0,0.5479876160990712,5.6,0.806321454830414,20.0,1.4373771513492066,0.0350827805,strength_mc
2022_05,1.0,1.0,1.0,0.875,3.3,0.9854490487855379,20.0,1.1673194866779006,0.02931882125000001,strength_mc
2022_06,1.0,1.0,1.0,0.9133126934984519,2.8,0.8802890519931065,20.0,1.2430601930339829,0.030864283500000006,strength_mc
2022_07,0.0,1.0,3.0,0.8504901960784315,2.4,0.6759646247415929,20.0,1.8133917693551689,0.04427234275,strength_mc
2022_08,1.0,1.0,1.0,0.8088235294117646,4.0,0.9028355767502371,20.0,1.0785155869689873,0.02760488975,strength_mc
2022_09,1.0,1.0,1.0,0.7377450980392158,3.9,0.8599737919673534,20.0,0.9908795888652276,0.024976138249999995,strength_mc
2022_10,0.0,1.0,2.0,0.7274725274725276,5.0,0.5030453126077012,20.0,1.6411866107486806,0.05091167375,strength_mc
2022_11,0.0,0.0,5.0,0.8382352941176472,3.6,0.6963737249545335,20.0,4.402229341991401,0.068682827,strength_mc
2022_12,1.0,1.0,1.0,0.7970588235294117,3.4,0.9233797900342092,20.0,0.6437857510222212,0.014435227250000002,strength_mc
2022_13,1.0,1.0,1.0,0.78796992481203,2.7,0.9510261813892709,20.0,0.5542551816933267,0.011784182249999999,strength_mc
2022_14,1.0,1.0,1.0,0.7192982456140351,4.3,0.8042564171934684,20.0,0.6800335414145621,0.01549590625,strength_mc
2022_15,1.0,1.0,1.0,0.7729618163054695,3.0,0.9311429737414604,20.0,0.5362289054885266,0.011261398250000002,strength_mc
2022_16,1.0,1.0,1.0,0.7852941176470588,3.6,0.9339092046216405,20.0,0.5558229896967265,0.011561143,strength_mc
2022_17,0.0,0.0,6.0,0.35824175824175825,5.0,0.2610817206603437,20.0,3.6287255312941893,0.0644571975,strength_mc
2022_18,1.0,1.0,1.0,0.6119711042311662,3.9,0.8924396175890481,20.0,0.7330321142588603,0.017873966999999998,strength_mc
2022_19,1.0,1.0,1.0,0.8014705882352942,3.6,0.9228329600513825,20.0,0.7993969804026557,0.01890208875,strength_mc
2022_20,1.0,1.0,1.0,0.7578947368421053,2.7,0.8938764064662559,20.0,0.7580057529084417,0.017580351749999997,strength_mc
2022_21,0.0,0.0,6.0,0.8431372549019609,3.8,0.2711632248823574,20.0,3.2636117187095923,0.06070044225,strength_mc
2022_22,1.0,1.0,1.0,0.6859649122807018,3.7,0.9443051637828295,20.0,0.7599282142502966,0.017459443749999998,strength_mc
2023_01,1.0,1.0,1.0,0.5931372549019609,5.1,0.8706688760729636,20.0,0.6822072405216111,0.015315223250000004,strength_mc
2023_02,0.0,0.0,4.0,0.7585139318885449,3.1,0.6296241243692887,20.0,2.1937306880819634,0.05303447674999999,strength_mc
2023_03,1.0,1.0,1.0,0.5710784313725491,5.1,0.8157572538274883,20.0,0.8221175618569053,0.018988601749999993,strength_mc
2023_04,0.0,1.0,2.0,0.7791537667698658,3.2,0.8341629842127403,20.0,1.8964535403427207,0.0507825325,strength_mc
2023_05,1.0,1.0,1.0,0.7699248120300751,2.8,0.8959703846195658,20.0,0.7526848932761416,0.016981685749999996,strength_mc
2023_06,1.0,1.0,1.0,0.6140350877192983,4.3,0.806321454830414,20.0,0.8524946737940784,0.019883494,strength_mc
2023_07,1.0,1.0,1.0,0.7203007518796991,3.3,0.7184486708452613,20.0,0.8570788722423089,0.019414166,strength_mc
2023_08,1.0,1.0,1.0,0.7874097007223942,2.8,0.7852032916936653,20.0,0.7671167007601197,0.0166959355,strength_mc
2023_09,1.0,1.0,1.0,0.819298245614035,3.0,0.8529418003742321,20.0,0.48304834276654407,0.00867079775,strength_mc
2023_10,1.0,1.0,1.0,0.6676986584107326,4.0,0.7385162258326089,20.0,0.4454280966796944,0.007702876000000002,strength_mc
2023_11,1.0,1.0,1.0,0.8328173374613003,3.1,0.7074940474507528,20.0,0.41991906507831483,0.0070303007499999985,strength_mc
2023_12,1.0,1.0,1.0,0.8864809081527348,3.3,0.812732070818194,20.0,0.38912434852011213,0.006181433750000001,strength_mc
2023_13,1.0,1.0,1.0,0.6960784313725491,3.3,0.7140494103307808,20.0,0.43850496218636453,0.007349194000000001,strength_mc
2023_14,1.0,1.0,1.0,0.7853457172342622,3.1578947368421053,0.9685757681110965,19.0,0.28714888129012217,0.003841180526315791,strength_mc
2023_15,0.0,1.0,2.0,0.5117647058823529,4.526315789473684,0.6104269873468817,19.0,2.514541454917691,0.06861569868421054,strength_mc
2023_16,1.0,1.0,1.0,0.8428571428571429,4.1,0.8391853250139395,20.0,0.49642974348225827,0.009208455,strength_mc
2023_17,1.0,1.0,1.0,0.7549019607843138,3.0526315789473686,0.8968270142695045,19.0,0.401000091149006,0.006961498947368422,strength_mc
2023_18,1.0,1.0,1.0,0.502450980392157,5.2,0.9228329600513825,20.0,0.4165766128628831,0.006815655500000001,strength_mc
2023_19,1.0,1.0,1.0,0.7720588235294118,3.263157894736842,0.7976614538661513,19.0,0.5233200213476794,0.010335510263157894,strength_mc
2023_20,1.0,1.0,1.0,0.6395604395604396,3.789473684210526,0.8391853250139395,19.0,0.3186224953584179,0.004978884736842107,strength_mc
2023_21,1.0,1.0,1.0,0.8070175438596491,3.2,0.9095565943566785,20.0,0.39148824117737,0.006304482499999998,strength_mc
2023_22,1.0,1.0,1.0,0.6706766917293233,3.1,0.9311429737414604,20.0,0.45365795070964954,0.008145108750000001,strength_mc
2024_01,1.0,1.0,1.0,0.837593984962406,2.3,0.9473512398345234,20.0,0.3644191386721634,0.00567328275,strength_mc
2024_02,1.0,1.0,1.0,0.7667698658410733,3.8,0.9402683711198732,20.0,0.36773589129815726,0.005839570999999999,strength_mc
2024_03,0.0,0.0,4.0,0.556372549019608,4.947368421052632,0.5108123274667773,19.0,2.6429649544462754,0.06673341210526315,strength_mc
2024_04,1.0,1.0,1.0,0.9338235294117647,2.0,0.9388755862097978,20.0,0.67835709508731,0.014471823,strength_mc
2024_05,1.0,1.0,1.0,0.9240196078431374,2.8,0.9339092046216405,20.0,0.5589659990939256,0.01108715675,strength_mc
2024_06,0.0,0.0,5.0,0.7894736842105263,2.9,0.7304460031250662,20.0,3.336815122732887,0.06502062425,strength_mc
2024_07,1.0,1.0,1.0,0.7473684210526316,3.3,0.912519623570204,20.0,0.5864475619008895,0.011885897250000001,strength_mc
2024_08,0.0,1.0,2.0,0.8676470588235294,3.4,0.5199966198571524,20.0,1.9593500614220156,0.049524274,strength_mc
2024_09,1.0,1.0,1.0,0.8821428571428571,5.0,0.8207236354156459,20.0,0.6849806178935519,0.0150705625,strength_mc
2024_10,1.0,1.0,1.0,0.7909774436090224,3.0,0.8573291970546885,20.0,0.8648849438142551,0.019440566,strength_mc
2024_11,0.0,0.0,5.0,0.4451127819548871,4.4,0.35070510213503236,20.0,2.967144816702078,0.06039391824999999,strength_mc
2024_12,0.0,0.0,7.0,0.5273477812177503,4.526315789473684,0.4056439182092857,19.0,3.423442990609475,0.06568451394736843,strength_mc
2024_13,0.0,0.0,6.0,0.8578947368421052,2.1,0.25468414282615587,20.0,2.6671482097817845,0.0565484655,strength_mc
2024_14,0.0,0.0,6.0,0.5947368421052631,3.7,0.3031998623352895,20.0,2.636660205015537,0.05431351624999999,strength_mc
2024_15,0.0,1.0,2.0,0.8225563909774435,2.4,0.8645478846264829,20.0,1.8934600240543942,0.04525420775,strength_mc
2024_16,0.0,0.0,4.0,0.7964912280701755,3.2,0.5790184504438275,20.0,2.3996468058371767,0.05332536175,strength_mc
2024_17,0.0,1.0,3.0,0.5543859649122806,4.7,0.5445091440074905,20.0,1.9313664236144725,0.045623365,strength_mc
2024_18,0.0,1.0,3.0,0.8842105263157896,2.6,0.774430195804811,20.0,1.8347713598213462,0.044197371000000006,strength_mc
2024_19,0.0,0.0,4.0,0.8403508771929825,3.3,0.49256156229348286,20.0,1.9947328137528817,0.04627208275,strength_mc
2024_20,0.0,0.0,5.0,0.6568627450980393,4.7,0.5361437905089772,20.0,2.5083800059736423,0.05126514875,strength_mc
2024_21,1.0,1.0,1.0,0.4035714285714285,5.0,0.690141273854038,18.0,1.2263888436102681,0.03362789416666667,strength_mc
2024_22,0.0,0.0,5.0,0.717234262125903,3.6,0.31516947279359525,20.0,2.4185572692464663,0.05179301025000001,strength_mc
2024_23,0.0,1.0,3.0,0.43214285714285705,4.4,0.6384188142464245,20.0,1.7596795757646433,0.04260492774999999,strength_mc
2024_24,1.0,1.0,1.0,0.6519607843137255,3.4,0.7844246738269707,20.0,1.4675044165454338,0.036058497999999994,strength_mc
2025_01,1.0,1.0,1.0,0.6395604395604396,4.5,0.9028355767502371,20.0,1.2206104454789592,0.030400548749999996,strength_mc
2025_02,0.0,1.0,3.0,0.5205882352941177,5.6,0.7558689994293235,20.0,1.909867557708384,0.04505187125,strength_mc
2025_03,0.0,1.0,3.0,0.837593984962406,2.3,0.7998571566789879,20.0,1.8809186055478733,0.04463516074999999,strength_mc
2025_04,0.0,1.0,2.0,0.7089783281733747,3.7,0.7373259948886818,20.0,1.6960857191597725,0.04285251375,strength_mc
2025_05,0.0,1.0,2.0,0.9484004127966976,2.4,0.7273315316582878,20.0,1.5276275372365344,0.038587149499999994,strength_mc
2025_06,0.0,1.0,2.0,0.8911764705882352,2.0,0.8560722310017573,20.0,1.415517219796794,0.03603042475,strength_mc
2025_07,0.0,1.0,3.0,0.915376676986584,2.6,0.7649943968077365,20.0,1.951224243879082,0.046744680999999996,strength_mc
2025_08,1.0,1.0,1.0,0.5933952528379773,4.3,0.9359476947566552,20.0,1.280673879256207,0.032022733750000004,strength_mc
2025_09,0.0,1.0,2.0,0.7107843137254903,3.6842105263157894,0.8486353216924086,19.0,1.3426603240998294,0.03591386052631579,strength_mc
2025_10,0.0,0.0,5.0,0.4303405572755417,4.7,0.47796999931378936,20.0,2.7757938531887296,0.05698460274999999,strength_mc
2025_11,0.0,1.0,2.0,0.6970588235294117,4.7368421052631575,0.8316840144429573,19.0,1.3827008256097604,0.037933180263157895,strength_mc
2025_12,0.0,1.0,2.0,0.28928571428571426,4.947368421052632,0.7656334214634364,19.0,1.1602749490602167,0.03236412368421052,strength_mc
2025_13,1.0,1.0,1.0,0.5759398496240601,3.7,1.0,20.0,1.0668229661787023,0.028601707749999993,strength_mc
2025_14,0.0,1.0,2.0,0.5526315789473685,4.2,0.8493512133953158,20.0,1.0646457391048367,0.0291019145,strength_mc
2025_15,0.0,1.0,2.0,0.22187822497420018,6.0,0.5839612673655622,20.0,1.104881901681705,0.02935410474999999,strength_mc
2025_16,0.0,1.0,3.0,0.8493292053663571,2.736842105263158,0.7351687477870975,19.0,2.3837951484195887,0.05833931421052632,strength_mc
2025_17,0.0,1.0,3.0,0.7017543859649124,4.5,0.4667281296006492,20.0,2.2433732333621994,0.05316578575000001,strength_mc
2025_18,0.0,0.0,4.0,0.8947368421052632,2.3,0.6193192299367019,20.0,2.3050882232121643,0.051007461,strength_mc
2025_19,0.0,1.0,3.0,0.7596491228070175,3.5,0.628180082554823,20.0,1.8585405029184061,0.045400121249999995,strength_mc
2025_20,0.0,1.0,2.0,0.7181372549019608,4.1,0.6542454809249159,20.0,1.3342713330527387,0.03341854625,strength_mc
2025_21,1.0,1.0,1.0,0.661764705882353,4.7,0.7979996068898434,20.0,1.1234686646669763,0.028184746499999996,strength_mc
2025_22,0.0,1.0,3.0,0.7607142857142856,4.5,0.5065572710600578,20.0,1.9815891415123312,0.04737556475,strength_mc
2025_23,0.0,1.0,3.0,0.6883384932920537,3.7,0.6126690007597779,20.0,1.7757876997183564,0.04569043875,strength_mc
2025_24,0.0,1.0,3.0,0.5714285714285714,4.1,0.7351687477870975,20.0,1.6868590594026853,0.04366085274999999,strength_mc
2022_01,0.0,0.0,9.0,-0.02456140350877193,7.3,0.059329575373079375,20.0,2.995732273553991,0.04749999999999999,uniform
2022_02,0.0,0.0,10.0,-0.22637362637362637,7.368421052631579,0.0,19.0,2.9444389791664407,0.04986149584487534,uniform
2022_03,0.0,0.0,8.0,-0.13235294117647062,6.7,0.025426960874176875,20.0,2.995732273553991,0.04749999999999999,uniform
2022_04,0.0,0.0,9.0,-0.011351909184726523,7.4,0.01095462339450854,20.0,2.995732273553991,0.04749999999999999,uniform
2022_05,0.0,0.0,9.0,0.09313725490196079,6.6,0.0,20.0,2.995732273553991,0.04749999999999999,uniform
2022_06,0.0,0.0,9.0,-0.20330237358101136,7.2,0.008475653624725625,20.0,2.995732273553991,0.04749999999999999,uniform
2022_07,0.0,0.0,13.0,0.2720588235294118,6.9,0.0,20.0,2.995732273553991,0.04749999999999999,uniform
2022_08,0.0,0.0,9.0,0.014705882352941175,6.3,0.03486275987125129,20.0,2.995732273553991,0.04749999999999999,uniform
2022_09,0.0,0.0,9.0,-0.20833333333333337,7.3,0.059329575373079375,20.0,2.995732273553991,0.04749999999999999,uniform
2022_10,0.0,0.0,16.0,0.2923076923076923,6.3,0.07315277105061017,20.0,2.995732273553991,0.04749999999999999,uniform
2022_11,0.0,0.0,8.0,0.2573529411764706,6.1,0.059329575373079375,20.0,2.995732273553991,0.04749999999999999,uniform
2022_12,0.0,0.0,9.0,0.02647058823529412,7.5,0.12713480437088437,20.0,2.995732273553991,0.04749999999999999,uniform
2022_13,0.0,0.0,9.0,-0.13082706766917293,7.4,0.12713480437088437,20.0,2.995732273553991,0.04749999999999999,uniform
2022_14,0.0,0.0,9.0,-0.0196078431372549,7.8,0.013823195677530794,20.0,2.995732273553991,0.04749999999999999,uniform
2022_15,0.0,0.0,9.0,0.12693498452012383,6.6,0.025426960874176875,20.0,2.995732273553991,0.04749999999999999,uniform
2022_16,0.0,0.0,9.0,-0.15588235294117647,6.4,0.008475653624725625,20.0,2.995732273553991,0.04749999999999999,uniform
2022_17,0.0,0.0,13.0,-0.2967032967032967,7.5,0.0,20.0,2.995732273553991,0.04749999999999999,uniform
2022_18,0.0,0.0,9.0,-0.013415892672858616,7.0,0.008475653624725625,20.0,2.995732273553991,0.04749999999999999,uniform
2022_19,0.0,0.0,9.0,0.0,6.8,0.12713480437088437,20.0,2.995732273553991,0.04749999999999999,uniform
2022_20,0.0,0.0,9.0,-0.16666666666666666,7.2,0.12713480437088437,20.0,2.995732273553991,0.04749999999999999,uniform
2022_21,0.0,0.0,15.0,0.03186274509803922,7.1,0.14095800004841516,20.0,2.995732273553991,0.04749999999999999,uniform
2022_22,0.0,0.0,9.0,-0.4122807017543859,9.4,0.0,20.0,2.995732273553991,0.04749999999999999,uniform
2023_01,0.0,0.0,10.0,0.11274509803921569,7.0,0.09676236974271556,20.0,2.995732273553991,0.04749999999999999,uniform
2023_02,0.0,0.0,13.0,0.04437564499484004,6.4,0.09676236974271556,20.0,2.995732273553991,0.04749999999999999,uniform
2023_03,0.0,0.0,10.0,0.05392156862745098,7.1,0.09676236974271556,20.0,2.995732273553991,0.04749999999999999,uniform
2023_04,0.0,0.0,13.0,-0.15995872033023736,7.1,0.041469587032592375,20.0,2.995732273553991,0.04749999999999999,uniform
2023_05,0.0,0.0,10.0,0.10827067669172932,6.5,0.09676236974271556,20.0,2.995732273553991,0.04749999999999999,uniform
2023_06,0.0,0.0,10.0,0.1789473684210526,5.8,0.2073479351629619,20.0,2.995732273553991,0.04749999999999999,uniform
2023_07,0.0,0.0,10.0,-0.21654135338345865,8.0,0.0,20.0,2.995732273553991,0.04749999999999999,uniform
2023_08,0.0,0.0,10.0,0.14344685242518057,6.0,0.2073479351629619,20.0,2.995732273553991,0.04749999999999999,uniform
2023_09,0.0,0.0,10.0,0.07017543859649124,7.2,0.013823195677530794,20.0,2.995732273553991,0.04749999999999999,uniform
2023_10,0.0,0.0,10.0,0.10629514963880288,7.2,0.0,20.0,2.995732273553991,0.04749999999999999,uniform
2023_11,0.0,0.0,9.0,0.22187822497420018,6.9,0.025426960874176875,20.0,2.995732273553991,0.04749999999999999,uniform
2023_12,0.0,0.0,9.0,0.04643962848297213,6.4,0.03925015655170767,20.0,2.995732273553991,0.04749999999999999,uniform
2023_13,0.0,0.0,10.0,0.2573529411764706,5.4,0.27339852814248283,20.0,2.995732273553991,0.04749999999999999,uniform
2023_14,0.0,0.0,10.0,-0.005159958720330237,6.7368421052631575,0.0,19.0,2.9444389791664407,0.04986149584487534,uniform
2023_15,0.0,0.0,16.0,-0.011764705882352941,6.105263157894737,0.059329575373079375,19.0,2.9444389791664407,0.04986149584487534,uniform
2023_16,0.0,0.0,10.0,-0.06428571428571428,6.9,0.008475653624725625,20.0,2.995732273553991,0.04749999999999999,uniform
2023_17,0.0,0.0,10.0,-0.1985294117647059,7.473684210526316,0.0,19.0,2.9444389791664407,0.04986149584487534,uniform
2023_18,0.0,0.0,9.0,-0.19607843137254904,8.3,0.0,20.0,2.995732273553991,0.04749999999999999,uniform
2023_19,0.0,0.0,8.0,0.27696078431372556,6.105263157894737,0.14153698495611622,19.0,2.9444389791664407,0.04986149584487534,uniform
2023_20,0.0,0.0,8.0,0.2879120879120879,6.105263157894737,0.09676236974271556,19.0,2.9444389791664407,0.04986149584487534,uniform
2023_21,0.0,0.0,9.0,0.02982456140350877,7.0,0.0,20.0,2.995732273553991,0.04749999999999999,uniform
2023_22,0.0,0.0,9.0,-0.04360902255639097,7.2,0.0,20.0,2.995732273553991,0.04749999999999999,uniform
2024_01,0.0,0.0,9.0,-0.1518796992481203,7.7,0.0,20.0,2.995732273553991,0.04749999999999999,uniform
2024_02,0.0,0.0,10.0,0.2549019607843137,5.8,0.013823195677530794,20.0,2.995732273553991,0.04749999999999999,uniform
2024_03,0.0,0.0,16.0,-0.09558823529411767,7.578947368421052,0.0,19.0,2.9444389791664407,0.04986149584487534,uniform
2024_04,0.0,0.0,9.0,-0.06617647058823531,7.0,0.0,20.0,2.995732273553991,0.04749999999999999,uniform
2024_05,0.0,0.0,9.0,0.10784313725490197,6.3,0.0,20.0,2.995732273553991,0.04749999999999999,uniform
2024_06,0.0,0.0,10.0,-0.12105263157894736,6.7,0.0,20.0,2.995732273553991,0.04749999999999999,uniform
2024_07,0.0,0.0,9.0,-0.15964912280701754,7.7,0.0,20.0,2.995732273553991,0.04749999999999999,uniform
2024_08,0.0,0.0,8.0,0.19117647058823528,7.3,0.0,20.0,2.995732273553991,0.04749999999999999,uniform
2024_09,0.0,0.0,9.0,0.1464285714285714,6.5,0.025426960874176875,20.0,2.995732273553991,0.04749999999999999,uniform
2024_10,0.0,0.0,9.0,0.09924812030075188,6.4,0.059329575373079375,20.0,2.995732273553991,0.04749999999999999,uniform
2024_11,0.0,0.0,15.0,-0.04060150375939849,6.6,0.025426960874176875,20.0,2.995732273553991,0.04749999999999999,uniform
2024_12,0.0,0.0,4.0,0.20123839009287925,6.0,0.2925097689093069,19.0,2.9444389791664407,0.04986149584487534,uniform
2024_13,0.0,0.0,13.0,0.05087719298245614,7.3,0.059329575373079375,20.0,2.995732273553991,0.04749999999999999,uniform
2024_14,0.0,0.0,5.0,0.11754385964912278,6.2,0.26274526236649437,20.0,2.995732273553991,0.04749999999999999,uniform
2024_15,0.0,0.0,10.0,0.11578947368421053,6.5,0.0,20.0,2.995732273553991,0.04749999999999999,uniform
2024_16,0.0,0.0,9.0,-0.014035087719298246,6.4,0.0,20.0,2.995732273553991,0.04749999999999999,uniform
2024_17,0.0,0.0,14.0,0.28070175438596495,5.3,0.0,20.0,2.995732273553991,0.04749999999999999,uniform
2024_18,0.0,0.0,11.0,-0.015789473684210527,7.4,0.0,20.0,2.995732273553991,0.04749999999999999,uniform
2024_19,0.0,0.0,10.0,-0.10526315789473684,7.6,0.0,20.0,2.995732273553991,0.04749999999999999,uniform
2024_20,0.0,0.0,17.0,-0.07107843137254903,7.1,0.0,20.0,2.995732273553991,0.047499999999999994,uniform
2024_21,0.0,0.0,10.0,-0.2071428571428571,7.0,0.059329575373079375,18.0,2.890371757896165,0.05246913580246914,uniform
2024_22,0.0,0.0,16.0,-0.17027863777089783,8.3,0.0,20.0,2.995732273553991,0.04749999999999999,uniform
2024_23,0.0,0.0,11.0,-0.28571428571428564,7.3,0.008475653624725625,20.0,2.995732273553991,0.04749999999999999,uniform
2024_24,0.0,0.0,13.0,-0.06127450980392158,7.8,0.0,20.0,2.995732273553991,0.04749999999999999,uniform
2025_01,0.0,0.0,14.0,-0.01978021978021978,7.5,0.0547731169725427,20.0,2.995732273553991,0.04749999999999999,uniform
2025_02,0.0,0.0,16.0,-0.09411764705882353,8.2,0.0,20.0,2.995732273553991,0.04749999999999999,uniform
2025_03,0.0,0.0,13.0,-0.003007518796992481,7.1,0.0,20.0,2.995732273553991,0.04749999999999999,uniform
2025_04,0.0,0.0,16.0,-0.43859649122807015,8.0,0.0,20.0,2.995732273553991,0.04749999999999999,uniform
2025_05,0.0,0.0,16.0,-0.26109391124871,7.4,0.0,20.0,2.995732273553991,0.04749999999999999,uniform
2025_06,0.0,0.0,16.0,-0.08529411764705883,8.1,0.02190924678901708,20.0,2.995732273553991,0.04749999999999999,uniform
2025_07,0.0,0.0,13.0,-0.32920536635706915,8.2,0.02190924678901708,20.0,2.995732273553991,0.04749999999999999,uniform
2025_08,0.0,0.0,14.0,-0.11661506707946334,8.3,0.0,20.0,2.995732273553991,0.04749999999999999,uniform
2025_09,0.0,0.0,16.0,-0.2058823529411765,7.473684210526316,0.0,19.0,2.9444389791664407,0.04986149584487534,uniform
2025_10,0.0,0.0,17.0,0.011351909184726523,7.5,0.07668236376155978,20.0,2.995732273553991,0.047499999999999994,uniform
2025_11,0.0,0.0,14.0,-0.08529411764705883,7.473684210526316,0.0,19.0,2.9444389791664407,0.04986149584487534,uniform
2025_12,0.0,0.0,13.0,0.21071428571428572,7.2631578947368425,0.0,19.0,2.9444389791664407,0.04986149584487534,uniform
2025_13,0.0,0.0,16.0,-0.1819548872180451,7.4,0.0,20.0,2.995732273553991,0.04749999999999999,uniform
2025_14,0.0,0.0,14.0,-0.16315789473684209,7.5,0.013823195677530794,20.0,2.995732273553991,0.04749999999999999,uniform
2025_15,0.0,0.0,16.0,-0.1455108359133127,7.7,0.02190924678901708,20.0,2.995732273553991,0.04749999999999999,uniform
2025_16,0.0,0.0,12.0,-0.007223942208462332,7.052631578947368,0.0,19.0,2.9444389791664407,0.04986149584487534,uniform
2025_17,0.0,0.0,13.0,-0.356140350877193,7.6,0.03286387018352562,20.0,2.995732273553991,0.04749999999999999,uniform
2025_18,0.0,0.0,17.0,-0.193984962406015,7.9,0.01095462339450854,20.0,2.995732273553991,0.047499999999999994,uniform
2025_19,0.0,0.0,13.0,-0.47017543859649114,8.2,0.0,20.0,2.995732273553991,0.04749999999999999,uniform
2025_20,0.0,0.0,14.0,0.04901960784313726,7.6,0.028307396991223248,20.0,2.995732273553991,0.04749999999999999,uniform
2025_21,0.0,0.0,14.0,0.15686274509803924,6.7,0.16431935091762812,20.0,2.995732273553991,0.04749999999999999,uniform
2025_22,0.0,0.0,13.0,-0.2821428571428571,6.9,0.07668236376155978,20.0,2.995732273553991,0.04749999999999999,uniform
2025_23,0.0,0.0,13.0,-0.19504643962848298,8.0,0.01095462339450854,20.0,2.995732273553991,0.04749999999999999,uniform
2025_24,0.0,0.0,13.0,-0.37744360902255636,8.7,0.0,20.0,2.995732273553991,0.04749999999999999,uniform
