driver_id,driver_code,constructor_id,season,round,race_id,circuit_id,source,observed_at,cutoff_utc
albon,ALB,williams,2022,2,2022_02,jeddah,previous_event_projection,2022-03-21 00:00:00+00:00,2022-03-25T05:00:00+00:00
alonso,ALO,alpine,2022,2,2022_02,jeddah,previous_event_projection,2022-03-21 00:00:00+00:00,2022-03-25T05:00:00+00:00
bottas,BOT,alfa,2022,2,2022_02,jeddah,previous_event_projection,2022-03-21 00:00:00+00:00,2022-03-25T05:00:00+00:00
gasly,GAS,alphatauri,2022,2,2022_02,jeddah,previous_event_projection,2022-03-21 00:00:00+00:00,2022-03-25T05:00:00+00:00
hamilton,HAM,mercedes,2022,2,2022_02,jeddah,previous_event_projection,2022-03-21 00:00:00+00:00,2022-03-25T05:00:00+00:00
hulkenberg,HUL,aston_martin,2022,2,2022_02,jeddah,previous_event_projection,2022-03-21 00:00:00+00:00,2022-03-25T05:00:00+00:00
kevin_magnussen,MAG,haas,2022,2,2022_02,jeddah,previous_event_projection,2022-03-21 00:00:00+00:00,2022-03-25T05:00:00+00:00
latifi,LAT,williams,2022,2,2022_02,jeddah,previous_event_projection,2022-03-21 00:00:00+00:00,2022-03-25T05:00:00+00:00
leclerc,LEC,ferrari,2022,2,2022_02,jeddah,previous_event_projection,2022-03-21 00:00:00+00:00,2022-03-25T05:00:00+00:00
max_verstappen,VER,red_bull,2022,2,2022_02,jeddah,previous_event_projection,2022-03-21 00:00:00+00:00,2022-03-25T05:00:00+00:00
mick_schumacher,MSC,haas,2022,2,2022_02,jeddah,previous_event_projection,2022-03-21 00:00:00+00:00,2022-03-25T05:00:00+00:00
norris,NOR,mclaren,2022,2,2022_02,jeddah,previous_event_projection,2022-03-21 00:00:00+00:00,2022-03-25T05:00:00+00:00
ocon,OCO,alpine,2022,2,2022_02,jeddah,previous_event_projection,2022-03-21 00:00:00+00:00,2022-03-25T05:00:00+00:00
perez,PER,red_bull,2022,2,2022_02,jeddah,previous_event_projection,2022-03-21 00:00:00+00:00,2022-03-25T05:00:00+00:00
ricciardo,RIC,mclaren,2022,2,2022_02,jeddah,previous_event_projection,2022-03-21 00:00:00+00:00,2022-03-25T05:00:00+00:00
russell,RUS,mercedes,2022,2,2022_02,jeddah,previous_event_projection,2022-03-21 00:00:00+00:00,2022-03-25T05:00:00+00:00
sainz,SAI,ferrari,2022,2,2022_02,jeddah,previous_event_projection,2022-03-21 00:00:00+00:00,2022-03-25T05:00:00+00:00
stroll,STR,aston_martin,2022,2,2022_02,jeddah,previous_event_projection,2022-03-21 00:00:00+00:00,2022-03-25T05:00:00+00:00
tsunoda,TSU,alphatauri,2022,2,2022_02,jeddah,previous_event_projection,2022-03-21 00:00:00+00:00,2022-03-25T05:00:00+00:00
zhou,ZHO,alfa,2022,2,2022_02,jeddah,previous_event_projection,2022-03-21 00:00:00+00:00,2022-03-25T05:00:00+00:00
albon,ALB,williams,2022,3,2022_03,albert_park,previous_event_projection,2022-03-28 00:00:00+00:00,2022-04-07T17:00:00+00:00
alonso,ALO,alpine,2022,3,2022_03,albert_park,previous_event_projection,2022-03-28 00:00:00+00:00,2022-04-07T17:00:00+00:00
bottas,BOT,alfa,2022,3,2022_03,albert_park,previous_event_projection,2022-03-28 00:00:00+00:00,2022-04-07T17:00:00+00:00
gasly,GAS,alphatauri,2022,3,2022_03,albert_park,previous_event_projection,2022-03-28 00:00:00+00:00,2022-04-07T17:00:00+00:00
hamilton,HAM,mercedes,2022,3,2022_03,albert_park,previous_event_projection,2022-03-28 00:00:00+00:00,2022-04-07T17:00:00+00:00
hulkenberg,HUL,aston_martin,2022,3,2022_03,albert_park,previous_event_projection,2022-03-28 00:00:00+00:00,2022-04-07T17:00:00+00:00
kevin_magnussen,MAG,haas,2022,3,2022_03,albert_park,previous_event_projection,2022-03-28 00:00:00+00:00,2022-04-07T17:00:00+00:00
latifi,LAT,williams,2022,3,2022_03,albert_park,previous_event_projection,2022-03-28 00:00:00+00:00,2022-04-07T17:00:00+00:00
leclerc,LEC,ferrari,2022,3,2022_03,albert_park,previous_event_projection,2022-03-28 00:00:00+00:00,2022-04-07T17:00:00+00:00
max_verstappen,VER,red_bull,2022,3,2022_03,albert_park,previous_event_projection,2022-03-28 00:00:00+00:00,2022-04-07T17:00:00+00:00
norris,NOR,mclaren,2022,3,2022_03,albert_park,previous_event_projection,2022-03-28 00:00:00+00:00,2022-04-07T17:00:00+00:00
ocon,OCO,alpine,2022,3,2022_03,albert_park,previous_event_projection,2022-03-28 00:00:00+00:00,2022-04-07T17:00:00+00:00
perez,PER,red_bull,2022,3,2022_03,albert_park,previous_event_projection,2022-03-28 00:00:00+00:00,2022-04-07T17:00:00+00:00
ricciardo,RIC,mclaren,2022,3,2022_03,albert_park,previous_event_projection,2022-03-28 00:00:00+00:00,2022-04-07T17:00:00+00:00
russell,RUS,mercedes,2022,3,2022_03,albert_park,previous_event_projection,2022-03-28 00:00:00+00:00,2022-04-07T17:00:00+00:00
sainz,SAI,ferrari,2022,3,2022_03,albert_park,previous_event_projection,2022-03-28 00:00:00+00:00,2022-04-07T17:00:00+00:00
stroll,STR,aston_martin,2022,3,2022_03,albert_park,previous_event_projection,2022-03-28 00:00:00+00:00,2022-04-07T17:00:00+00:00
tsunoda,TSU,alphatauri,2022,3,2022_03,albert_park,previous_event_projection,2022-03-28 00:00:00+00:00,2022-04-07T17:00:00+00:00
zhou,ZHO,alfa,2022,3,2022_03,albert_park,previous_event_projection,2022-03-28 00:00:00+00:00,2022-04-07T17:00:00+00:00
albon,ALB,williams,2022,4,2022_04,imola,previous_event_projection,2022-04-11 00:00:00+00:00,2022-04-22T01:00:00+00:00
alonso,ALO,alpine,2022,4,2022_04,imola,previous_event_projection,2022-04-11 00:00:00+00:00,2022-04-22T01:00:00+00:00
bottas,BOT,alfa,2022,4,2022_04,imola,previous_event_projection,2022-04-11 00:00:00+00:00,2022-04-22T01:00:00+00:00
gasly,GAS,alphatauri,2022,4,2022_04,imola,previous_event_projection,2022-04-11 00:00:00+00:00,2022-04-22T01:00:00+00:00
hamilton,HAM,mercedes,2022,4,2022_04,imola,previous_event_projection,2022-04-11 00:00:00+00:00,2022-04-22T01:00:00+00:00
kevin_magnussen,MAG,haas,2022,4,2022_04,imola,previous_event_projection,2022-04-11 00:00:00+00:00,2022-04-22T01:00:00+00:00
latifi,LAT,williams,2022,4,2022_04,imola,previous_event_projection,2022-04-11 00:00:00+00:00,2022-04-22T01:00:00+00:00
leclerc,LEC,ferrari,2022,4,2022_04,imola,previous_event_projection,2022-04-11 00:00:00+00:00,2022-04-22T01:00:00+00:00
max_verstappen,VER,red_bull,2022,4,2022_04,imola,previous_event_projection,2022-04-11 00:00:00+00:00,2022-04-22T01:00:00+00:00
mick_schumacher,MSC,haas,2022,4,2022_04,imola,previous_event_projection,2022-04-11 00:00:00+00:00,2022-04-22T01:00:00+00:00
norris,NOR,mclaren,2022,4,2022_04,imola,previous_event_projection,2022-04-11 00:00:00+00:00,2022-04-22T01:00:00+00:00
ocon,OCO,alpine,2022,4,2022_04,imola,previous_event_projection,2022-04-11 00:00:00+00:00,2022-04-22T01:00:00+00:00
perez,PER,red_bull,2022,4,2022_04,imola,previous_event_projection,2022-04-11 00:00:00+00:00,2022-04-22T01:00:00+00:00
ricciardo,RIC,mclaren,2022,4,2022_04,imola,previous_event_projection,2022-04-11 00:00:00+00:00,2022-04-22T01:00:00+00:00
russell,RUS,mercedes,2022,4,2022_04,imola,previous_event_projection,2022-04-11 00:00:00+00:00,2022-04-22T01:00:00+00:00
sainz,SAI,ferrari,2022,4,2022_04,imola,previous_event_projection,2022-04-11 00:00:00+00:00,2022-04-22T01:00:00+00:00
stroll,STR,aston_martin,2022,4,2022_04,imola,previous_event_projection,2022-04-11 00:00:00+00:00,2022-04-22T01:00:00+00:00
tsunoda,TSU,alphatauri,2022,4,2022_04,imola,previous_event_projection,2022-04-11 00:00:00+00:00,2022-04-22T01:00:00+00:00
vettel,VET,aston_martin,2022,4,2022_04,imola,previous_event_projection,2022-04-11 00:00:00+00:00,2022-04-22T01:00:00+00:00
zhou,ZHO,alfa,2022,4,2022_04,imola,previous_event_projection,2022-04-11 00:00:00+00:00,2022-04-22T01:00:00+00:00
albon,ALB,williams,2022,5,2022_05,miami,previous_event_projection,2022-04-25 00:00:00+00:00,2022-05-06T07:30:00+00:00
alonso,ALO,alpine,2022,5,2022_05,miami,previous_event_projection,2022-04-25 00:00:00+00:00,2022-05-06T07:30:00+00:00
bottas,BOT,alfa,2022,5,2022_05,miami,previous_event_projection,2022-04-25 00:00:00+00:00,2022-05-06T07:30:00+00:00
gasly,GAS,alphatauri,2022,5,2022_05,miami,previous_event_projection,2022-04-25 00:00:00+00:00,2022-05-06T07:30:00+00:00
hamilton,HAM,mercedes,2022,5,2022_05,miami,previous_event_projection,2022-04-25 00:00:00+00:00,2022-05-06T07:30:00+00:00
kevin_magnussen,MAG,haas,2022,5,2022_05,miami,previous_event_projection,2022-04-25 00:00:00+00:00,2022-05-06T07:30:00+00:00
latifi,LAT,williams,2022,5,2022_05,miami,previous_event_projection,2022-04-25 00:00:00+00:00,2022-05-06T07:30:00+00:00
leclerc,LEC,ferrari,2022,5,2022_05,miami,previous_event_projection,2022-04-25 00:00:00+00:00,2022-05-06T07:30:00+00:00
max_verstappen,VER,red_bull,2022,5,2022_05,miami,previous_event_projection,2022-04-25 00:00:00+00:00,2022-05-06T07:30:00+00:00
mick_schumacher,MSC,haas,2022,5,2022_05,miami,previous_event_projection,2022-04-25 00:00:00+00:00,2022-05-06T07:30:00+00:00
norris,NOR,mclaren,2022,5,2022_05,miami,previous_event_projection,2022-04-25 00:00:00+00:00,2022-05-06T07:30:00+00:00
ocon,OCO,alpine,2022,5,2022_05,miami,previous_event_projection,2022-04-25 00:00:00+00:00,2022-05-06T07:30:00+00:00
perez,PER,red_bull,2022,5,2022_05,miami,previous_event_projection,2022-04-25 00:00:00+00:00,2022-05-06T07:30:00+00:00
ricciardo,RIC,mclaren,2022,5,2022_05,miami,previous_event_projection,2022-04-25 00:00:00+00:00,2022-05-06T07:30:00+00:00
russell,RUS,mercedes,2022,5,2022_05,miami,previous_event_projection,2022-04-25 00:00:00+00:00,2022-05-06T07:30:00+00:00
sainz,SAI,ferrari,2022,5,2022_05,miami,previous_event_projection,2022-04-25 00:00:00+00:00,2022-05-06T07:30:00+00:00
stroll,STR,aston_martin,2022,5,2022_05,miami,previous_event_projection,2022-04-25 00:00:00+00:00,2022-05-06T07:30:00+00:00
tsunoda,TSU,alphatauri,2022,5,2022_05,miami,previous_event_projection,2022-04-25 00:00:00+00:00,2022-05-06T07:30:00+00:00
vettel,VET,aston_martin,2022,5,2022_05,miami,previous_event_projection,2022-04-25 00:00:00+00:00,2022-05-06T07:30:00+00:00
zhou,ZHO,alfa,2022,5,2022_05,miami,previous_event_projection,2022-04-25 00:00:00+00:00,2022-05-06T07:30:00+00:00
albon,ALB,williams,2022,6,2022_06,catalunya,previous_event_projection,2022-05-09 00:00:00+00:00,2022-05-20T01:00:00+00:00
alonso,ALO,alpine,2022,6,2022_06,catalunya,previous_event_projection,2022-05-09 00:00:00+00:00,2022-05-20T01:00:00+00:00
bottas,BOT,alfa,2022,6,2022_06,catalunya,previous_event_projection,2022-05-09 00:00:00+00:00,2022-05-20T01:00:00+00:00
gasly,GAS,alphatauri,2022,6,2022_06,catalunya,previous_event_projection,2022-05-09 00:00:00+00:00,2022-05-20T01:00:00+00:00
hamilton,HAM,mercedes,2022,6,2022_06,catalunya,previous_event_projection,2022-05-09 00:00:00+00:00,2022-05-20T01:00:00+00:00
kevin_magnussen,MAG,haas,2022,6,2022_06,catalunya,previous_event_projection,2022-05-09 00:00:00+00:00,2022-05-20T01:00:00+00:00
latifi,LAT,williams,2022,6,2022_06,catalunya,previous_event_projection,2022-05-09 00:00:00+00:00,2022-05-20T01:00:00+00:00
leclerc,LEC,ferrari,2022,6,2022_06,catalunya,previous_event_projection,2022-05-09 00:00:00+00:00,2022-05-20T01:00:00+00:00
max_verstappen,VER,red_bull,2022,6,2022_06,catalunya,previous_event_projection,2022-05-09 00:00:00+00:00,2022-05-20T01:00:00+00:00
mick_schumacher,MSC,haas,2022,6,2022_06,catalunya,previous_event_projection,2022-05-09 00:00:00+00:00,2022-05-20T01:00:00+00:00
norris,NOR,mclaren,2022,6,2022_06,catalunya,previous_event_projection,2022-05-09 00:00:00+00:00,2022-05-20T01:00:00+00:00
ocon,OCO,alpine,2022,6,2022_06,catalunya,previous_event_projection,2022-05-09 00:00:00+00:00,2022-05-20T01:00:00+00:00
perez,PER,red_bull,2022,6,2022_06,catalunya,previous_event_projection,2022-05-09 00:00:00+00:00,2022-05-20T01:00:00+00:00
ricciardo,RIC,mclaren,2022,6,2022_06,catalunya,previous_event_projection,2022-05-09 00:00:00+00:00,2022-05-20T01:00:00+00:00
russell,RUS,mercedes,2022,6,2022_06,catalunya,previous_event_projection,2022-05-09 00:00:00+00:00,2022-05-20T01:00:00+00:00
sainz,SAI,ferrari,2022,6,2022_06,catalunya,previous_event_projection,2022-05-09 00:00:00+00:00,2022-05-20T01:00:00+00:00
stroll,STR,aston_martin,2022,6,2022_06,catalunya,previous_event_projection,2022-05-09 00:00:00+00:00,2022-05-20T01:00:00+00:00
tsunoda,TSU,alphatauri,2022,6,2022_06,catalunya,previous_event_projection,2022-05-09 00:00:00+00:00,2022-05-20T01:00:00+00:00
vettel,VET,aston_martin,2022,6,2022_06,catalunya,previous_event_projection,2022-05-09 00:00:00+00:00,2022-05-20T01:00:00+00:00
zhou,ZHO,alfa,2022,6,2022_06,catalunya,previous_event_projection,2022-05-09 00:00:00+00:00,2022-05-20T01:00:00+00:00
albon,ALB,williams,2022,7,2022_07,monaco,previous_event_projection,2022-05-23 00:00:00+00:00,2022-05-27T01:00:00+00:00
alonso,ALO,alpine,2022,7,2022_07,monaco,previous_event_projection,2022-05-23 00:00:00+00:00,2022-05-27T01:00:00+00:00
bottas,BOT,alfa,2022,7,2022_07,monaco,previous_event_projection,2022-05-23 00:00:00+00:00,2022-05-27T01:00:00+00:00
gasly,GAS,alphatauri,2022,7,2022_07,monaco,previous_event_projection,2022-05-23 00:00:00+00:00,2022-05-27T01:00:00+00:00
hamilton,HAM,mercedes,2022,7,2022_07,monaco,previous_event_projection,2022-05-23 00:00:00+00:00,2022-05-27T01:00:00+00:00
kevin_magnussen,MAG,haas,2022,7,2022_07,monaco,previous_event_projection,2022-05-23 00:00:00+00:00,2022-05-27T01:00:00+00:00
latifi,LAT,williams,2022,7,2022_07,monaco,previous_event_projection,2022-05-23 00:00:00+00:00,2022-05-27T01:00:00+00:00
leclerc,LEC,ferrari,2022,7,2022_07,monaco,previous_event_projection,2022-05-23 00:00:00+00:00,2022-05-27T01:00:00+00:00
max_verstappen,VER,red_bull,2022,7,2022_07,monaco,previous_event_projection,2022-05-23 00:00:00+00:00,2022-05-27T01:00:00+00:00
mick_schumacher,MSC,haas,2022,7,2022_07,monaco,previous_event_projection,2022-05-23 00:00:00+00:00,2022-05-27T01:00:00+00:00
norris,NOR,mclaren,2022,7,2022_07,monaco,previous_event_projection,2022-05-23 00:00:00+00:00,2022-05-27T01:00:00+00:00
ocon,OCO,alpine,2022,7,2022_07,monaco,previous_event_projection,2022-05-23 00:00:00+00:00,2022-05-27T01:00:00+00:00
perez,PER,red_bull,2022,7,2022_07,monaco,previous_event_projection,2022-05-23 00:00:00+00:00,2022-05-27T01:00:00+00:00
ricciardo,RIC,mclaren,2022,7,2022_07,monaco,previous_event_projection,2022-05-23 00:00:00+00:00,2022-05-27T01:00:00+00:00
russell,RUS,mercedes,2022,7,2022_07,monaco,previous_event_projection,2022-05-23 00:00:00+00:00,2022-05-27T01:00:00+00:00
sainz,SAI,ferrari,2022,7,2022_07,monaco,previous_event_projection,2022-05-23 00:00:00+00:00,2022-05-27T01:00:00+00:00
stroll,STR,aston_martin,2022,7,2022_07,monaco,previous_event_projection,2022-05-23 00:00:00+00:00,2022-05-27T01:00:00+00:00
tsunoda,TSU,alphatauri,2022,7,2022_07,monaco,previous_event_projection,2022-05-23 00:00:00+00:00,2022-05-27T01:00:00+00:00
vettel,VET,aston_martin,2022,7,2022_07,monaco,previous_event_projection,2022-05-23 00:00:00+00:00,2022-05-27T01:00:00+00:00
zhou,ZHO,alfa,2022,7,2022_07,monaco,previous_event_projection,2022-05-23 00:00:00+00:00,2022-05-27T01:00:00+00:00
albon,ALB,williams,2022,8,2022_08,baku,previous_event_projection,2022-05-30 00:00:00+00:00,2022-06-09T23:00:00+00:00
alonso,ALO,alpine,2022,8,2022_08,baku,previous_event_projection,2022-05-30 00:00:00+00:00,2022-06-09T23:00:00+00:00
bottas,BOT,alfa,2022,8,2022_08,baku,previous_event_projection,2022-05-30 00:00:00+00:00,2022-06-09T23:00:00+00:00
gasly,GAS,alphatauri,2022,8,2022_08,baku,previous_event_projection,2022-05-30 00:00:00+00:00,2022-06-09T23:00:00+00:00
hamilton,HAM,mercedes,2022,8,2022_08,baku,previous_event_projection,2022-05-30 00:00:00+00:00,2022-06-09T23:00:00+00:00
kevin_magnussen,MAG,haas,2022,8,2022_08,baku,previous_event_projection,2022-05-30 00:00:00+00:00,2022-06-09T23:00:00+00:00
latifi,LAT,williams,2022,8,2022_08,baku,previous_event_projection,2022-05-30 00:00:00+00:00,2022-06-09T23:00:00+00:00
leclerc,LEC,ferrari,2022,8,2022_08,baku,previous_event_projection,2022-05-30 00:00:00+00:00,2022-06-09T23:00:00+00:00
max_verstappen,VER,red_bull,2022,8,2022_08,baku,previous_event_projection,2022-05-30 00:00:00+00:00,2022-06-09T23:00:00+00:00
mick_schumacher,MSC,haas,2022,8,2022_08,baku,previous_event_projection,2022-05-30 00:00:00+00:00,2022-06-09T23:00:00+00:00
norris,NOR,mclaren,2022,8,2022_08,baku,previous_event_projection,2022-05-30 00:00:00+00:00,2022-06-09T23:00:00+00:00
ocon,OCO,alpine,2022,8,2022_08,baku,previous_event_projection,2022-05-30 00:00:00+00:00,2022-06-09T23:00:00+00:00
perez,PER,red_bull,2022,8,2022_08,baku,previous_event_projection,2022-05-30 00:00:00+00:00,2022-06-09T23:00:00+00:00
ricciardo,RIC,mclaren,2022,8,2022_08,baku,previous_event_projection,2022-05-30 00:00:00+00:00,2022-06-09T23:00:00+00:00
russell,RUS,mercedes,2022,8,2022_08,baku,previous_event_projection,2022-05-30 00:00:00+00:00,2022-06-09T23:00:00+00:00
sainz,SAI,ferrari,2022,8,2022_08,baku,previous_event_projection,2022-05-30 00:00:00+00:00,2022-06-09T23:00:00+00:00
stroll,STR,aston_martin,2022,8,2022_08,baku,previous_event_projection,2022-05-30 00:00:00+00:00,2022-06-09T23:00:00+00:00
tsunoda,TSU,alphatauri,2022,8,2022_08,baku,previous_event_projection,2022-05-30 00:00:00+00:00,2022-06-09T23:00:00+00:00
vettel,VET,aston_martin,2022,8,2022_08,baku,previous_event_projection,2022-05-30 00:00:00+00:00,2022-06-09T23:00:00+00:00
zhou,ZHO,alfa,2022,8,2022_08,baku,previous_event_projection,2022-05-30 00:00:00+00:00,2022-06-09T23:00:00+00:00
albon,ALB,williams,2022,9,2022_09,villeneuve,previous_event_projection,2022-06-13 00:00:00+00:00,2022-06-17T06:00:00+00:00
alonso,ALO,alpine,2022,9,2022_09,villeneuve,previous_event_projection,2022-06-13 00:00:00+00:00,2022-06-17T06:00:00+00:00
bottas,BOT,alfa,2022,9,2022_09,villeneuve,previous_event_projection,2022-06-13 00:00:00+00:00,2022-06-17T06:00:00+00:00
gasly,GAS,alphatauri,2022,9,2022_09,villeneuve,previous_event_projection,2022-06-13 00:00:00+00:00,2022-06-17T06:00:00+00:00
hamilton,HAM,mercedes,2022,9,2022_09,villeneuve,previous_event_projection,2022-06-13 00:00:00+00:00,2022-06-17T06:00:00+00:00
kevin_magnussen,MAG,haas,2022,9,2022_09,villeneuve,previous_event_projection,2022-06-13 00:00:00+00:00,2022-06-17T06:00:00+00:00
latifi,LAT,williams,2022,9,2022_09,villeneuve,previous_event_projection,2022-06-13 00:00:00+00:00,2022-06-17T06:00:00+00:00
leclerc,LEC,ferrari,2022,9,2022_09,villeneuve,previous_event_projection,2022-06-13 00:00:00+00:00,2022-06-17T06:00:00+00:00
max_verstappen,VER,red_bull,2022,9,2022_09,villeneuve,previous_event_projection,2022-06-13 00:00:00+00:00,2022-06-17T06:00:00+00:00
mick_schumacher,MSC,haas,2022,9,2022_09,villeneuve,previous_event_projection,2022-06-13 00:00:00+00:00,2022-06-17T06:00:00+00:00
norris,NOR,mclaren,2022,9,2022_09,villeneuve,previous_event_projection,2022-06-13 00:00:00+00:00,2022-06-17T06:00:00+00:00
ocon,OCO,alpine,2022,9,2022_09,villeneuve,previous_event_projection,2022-06-13 00:00:00+00:00,2022-06-17T06:00:00+00:00
perez,PER,red_bull,2022,9,2022_09,villeneuve,previous_event_projection,2022-06-13 00:00:00+00:00,2022-06-17T06:00:00+00:00
ricciardo,RIC,mclaren,2022,9,2022_09,villeneuve,previous_event_projection,2022-06-13 00:00:00+00:00,2022-06-17T06:00:00+00:00
russell,RUS,mercedes,2022,9,2022_09,villeneuve,previous_event_projection,2022-06-13 00:00:00+00:00,2022-06-17T06:00:00+00:00
sainz,SAI,ferrari,2022,9,2022_09,villeneuve,previous_event_projection,2022-06-13 00:00:00+00:00,2022-06-17T06:00:00+00:00
stroll,STR,aston_martin,2022,9,2022_09,villeneuve,previous_event_projection,2022-06-13 00:00:00+00:00,2022-06-17T06:00:00+00:00
tsunoda,TSU,alphatauri,2022,9,2022_09,villeneuve,previous_event_projection,2022-06-13 00:00:00+00:00,2022-06-17T06:00:00+00:00
vettel,VET,aston_martin,2022,9,2022_09,villeneuve,previous_event_projection,2022-06-13 00:00:00+00:00,2022-06-17T06:00:00+00:00
zhou,ZHO,alfa,2022,9,2022_09,villeneuve,previous_event_projection,2022-06-13 00:00:00+00:00,2022-06-17T06:00:00+00:00
albon,ALB,williams,2022,10,2022_10,silverstone,previous_event_projection,2022-06-20 00:00:00+00:00,2022-07-01T02:00:00+00:00
alonso,ALO,alpine,2022,10,2022_10,silverstone,previous_event_projection,2022-06-20 00:00:00+00:00,2022-07-01T02:00:00+00:00
bottas,BOT,alfa,2022,10,2022_10,silverstone,previous_event_projection,2022-06-20 00:00:00+00:00,2022-07-01T02:00:00+00:00
gasly,GAS,alphatauri,2022,10,2022_10,silverstone,previous_event_projection,2022-06-20 00:00:00+00:00,2022-07-01T02:00:00+00:00
hamilton,HAM,mercedes,2022,10,2022_10,silverstone,previous_event_projection,2022-06-20 00:00:00+00:00,2022-07-01T02:00:00+00:00
kevin_magnussen,MAG,haas,2022,10,2022_10,silverstone,previous_event_projection,2022-06-20 00:00:00+00:00,2022-07-01T02:00:00+00:00
latifi,LAT,williams,2022,10,2022_10,silverstone,previous_event_projection,2022-06-20 00:00:00+00:00,2022-07-01T02:00:00+00:00
leclerc,LEC,ferrari,2022,10,2022_10,silverstone,previous_event_projection,2022-06-20 00:00:00+00:00,2022-07-01T02:00:00+00:00
max_verstappen,VER,red_bull,2022,10,2022_10,silverstone,previous_event_projection,2022-06-20 00:00:00+00:00,2022-07-01T02:00:00+00:00
mick_schumacher,MSC,haas,2022,10,2022_10,silverstone,previous_event_projection,2022-06-20 00:00:00+00:00,2022-07-01T02:00:00+00:00
norris,NOR,mclaren,2022,10,2022_10,silverstone,previous_event_projection,2022-06-20 00:00:00+00:00,2022-07-01T02:00:00+00:00
ocon,OCO,alpine,2022,10,2022_10,silverstone,previous_event_projection,2022-06-20 00:00:00+00:00,2022-07-01T02:00:00+00:00
perez,PER,red_bull,2022,10,2022_10,silverstone,previous_event_projection,2022-06-20 00:00:00+00:00,2022-07-01T02:00:00+00:00
ricciardo,RIC,mclaren,2022,10,2022_10,silverstone,previous_event_projection,2022-06-20 00:00:00+00:00,2022-07-01T02:00:00+00:00
russell,RUS,mercedes,2022,10,2022_10,silverstone,previous_event_projection,2022-06-20 00:00:00+00:00,2022-07-01T02:00:00+00:00
sainz,SAI,ferrari,2022,10,2022_10,silverstone,previous_event_projection,2022-06-20 00:00:00+00:00,2022-07-01T02:00:00+00:00
stroll,STR,aston_martin,2022,10,2022_10,silverstone,previous_event_projection,2022-06-20 00:00:00+00:00,2022-07-01T02:00:00+00:00
tsunoda,TSU,alphatauri,2022,10,2022_10,silverstone,previous_event_projection,2022-06-20 00:00:00+00:00,2022-07-01T02:00:00+00:00
vettel,VET,aston_martin,2022,10,2022_10,silverstone,previous_event_projection,2022-06-20 00:00:00+00:00,2022-07-01T02:00:00+00:00
zhou,ZHO,alfa,2022,10,2022_10,silverstone,previous_event_projection,2022-06-20 00:00:00+00:00,2022-07-01T02:00:00+00:00
albon,ALB,williams,2022,11,2022_11,red_bull_ring,previous_event_projection,2022-07-04 00:00:00+00:00,2022-07-08T01:00:00+00:00
alonso,ALO,alpine,2022,11,2022_11,red_bull_ring,previous_event_projection,2022-07-04 00:00:00+00:00,2022-07-08T01:00:00+00:00
bottas,BOT,alfa,2022,11,2022_11,red_bull_ring,previous_event_projection,2022-07-04 00:00:00+00:00,2022-07-08T01:00:00+00:00
gasly,GAS,alphatauri,2022,11,2022_11,red_bull_ring,previous_event_projection,2022-07-04 00:00:00+00:00,2022-07-08T01:00:00+00:00
hamilton,HAM,mercedes,2022,11,2022_11,red_bull_ring,previous_event_projection,2022-07-04 00:00:00+00:00,2022-07-08T01:00:00+00:00
kevin_magnussen,MAG,haas,2022,11,2022_11,red_bull_ring,previous_event_projection,2022-07-04 00:00:00+00:00,2022-07-08T01:00:00+00:00
latifi,LAT,williams,2022,11,2022_11,red_bull_ring,previous_event_projection,2022-07-04 00:00:00+00:00,2022-07-08T01:00:00+00:00
leclerc,LEC,ferrari,2022,11,2022_11,red_bull_ring,previous_event_projection,2022-07-04 00:00:00+00:00,2022-07-08T01:00:00+00:00
max_verstappen,VER,red_bull,2022,11,2022_11,red_bull_ring,previous_event_projection,2022-07-04 00:00:00+00:00,2022-07-08T01:00:00+00:00
mick_schumacher,MSC,haas,2022,11,2022_11,red_bull_ring,previous_event_projection,2022-07-04 00:00:00+00:00,2022-07-08T01:00:00+00:00
norris,NOR,mclaren,2022,11,2022_11,red_bull_ring,previous_event_projection,2022-07-04 00:00:00+00:00,2022-07-08T01:00:00+00:00
ocon,OCO,alpine,2022,11,2022_11,red_bull_ring,previous_event_projection,2022-07-04 00:00:00+00:00,2022-07-08T01:00:00+00:00
perez,PER,red_bull,2022,11,2022_11,red_bull_ring,previous_event_projection,2022-07-04 00:00:00+00:00,2022-07-08T01:00:00+00:00
ricciardo,RIC,mclaren,2022,11,2022_11,red_bull_ring,previous_event_projection,2022-07-04 00:00:00+00:00,2022-07-08T01:00:00+00:00
russell,RUS,mercedes,2022,11,2022_11,red_bull_ring,previous_event_projection,2022-07-04 00:00:00+00:00,2022-07-08T01:00:00+00:00
sainz,SAI,ferrari,2022,11,2022_11,red_bull_ring,previous_event_projection,2022-07-04 00:00:00+00:00,2022-07-08T01:00:00+00:00
stroll,STR,aston_martin,2022,11,2022_11,red_bull_ring,previous_event_projection,2022-07-04 00:00:00+00:00,2022-07-08T01:00:00+00:00
tsunoda,TSU,alphatauri,2022,11,2022_11,red_bull_ring,previous_event_projection,2022-07-04 00:00:00+00:00,2022-07-08T01:00:00+00:00
vettel,VET,aston_martin,2022,11,2022_11,red_bull_ring,previous_event_projection,2022-07-04 00:00:00+00:00,2022-07-08T01:00:00+00:00
zhou,ZHO,alfa,2022,11,2022_11,red_bull_ring,previous_event_projection,2022-07-04 00:00:00+00:00,2022-07-08T01:00:00+00:00
albon,ALB,williams,2022,12,2022_12,ricard,previous_event_projection,2022-07-11 00:00:00+00:00,2022-07-22T01:00:00+00:00
alonso,ALO,alpine,2022,12,2022_12,ricard,previous_event_projection,2022-07-11 00:00:00+00:00,2022-07-22T01:00:00+00:00
bottas,BOT,alfa,2022,12,2022_12,ricard,previous_event_projection,2022-07-11 00:00:00+00:00,2022-07-22T01:00:00+00:00
gasly,GAS,alphatauri,2022,12,2022_12,ricard,previous_event_projection,2022-07-11 00:00:00+00:00,2022-07-22T01:00:00+00:00
hamilton,HAM,mercedes,2022,12,2022_12,ricard,previous_event_projection,2022-07-11 00:00:00+00:00,2022-07-22T01:00:00+00:00
kevin_magnussen,MAG,haas,2022,12,2022_12,ricard,previous_event_projection,2022-07-11 00:00:00+00:00,2022-07-22T01:00:00+00:00
latifi,LAT,williams,2022,12,2022_12,ricard,previous_event_projection,2022-07-11 00:00:00+00:00,2022-07-22T01:00:00+00:00
leclerc,LEC,ferrari,2022,12,2022_12,ricard,previous_event_projection,2022-07-11 00:00:00+00:00,2022-07-22T01:00:00+00:00
max_verstappen,VER,red_bull,2022,12,2022_12,ricard,previous_event_projection,2022-07-11 00:00:00+00:00,2022-07-22T01:00:00+00:00
mick_schumacher,MSC,haas,2022,12,2022_12,ricard,previous_event_projection,2022-07-11 00:00:00+00:00,2022-07-22T01:00:00+00:00
norris,NOR,mclaren,2022,12,2022_12,ricard,previous_event_projection,2022-07-11 00:00:00+00:00,2022-07-22T01:00:00+00:00
ocon,OCO,alpine,2022,12,2022_12,ricard,previous_event_projection,2022-07-11 00:00:00+00:00,2022-07-22T01:00:00+00:00
perez,PER,red_bull,2022,12,2022_12,ricard,previous_event_projection,2022-07-11 00:00:00+00:00,2022-07-22T01:00:00+00:00
ricciardo,RIC,mclaren,2022,12,2022_12,ricard,previous_event_projection,2022-07-11 00:00:00+00:00,2022-07-22T01:00:00+00:00
russell,RUS,mercedes,2022,12,2022_12,ricard,previous_event_projection,2022-07-11 00:00:00+00:00,2022-07-22T01:00:00+00:00
sainz,SAI,ferrari,2022,12,2022_12,ricard,previous_event_projection,2022-07-11 00:00:00+00:00,2022-07-22T01:00:00+00:00
stroll,STR,aston_martin,2022,12,2022_12,ricard,previous_event_projection,2022-07-11 00:00:00+00:00,2022-07-22T01:00:00+00:00
tsunoda,TSU,alphatauri,2022,12,2022_12,ricard,previous_event_projection,2022-07-11 00:00:00+00:00,2022-07-22T01:00:00+00:00
vettel,VET,aston_martin,2022,12,2022_12,ricard,previous_event_projection,2022-07-11 00:00:00+00:00,2022-07-22T01:00:00+00:00
zhou,ZHO,alfa,2022,12,2022_12,ricard,previous_event_projection,2022-07-11 00:00:00+00:00,2022-07-22T01:00:00+00:00
albon,ALB,williams,2022,13,2022_13,hungaroring,previous_event_projection,2022-07-25 00:00:00+00:00,2022-07-29T01:00:00+00:00
alonso,ALO,alpine,2022,13,2022_13,hungaroring,previous_event_projection,2022-07-25 00:00:00+00:00,2022-07-29T01:00:00+00:00
bottas,BOT,alfa,2022,13,2022_13,hungaroring,previous_event_projection,2022-07-25 00:00:00+00:00,2022-07-29T01:00:00+00:00
gasly,GAS,alphatauri,2022,13,2022_13,hungaroring,previous_event_projection,2022-07-25 00:00:00+00:00,2022-07-29T01:00:00+00:00
hamilton,HAM,mercedes,2022,13,2022_13,hungaroring,previous_event_projection,2022-07-25 00:00:00+00:00,2022-07-29T01:00:00+00:00
kevin_magnussen,MAG,haas,2022,13,2022_13,hungaroring,previous_event_projection,2022-07-25 00:00:00+00:00,2022-07-29T01:00:00+00:00
latifi,LAT,williams,2022,13,2022_13,hungaroring,previous_event_projection,2022-07-25 00:00:00+00:00,2022-07-29T01:00:00+00:00
leclerc,LEC,ferrari,2022,13,2022_13,hungaroring,previous_event_projection,2022-07-25 00:00:00+00:00,2022-07-29T01:00:00+00:00
max_verstappen,VER,red_bull,2022,13,2022_13,hungaroring,previous_event_projection,2022-07-25 00:00:00+00:00,2022-07-29T01:00:00+00:00
mick_schumacher,MSC,haas,2022,13,2022_13,hungaroring,previous_event_projection,2022-07-25 00:00:00+00:00,2022-07-29T01:00:00+00:00
norris,NOR,mclaren,2022,13,2022_13,hungaroring,previous_event_projection,2022-07-25 00:00:00+00:00,2022-07-29T01:00:00+00:00
ocon,OCO,alpine,2022,13,2022_13,hungaroring,previous_event_projection,2022-07-25 00:00:00+00:00,2022-07-29T01:00:00+00:00
perez,PER,red_bull,2022,13,2022_13,hungaroring,previous_event_projection,2022-07-25 00:00:00+00:00,2022-07-29T01:00:00+00:00
ricciardo,RIC,mclaren,2022,13,2022_13,hungaroring,previous_event_projection,2022-07-25 00:00:00+00:00,2022-07-29T01:00:00+00:00
russell,RUS,mercedes,2022,13,2022_13,hungaroring,previous_event_projection,2022-07-25 00:00:00+00:00,2022-07-29T01:00:00+00:00
sainz,SAI,ferrari,2022,13,2022_13,hungaroring,previous_event_projection,2022-07-25 00:00:00+00:00,2022-07-29T01:00:00+00:00
stroll,STR,aston_martin,2022,13,2022_13,hungaroring,previous_event_projection,2022-07-25 00:00:00+00:00,2022-07-29T01:00:00+00:00
tsunoda,TSU,alphatauri,2022,13,2022_13,hungaroring,previous_event_projection,2022-07-25 00:00:00+00:00,2022-07-29T01:00:00+00:00
vettel,VET,aston_martin,2022,13,2022_13,hungaroring,previous_event_projection,2022-07-25 00:00:00+00:00,2022-07-29T01:00:00+00:00
zhou,ZHO,alfa,2022,13,2022_13,hungaroring,previous_event_projection,2022-07-25 00:00:00+00:00,2022-07-29T01:00:00+00:00
albon,ALB,williams,2022,14,2022_14,spa,previous_event_projection,2022-08-01 00:00:00+00:00,2022-08-26T01:00:00+00:00
alonso,ALO,alpine,2022,14,2022_14,spa,previous_event_projection,2022-08-01 00:00:00+00:00,2022-08-26T01:00:00+00:00
bottas,BOT,alfa,2022,14,2022_14,spa,previous_event_projection,2022-08-01 00:00:00+00:00,2022-08-26T01:00:00+00:00
gasly,GAS,alphatauri,2022,14,2022_14,spa,previous_event_projection,2022-08-01 00:00:00+00:00,2022-08-26T01:00:00+00:00
hamilton,HAM,mercedes,2022,14,2022_14,spa,previous_event_projection,2022-08-01 00:00:00+00:00,2022-08-26T01:00:00+00:00
kevin_magnussen,MAG,haas,2022,14,2022_14,spa,previous_event_projection,2022-08-01 00:00:00+00:00,2022-08-26T01:00:00+00:00
latifi,LAT,williams,2022,14,2022_14,spa,previous_event_projection,2022-08-01 00:00:00+00:00,2022-08-26T01:00:00+00:00
leclerc,LEC,ferrari,2022,14,2022_14,spa,previous_event_projection,2022-08-01 00:00:00+00:00,2022-08-26T01:00:00+00:00
max_verstappen,VER,red_bull,2022,14,2022_14,spa,previous_event_projection,2022-08-01 00:00:00+00:00,2022-08-26T01:00:00+00:00
mick_schumacher,MSC,haas,2022,14,2022_14,spa,previous_event_projection,2022-08-01 00:00:00+00:00,2022-08-26T01:00:00+00:00
norris,NOR,mclaren,2022,14,2022_14,spa,previous_event_projection,2022-08-01 00:00:00+00:00,2022-08-26T01:00:00+00:00
ocon,OCO,alpine,2022,14,2022_14,spa,previous_event_projection,2022-08-01 00:00:00+00:00,2022-08-26T01:00:00+00:00
perez,PER,red_bull,2022,14,2022_14,spa,previous_event_projection,2022-08-01 00:00:00+00:00,2022-08-26T01:00:00+00:00
ricciardo,RIC,mclaren,2022,14,2022_14,spa,previous_event_projection,2022-08-01 00:00:00+00:00,2022-08-26T01:00:00+00:00
russell,RUS,mercedes,2022,14,2022_14,spa,previous_event_projection,2022-08-01 00:00:00+00:00,2022-08-26T01:00:00+00:00
sainz,SAI,ferrari,2022,14,2022_14,spa,previous_event_projection,2022-08-01 00:00:00+00:00,2022-08-26T01:00:00+00:00
stroll,STR,aston_martin,2022,14,2022_14,spa,previous_event_projection,2022-08-01 00:00:00+00:00,2022-08-26T01:00:00+00:00
tsunoda,TSU,alphatauri,2022,14,2022_14,spa,previous_event_projection,2022-08-01 00:00:00+00:00,2022-08-26T01:00:00+00:00
vettel,VET,aston_martin,2022,14,2022_14,spa,previous_event_projection,2022-08-01 00:00:00+00:00,2022-08-26T01:00:00+00:00
zhou,ZHO,alfa,2022,14,2022_14,spa,previous_event_projection,2022-08-01 00:00:00+00:00,2022-08-26T01:00:00+00:00
albon,ALB,williams,2022,15,2022_15,zandvoort,previous_event_projection,2022-08-29 00:00:00+00:00,2022-09-02T01:00:00+00:00
alonso,ALO,alpine,2022,15,2022_15,zandvoort,previous_event_projection,2022-08-29 00:00:00+00:00,2022-09-02T01:00:00+00:00
bottas,BOT,alfa,2022,15,2022_15,zandvoort,previous_event_projection,2022-08-29 00:00:00+00:00,2022-09-02T01:00:00+00:00
gasly,GAS,alphatauri,2022,15,2022_15,zandvoort,previous_event_projection,2022-08-29 00:00:00+00:00,2022-09-02T01:00:00+00:00
hamilton,HAM,mercedes,2022,15,2022_15,zandvoort,previous_event_projection,2022-08-29 00:00:00+00:00,2022-09-02T01:00:00+00:00
kevin_magnussen,MAG,haas,2022,15,2022_15,zandvoort,previous_event_projection,2022-08-29 00:00:00+00:00,2022-09-02T01:00:00+00:00
latifi,LAT,williams,2022,15,2022_15,zandvoort,previous_event_projection,2022-08-29 00:00:00+00:00,2022-09-02T01:00:00+00:00
leclerc,LEC,ferrari,2022,15,2022_15,zandvoort,previous_event_projection,2022-08-29 00:00:00+00:00,2022-09-02T01:00:00+00:00
max_verstappen,VER,red_bull,2022,15,2022_15,zandvoort,previous_event_projection,2022-08-29 00:00:00+00:00,2022-09-02T01:00:00+00:00
mick_schumacher,MSC,haas,2022,15,2022_15,zandvoort,previous_event_projection,2022-08-29 00:00:00+00:00,2022-09-02T01:00:00+00:00
norris,NOR,mclaren,2022,15,2022_15,zandvoort,previous_event_projection,2022-08-29 00:00:00+00:00,2022-09-02T01:00:00+00:00
ocon,OCO,alpine,2022,15,2022_15,zandvoort,previous_event_projection,2022-08-29 00:00:00+00:00,2022-09-02T01:00:00+00:00
perez,PER,red_bull,2022,15,2022_15,zandvoort,previous_event_projection,2022-08-29 00:00:00+00:00,2022-09-02T01:00:00+00:00
ricciardo,RIC,mclaren,2022,15,2022_15,zandvoort,previous_event_projection,2022-08-29 00:00:00+00:00,2022-09-02T01:00:00+00:00
russell,RUS,mercedes,2022,15,2022_15,zandvoort,previous_event_projection,2022-08-29 00:00:00+00:00,2022-09-02T01:00:00+00:00
sainz,SAI,ferrari,2022,15,2022_15,zandvoort,previous_event_projection,2022-08-29 00:00:00+00:00,2022-09-02T01:00:00+00:00
stroll,STR,aston_martin,2022,15,2022_15,zandvoort,previous_event_projection,2022-08-29 00:00:00+00:00,2022-09-02T01:00:00+00:00
tsunoda,TSU,alphatauri,2022,15,2022_15,zandvoort,previous_event_projection,2022-08-29 00:00:00+00:00,2022-09-02T01:00:00+00:00
vettel,VET,aston_martin,2022,15,2022_15,zandvoort,previous_event_projection,2022-08-29 00:00:00+00:00,2022-09-02T01:00:00+00:00
zhou,ZHO,alfa,2022,15,2022_15,zandvoort,previous_event_projection,2022-08-29 00:00:00+00:00,2022-09-02T01:00:00+00:00
albon,ALB,williams,2022,16,2022_16,monza,previous_event_projection,2022-09-05 00:00:00+00:00,2022-09-09T01:00:00+00:00
alonso,ALO,alpine,2022,16,2022_16,monza,previous_event_projection,2022-09-05 00:00:00+00:00,2022-09-09T01:00:00+00:00
bottas,BOT,alfa,2022,16,2022_16,monza,previous_event_projection,2022-09-05 00:00:00+00:00,2022-09-09T01:00:00+00:00
gasly,GAS,alphatauri,2022,16,2022_16,monza,previous_event_projection,2022-09-05 00:00:00+00:00,2022-09-09T01:00:00+00:00
hamilton,HAM,mercedes,2022,16,2022_16,monza,previous_event_projection,2022-09-05 00:00:00+00:00,2022-09-09T01:00:00+00:00
kevin_magnussen,MAG,haas,2022,16,2022_16,monza,previous_event_projection,2022-09-05 00:00:00+00:00,2022-09-09T01:00:00+00:00
latifi,LAT,williams,2022,16,2022_16,monza,previous_event_projection,2022-09-05 00:00:00+00:00,2022-09-09T01:00:00+00:00
leclerc,LEC,ferrari,2022,16,2022_16,monza,previous_event_projection,2022-09-05 00:00:00+00:00,2022-09-09T01:00:00+00:00
max_verstappen,VER,red_bull,2022,16,2022_16,monza,previous_event_projection,2022-09-05 00:00:00+00:00,2022-09-09T01:00:00+00:00
mick_schumacher,MSC,haas,2022,16,2022_16,monza,previous_event_projection,2022-09-05 00:00:00+00:00,2022-09-09T01:00:00+00:00
norris,NOR,mclaren,2022,16,2022_16,monza,previous_event_projection,2022-09-05 00:00:00+00:00,2022-09-09T01:00:00+00:00
ocon,OCO,alpine,2022,16,2022_16,monza,previous_event_projection,2022-09-05 00:00:00+00:00,2022-09-09T01:00:00+00:00
perez,PER,red_bull,2022,16,2022_16,monza,previous_event_projection,2022-09-05 00:00:00+00:00,2022-09-09T01:00:00+00:00
ricciardo,RIC,mclaren,2022,16,2022_16,monza,previous_event_projection,2022-09-05 00:00:00+00:00,2022-09-09T01:00:00+00:00
russell,RUS,mercedes,2022,16,2022_16,monza,previous_event_projection,2022-09-05 00:00:00+00:00,2022-09-09T01:00:00+00:00
sainz,SAI,ferrari,2022,16,2022_16,monza,previous_event_projection,2022-09-05 00:00:00+00:00,2022-09-09T01:00:00+00:00
stroll,STR,aston_martin,2022,16,2022_16,monza,previous_event_projection,2022-09-05 00:00:00+00:00,2022-09-09T01:00:00+00:00
tsunoda,TSU,alphatauri,2022,16,2022_16,monza,previous_event_projection,2022-09-05 00:00:00+00:00,2022-09-09T01:00:00+00:00
vettel,VET,aston_martin,2022,16,2022_16,monza,previous_event_projection,2022-09-05 00:00:00+00:00,2022-09-09T01:00:00+00:00
zhou,ZHO,alfa,2022,16,2022_16,monza,previous_event_projection,2022-09-05 00:00:00+00:00,2022-09-09T01:00:00+00:00
alonso,ALO,alpine,2022,17,2022_17,marina_bay,previous_event_projection,2022-09-12 00:00:00+00:00,2022-09-30T00:00:00+00:00
bottas,BOT,alfa,2022,17,2022_17,marina_bay,previous_event_projection,2022-09-12 00:00:00+00:00,2022-09-30T00:00:00+00:00
de_vries,DEV,williams,2022,17,2022_17,marina_bay,previous_event_projection,2022-09-12 00:00:00+00:00,2022-09-30T00:00:00+00:00
gasly,GAS,alphatauri,2022,17,2022_17,marina_bay,previous_event_projection,2022-09-12 00:00:00+00:00,2022-09-30T00:00:00+00:00
hamilton,HAM,mercedes,2022,17,2022_17,marina_bay,previous_event_projection,2022-09-12 00:00:00+00:00,2022-09-30T00:00:00+00:00
kevin_magnussen,MAG,haas,2022,17,2022_17,marina_bay,previous_event_projection,2022-09-12 00:00:00+00:00,2022-09-30T00:00:00+00:00
latifi,LAT,williams,2022,17,2022_17,marina_bay,previous_event_projection,2022-09-12 00:00:00+00:00,2022-09-30T00:00:00+00:00
leclerc,LEC,ferrari,2022,17,2022_17,marina_bay,previous_event_projection,2022-09-12 00:00:00+00:00,2022-09-30T00:00:00+00:00
max_verstappen,VER,red_bull,2022,17,2022_17,marina_bay,previous_event_projection,2022-09-12 00:00:00+00:00,2022-09-30T00:00:00+00:00
mick_schumacher,MSC,haas,2022,17,2022_17,marina_bay,previous_event_projection,2022-09-12 00:00:00+00:00,2022-09-30T00:00:00+00:00
norris,NOR,mclaren,2022,17,2022_17,marina_bay,previous_event_projection,2022-09-12 00:00:00+00:00,2022-09-30T00:00:00+00:00
ocon,OCO,alpine,2022,17,2022_17,marina_bay,previous_event_projection,2022-09-12 00:00:00+00:00,2022-09-30T00:00:00+00:00
perez,PER,red_bull,2022,17,2022_17,marina_bay,previous_event_projection,2022-09-12 00:00:00+00:00,2022-09-30T00:00:00+00:00
ricciardo,RIC,mclaren,2022,17,2022_17,marina_bay,previous_event_projection,2022-09-12 00:00:00+00:00,2022-09-30T00:00:00+00:00
russell,RUS,mercedes,2022,17,2022_17,marina_bay,previous_event_projection,2022-09-12 00:00:00+00:00,2022-09-30T00:00:00+00:00
sainz,SAI,ferrari,2022,17,2022_17,marina_bay,previous_event_projection,2022-09-12 00:00:00+00:00,2022-09-30T00:00:00+00:00
stroll,STR,aston_martin,2022,17,2022_17,marina_bay,previous_event_projection,2022-09-12 00:00:00+00:00,2022-09-30T00:00:00+00:00
tsunoda,TSU,alphatauri,2022,17,2022_17,marina_bay,previous_event_projection,2022-09-12 00:00:00+00:00,2022-09-30T00:00:00+00:00
vettel,VET,aston_martin,2022,17,2022_17,marina_bay,previous_event_projection,2022-09-12 00:00:00+00:00,2022-09-30T00:00:00+00:00
zhou,ZHO,alfa,2022,17,2022_17,marina_bay,previous_event_projection,2022-09-12 00:00:00+00:00,2022-09-30T00:00:00+00:00
albon,ALB,williams,2022,18,2022_18,suzuka,previous_event_projection,2022-10-03 00:00:00+00:00,2022-10-06T17:00:00+00:00
alonso,ALO,alpine,2022,18,2022_18,suzuka,previous_event_projection,2022-10-03 00:00:00+00:00,2022-10-06T17:00:00+00:00
bottas,BOT,alfa,2022,18,2022_18,suzuka,previous_event_projection,2022-10-03 00:00:00+00:00,2022-10-06T17:00:00+00:00
gasly,GAS,alphatauri,2022,18,2022_18,suzuka,previous_event_projection,2022-10-03 00:00:00+00:00,2022-10-06T17:00:00+00:00
hamilton,HAM,mercedes,2022,18,2022_18,suzuka,previous_event_projection,2022-10-03 00:00:00+00:00,2022-10-06T17:00:00+00:00
kevin_magnussen,MAG,haas,2022,18,2022_18,suzuka,previous_event_projection,2022-10-03 00:00:00+00:00,2022-10-06T17:00:00+00:00
latifi,LAT,williams,2022,18,2022_18,suzuka,previous_event_projection,2022-10-03 00:00:00+00:00,2022-10-06T17:00:00+00:00
leclerc,LEC,ferrari,2022,18,2022_18,suzuka,previous_event_projection,2022-10-03 00:00:00+00:00,2022-10-06T17:00:00+00:00
max_verstappen,VER,red_bull,2022,18,2022_18,suzuka,previous_event_projection,2022-10-03 00:00:00+00:00,2022-10-06T17:00:00+00:00
mick_schumacher,MSC,haas,2022,18,2022_18,suzuka,previous_event_projection,2022-10-03 00:00:00+00:00,2022-10-06T17:00:00+00:00
norris,NOR,mclaren,2022,18,2022_18,suzuka,previous_event_projection,2022-10-03 00:00:00+00:00,2022-10-06T17:00:00+00:00
ocon,OCO,alpine,2022,18,2022_18,suzuka,previous_event_projection,2022-10-03 00:00:00+00:00,2022-10-06T17:00:00+00:00
perez,PER,red_bull,2022,18,2022_18,suzuka,previous_event_projection,2022-10-03 00:00:00+00:00,2022-10-06T17:00:00+00:00
ricciardo,RIC,mclaren,2022,18,2022_18,suzuka,previous_event_projection,2022-10-03 00:00:00+00:00,2022-10-06T17:00:00+00:00
russell,RUS,mercedes,2022,18,2022_18,suzuka,previous_event_projection,2022-10-03 00:00:00+00:00,2022-10-06T17:00:00+00:00
sainz,SAI,ferrari,2022,18,2022_18,suzuka,previous_event_projection,2022-10-03 00:00:00+00:00,2022-10-06T17:00:00+00:00
stroll,STR,aston_martin,2022,18,2022_18,suzuka,previous_event_projection,2022-10-03 00:00:00+00:00,2022-10-06T17:00:00+00:00
tsunoda,TSU,alphatauri,2022,18,2022_18,suzuka,previous_event_projection,2022-10-03 00:00:00+00:00,2022-10-06T17:00:00+00:00
vettel,VET,aston_martin,2022,18,2022_18,suzuka,previous_event_projection,2022-10-03 00:00:00+00:00,2022-10-06T17:00:00+00:00
zhou,ZHO,alfa,2022,18,2022_18,suzuka,previous_event_projection,2022-10-03 00:00:00+00:00,2022-10-06T17:00:00+00:00
albon,ALB,williams,2022,19,2022_19,americas,previous_event_projection,2022-10-10 00:00:00+00:00,2022-10-21T07:00:00+00:00
alonso,ALO,alpine,2022,19,2022_19,americas,previous_event_projection,2022-10-10 00:00:00+00:00,2022-10-21T07:00:00+00:00
bottas,BOT,alfa,2022,19,2022_19,americas,previous_event_projection,2022-10-10 00:00:00+00:00,2022-10-21T07:00:00+00:00
gasly,GAS,alphatauri,2022,19,2022_19,americas,previous_event_projection,2022-10-10 00:00:00+00:00,2022-10-21T07:00:00+00:00
hamilton,HAM,mercedes,2022,19,2022_19,americas,previous_event_projection,2022-10-10 00:00:00+00:00,2022-10-21T07:00:00+00:00
kevin_magnussen,MAG,haas,2022,19,2022_19,americas,previous_event_projection,2022-10-10 00:00:00+00:00,2022-10-21T07:00:00+00:00
latifi,LAT,williams,2022,19,2022_19,americas,previous_event_projection,2022-10-10 00:00:00+00:00,2022-10-21T07:00:00+00:00
leclerc,LEC,ferrari,2022,19,2022_19,americas,previous_event_projection,2022-10-10 00:00:00+00:00,2022-10-21T07:00:00+00:00
max_verstappen,VER,red_bull,2022,19,2022_19,americas,previous_event_projection,2022-10-10 00:00:00+00:00,2022-10-21T07:00:00+00:00
mick_schumacher,MSC,haas,2022,19,2022_19,americas,previous_event_projection,2022-10-10 00:00:00+00:00,2022-10-21T07:00:00+00:00
norris,NOR,mclaren,2022,19,2022_19,americas,previous_event_projection,2022-10-10 00:00:00+00:00,2022-10-21T07:00:00+00:00
ocon,OCO,alpine,2022,19,2022_19,americas,previous_event_projection,2022-10-10 00:00:00+00:00,2022-10-21T07:00:00+00:00
perez,PER,red_bull,2022,19,2022_19,americas,previous_event_projection,2022-10-10 00:00:00+00:00,2022-10-21T07:00:00+00:00
ricciardo,RIC,mclaren,2022,19,2022_19,americas,previous_event_projection,2022-10-10 00:00:00+00:00,2022-10-21T07:00:00+00:00
russell,RUS,mercedes,2022,19,2022_19,americas,previous_event_projection,2022-10-10 00:00:00+00:00,2022-10-21T07:00:00+00:00
sainz,SAI,ferrari,2022,19,2022_19,americas,previous_event_projection,2022-10-10 00:00:00+00:00,2022-10-21T07:00:00+00:00
stroll,STR,aston_martin,2022,19,2022_19,americas,previous_event_projection,2022-10-10 00:00:00+00:00,2022-10-21T07:00:00+00:00
tsunoda,TSU,alphatauri,2022,19,2022_19,americas,previous_event_projection,2022-10-10 00:00:00+00:00,2022-10-21T07:00:00+00:00
vettel,VET,aston_martin,2022,19,2022_19,americas,previous_event_projection,2022-10-10 00:00:00+00:00,2022-10-21T07:00:00+00:00
zhou,ZHO,alfa,2022,19,2022_19,americas,previous_event_projection,2022-10-10 00:00:00+00:00,2022-10-21T07:00:00+00:00
albon,ALB,williams,2022,20,2022_20,rodriguez,previous_event_projection,2022-10-24 00:00:00+00:00,2022-10-28T08:00:00+00:00
alonso,ALO,alpine,2022,20,2022_20,rodriguez,previous_event_projection,2022-10-24 00:00:00+00:00,2022-10-28T08:00:00+00:00
bottas,BOT,alfa,2022,20,2022_20,rodriguez,previous_event_projection,2022-10-24 00:00:00+00:00,2022-10-28T08:00:00+00:00
gasly,GAS,alphatauri,2022,20,2022_20,rodriguez,previous_event_projection,2022-10-24 00:00:00+00:00,2022-10-28T08:00:00+00:00
hamilton,HAM,mercedes,2022,20,2022_20,rodriguez,previous_event_projection,2022-10-24 00:00:00+00:00,2022-10-28T08:00:00+00:00
kevin_magnussen,MAG,haas,2022,20,2022_20,rodriguez,previous_event_projection,2022-10-24 00:00:00+00:00,2022-10-28T08:00:00+00:00
latifi,LAT,williams,2022,20,2022_20,rodriguez,previous_event_projection,2022-10-24 00:00:00+00:00,2022-10-28T08:00:00+00:00
leclerc,LEC,ferrari,2022,20,2022_20,rodriguez,previous_event_projection,2022-10-24 00:00:00+00:00,2022-10-28T08:00:00+00:00
max_verstappen,VER,red_bull,2022,20,2022_20,rodriguez,previous_event_projection,2022-10-24 00:00:00+00:00,2022-10-28T08:00:00+00:00
mick_schumacher,MSC,haas,2022,20,2022_20,rodriguez,previous_event_projection,2022-10-24 00:00:00+00:00,2022-10-28T08:00:00+00:00
norris,NOR,mclaren,2022,20,2022_20,rodriguez,previous_event_projection,2022-10-24 00:00:00+00:00,2022-10-28T08:00:00+00:00
ocon,OCO,alpine,2022,20,2022_20,rodriguez,previous_event_projection,2022-10-24 00:00:00+00:00,2022-10-28T08:00:00+00:00
perez,PER,red_bull,2022,20,2022_20,rodriguez,previous_event_projection,2022-10-24 00:00:00+00:00,2022-10-28T08:00:00+00:00
ricciardo,RIC,mclaren,2022,20,2022_20,rodriguez,previous_event_projection,2022-10-24 00:00:00+00:00,2022-10-28T08:00:00+00:00
russell,RUS,mercedes,2022,20,2022_20,rodriguez,previous_event_projection,2022-10-24 00:00:00+00:00,2022-10-28T08:00:00+00:00
sainz,SAI,ferrari,2022,20,2022_20,rodriguez,previous_event_projection,2022-10-24 00:00:00+00:00,2022-10-28T08:00:00+00:00
stroll,STR,aston_martin,2022,20,2022_20,rodriguez,previous_event_projection,2022-10-24 00:00:00+00:00,2022-10-28T08:00:00+00:00
tsunoda,TSU,alphatauri,2022,20,2022_20,rodriguez,previous_event_projection,2022-10-24 00:00:00+00:00,2022-10-28T08:00:00+00:00
vettel,VET,aston_martin,2022,20,2022_20,rodriguez,previous_event_projection,2022-10-24 00:00:00+00:00,2022-10-28T08:00:00+00:00
zhou,ZHO,alfa,2022,20,2022_20,rodriguez,previous_event_projection,2022-10-24 00:00:00+00:00,2022-10-28T08:00:00+00:00
albon,ALB,williams,2022,21,2022_21,interlagos,previous_event_projection,2022-10-31 00:00:00+00:00,2022-11-11T06:00:00+00:00
alonso,ALO,alpine,2022,21,2022_21,interlagos,previous_event_projection,2022-10-31 00:00:00+00:00,2022-11-11T06:00:00+00:00
bottas,BOT,alfa,2022,21,2022_21,interlagos,previous_event_projection,2022-10-31 00:00:00+00:00,2022-11-11T06:00:00+00:00
gasly,GAS,alphatauri,2022,21,2022_21,interlagos,previous_event_projection,2022-10-31 00:00:00+00:00,2022-11-11T06:00:00+00:00
hamilton,HAM,mercedes,2022,21,2022_21,interlagos,previous_event_projection,2022-10-31 00:00:00+00:00,2022-11-11T06:00:00+00:00
kevin_magnussen,MAG,haas,2022,21,2022_21,interlagos,previous_event_projection,2022-10-31 00:00:00+00:00,2022-11-11T06:00:00+00:00
latifi,LAT,williams,2022,21,2022_21,interlagos,previous_event_projection,2022-10-31 00:00:00+00:00,2022-11-11T06:00:00+00:00
leclerc,LEC,ferrari,2022,21,2022_21,interlagos,previous_event_projection,2022-10-31 00:00:00+00:00,2022-11-11T06:00:00+00:00
max_verstappen,VER,red_bull,2022,21,2022_21,interlagos,previous_event_projection,2022-10-31 00:00:00+00:00,2022-11-11T06:00:00+00:00
mick_schumacher,MSC,haas,2022,21,2022_21,interlagos,previous_event_projection,2022-10-31 00:00:00+00:00,2022-11-11T06:00:00+00:00
norris,NOR,mclaren,2022,21,2022_21,interlagos,previous_event_projection,2022-10-31 00:00:00+00:00,2022-11-11T06:00:00+00:00
ocon,OCO,alpine,2022,21,2022_21,interlagos,previous_event_projection,2022-10-31 00:00:00+00:00,2022-11-11T06:00:00+00:00
perez,PER,red_bull,2022,21,2022_21,interlagos,previous_event_projection,2022-10-31 00:00:00+00:00,2022-11-11T06:00:00+00:00
ricciardo,RIC,mclaren,2022,21,2022_21,interlagos,previous_event_projection,2022-10-31 00:00:00+00:00,2022-11-11T06:00:00+00:00
russell,RUS,mercedes,2022,21,2022_21,interlagos,previous_event_projection,2022-10-31 00:00:00+00:00,2022-11-11T06:00:00+00:00
sainz,SAI,ferrari,2022,21,2022_21,interlagos,previous_event_projection,2022-10-31 00:00:00+00:00,2022-11-11T06:00:00+00:00
stroll,STR,aston_martin,2022,21,2022_21,interlagos,previous_event_projection,2022-10-31 00:00:00+00:00,2022-11-11T06:00:00+00:00
tsunoda,TSU,alphatauri,2022,21,2022_21,interlagos,previous_event_projection,2022-10-31 00:00:00+00:00,2022-11-11T06:00:00+00:00
vettel,VET,aston_martin,2022,21,2022_21,interlagos,previous_event_projection,2022-10-31 00:00:00+00:00,2022-11-11T06:00:00+00:00
zhou,ZHO,alfa,2022,21,2022_21,interlagos,previous_event_projection,2022-10-31 00:00:00+00:00,2022-11-11T06:00:00+00:00
albon,ALB,williams,2022,22,2022_22,yas_marina,previous_event_projection,2022-11-14 00:00:00+00:00,2022-11-18T01:00:00+00:00
alonso,ALO,alpine,2022,22,2022_22,yas_marina,previous_event_projection,2022-11-14 00:00:00+00:00,2022-11-18T01:00:00+00:00
bottas,BOT,alfa,2022,22,2022_22,yas_marina,previous_event_projection,2022-11-14 00:00:00+00:00,2022-11-18T01:00:00+00:00
gasly,GAS,alphatauri,2022,22,2022_22,yas_marina,previous_event_projection,2022-11-14 00:00:00+00:00,2022-11-18T01:00:00+00:00
hamilton,HAM,mercedes,2022,22,2022_22,yas_marina,previous_event_projection,2022-11-14 00:00:00+00:00,2022-11-18T01:00:00+00:00
kevin_magnussen,MAG,haas,2022,22,2022_22,yas_marina,previous_event_projection,2022-11-14 00:00:00+00:00,2022-11-18T01:00:00+00:00
latifi,LAT,williams,2022,22,2022_22,yas_marina,previous_event_projection,2022-11-14 00:00:00+00:00,2022-11-18T01:00:00+00:00
leclerc,LEC,ferrari,2022,22,2022_22,yas_marina,previous_event_projection,2022-11-14 00:00:00+00:00,2022-11-18T01:00:00+00:00
max_verstappen,VER,red_bull,2022,22,2022_22,yas_marina,previous_event_projection,2022-11-14 00:00:00+00:00,2022-11-18T01:00:00+00:00
mick_schumacher,MSC,haas,2022,22,2022_22,yas_marina,previous_event_projection,2022-11-14 00:00:00+00:00,2022-11-18T01:00:00+00:00
norris,NOR,mclaren,2022,22,2022_22,yas_marina,previous_event_projection,2022-11-14 00:00:00+00:00,2022-11-18T01:00:00+00:00
ocon,OCO,alpine,2022,22,2022_22,yas_marina,previous_event_projection,2022-11-14 00:00:00+00:00,2022-11-18T01:00:00+00:00
perez,PER,red_bull,2022,22,2022_22,yas_marina,previous_event_projection,2022-11-14 00:00:00+00:00,2022-11-18T01:00:00+00:00
ricciardo,RIC,mclaren,2022,22,2022_22,yas_marina,previous_event_projection,2022-11-14 00:00:00+00:00,2022-11-18T01:00:00+00:00
russell,RUS,mercedes,2022,22,2022_22,yas_marina,previous_event_projection,2022-11-14 00:00:00+00:00,2022-11-18T01:00:00+00:00
sainz,SAI,ferrari,2022,22,2022_22,yas_marina,previous_event_projection,2022-11-14 00:00:00+00:00,2022-11-18T01:00:00+00:00
stroll,STR,aston_martin,2022,22,2022_22,yas_marina,previous_event_projection,2022-11-14 00:00:00+00:00,2022-11-18T01:00:00+00:00
tsunoda,TSU,alphatauri,2022,22,2022_22,yas_marina,previous_event_projection,2022-11-14 00:00:00+00:00,2022-11-18T01:00:00+00:00
vettel,VET,aston_martin,2022,22,2022_22,yas_marina,previous_event_projection,2022-11-14 00:00:00+00:00,2022-11-18T01:00:00+00:00
zhou,ZHO,alfa,2022,22,2022_22,yas_marina,previous_event_projection,2022-11-14 00:00:00+00:00,2022-11-18T01:00:00+00:00
albon,ALB,williams,2023,2,2023_02,jeddah,previous_event_projection,2023-03-06 00:00:00+00:00,2023-03-17T05:00:00+00:00
alonso,ALO,aston_martin,2023,2,2023_02,jeddah,previous_event_projection,2023-03-06 00:00:00+00:00,2023-03-17T05:00:00+00:00
bottas,BOT,alfa,2023,2,2023_02,jeddah,previous_event_projection,2023-03-06 00:00:00+00:00,2023-03-17T05:00:00+00:00
de_vries,DEV,alphatauri,2023,2,2023_02,jeddah,previous_event_projection,2023-03-06 00:00:00+00:00,2023-03-17T05:00:00+00:00
gasly,GAS,alpine,2023,2,2023_02,jeddah,previous_event_projection,2023-03-06 00:00:00+00:00,2023-03-17T05:00:00+00:00
hamilton,HAM,mercedes,2023,2,2023_02,jeddah,previous_event_projection,2023-03-06 00:00:00+00:00,2023-03-17T05:00:00+00:00
hulkenberg,HUL,haas,2023,2,2023_02,jeddah,previous_event_projection,2023-03-06 00:00:00+00:00,2023-03-17T05:00:00+00:00
kevin_magnussen,MAG,haas,2023,2,2023_02,jeddah,previous_event_projection,2023-03-06 00:00:00+00:00,2023-03-17T05:00:00+00:00
leclerc,LEC,ferrari,2023,2,2023_02,jeddah,previous_event_projection,2023-03-06 00:00:00+00:00,2023-03-17T05:00:00+00:00
max_verstappen,VER,red_bull,2023,2,2023_02,jeddah,previous_event_projection,2023-03-06 00:00:00+00:00,2023-03-17T05:00:00+00:00
norris,NOR,mclaren,2023,2,2023_02,jeddah,previous_event_projection,2023-03-06 00:00:00+00:00,2023-03-17T05:00:00+00:00
ocon,OCO,alpine,2023,2,2023_02,jeddah,previous_event_projection,2023-03-06 00:00:00+00:00,2023-03-17T05:00:00+00:00
perez,PER,red_bull,2023,2,2023_02,jeddah,previous_event_projection,2023-03-06 00:00:00+00:00,2023-03-17T05:00:00+00:00
piastri,PIA,mclaren,2023,2,2023_02,jeddah,previous_event_projection,2023-03-06 00:00:00+00:00,2023-03-17T05:00:00+00:00
russell,RUS,mercedes,2023,2,2023_02,jeddah,previous_event_projection,2023-03-06 00:00:00+00:00,2023-03-17T05:00:00+00:00
sainz,SAI,ferrari,2023,2,2023_02,jeddah,previous_event_projection,2023-03-06 00:00:00+00:00,2023-03-17T05:00:00+00:00
sargeant,SAR,williams,2023,2,2023_02,jeddah,previous_event_projection,2023-03-06 00:00:00+00:00,2023-03-17T05:00:00+00:00
stroll,STR,aston_martin,2023,2,2023_02,jeddah,previous_event_projection,2023-03-06 00:00:00+00:00,2023-03-17T05:00:00+00:00
tsunoda,TSU,alphatauri,2023,2,2023_02,jeddah,previous_event_projection,2023-03-06 00:00:00+00:00,2023-03-17T05:00:00+00:00
zhou,ZHO,alfa,2023,2,2023_02,jeddah,previous_event_projection,2023-03-06 00:00:00+00:00,2023-03-17T05:00:00+00:00
albon,ALB,williams,2023,3,2023_03,albert_park,previous_event_projection,2023-03-20 00:00:00+00:00,2023-03-30T17:00:00+00:00
alonso,ALO,aston_martin,2023,3,2023_03,albert_park,previous_event_projection,2023-03-20 00:00:00+00:00,2023-03-30T17:00:00+00:00
bottas,BOT,alfa,2023,3,2023_03,albert_park,previous_event_projection,2023-03-20 00:00:00+00:00,2023-03-30T17:00:00+00:00
de_vries,DEV,alphatauri,2023,3,2023_03,albert_park,previous_event_projection,2023-03-20 00:00:00+00:00,2023-03-30T17:00:00+00:00
gasly,GAS,alpine,2023,3,2023_03,albert_park,previous_event_projection,2023-03-20 00:00:00+00:00,2023-03-30T17:00:00+00:00
hamilton,HAM,mercedes,2023,3,2023_03,albert_park,previous_event_projection,2023-03-20 00:00:00+00:00,2023-03-30T17:00:00+00:00
hulkenberg,HUL,haas,2023,3,2023_03,albert_park,previous_event_projection,2023-03-20 00:00:00+00:00,2023-03-30T17:00:00+00:00
kevin_magnussen,MAG,haas,2023,3,2023_03,albert_park,previous_event_projection,2023-03-20 00:00:00+00:00,2023-03-30T17:00:00+00:00
leclerc,LEC,ferrari,2023,3,2023_03,albert_park,previous_event_projection,2023-03-20 00:00:00+00:00,2023-03-30T17:00:00+00:00
max_verstappen,VER,red_bull,2023,3,2023_03,albert_park,previous_event_projection,2023-03-20 00:00:00+00:00,2023-03-30T17:00:00+00:00
norris,NOR,mclaren,2023,3,2023_03,albert_park,previous_event_projection,2023-03-20 00:00:00+00:00,2023-03-30T17:00:00+00:00
ocon,OCO,alpine,2023,3,2023_03,albert_park,previous_event_projection,2023-03-20 00:00:00+00:00,2023-03-30T17:00:00+00:00
perez,PER,red_bull,2023,3,2023_03,albert_park,previous_event_projection,2023-03-20 00:00:00+00:00,2023-03-30T17:00:00+00:00
piastri,PIA,mclaren,2023,3,2023_03,albert_park,previous_event_projection,2023-03-20 00:00:00+00:00,2023-03-30T17:00:00+00:00
russell,RUS,mercedes,2023,3,2023_03,albert_park,previous_event_projection,2023-03-20 00:00:00+00:00,2023-03-30T17:00:00+00:00
sainz,SAI,ferrari,2023,3,2023_03,albert_park,previous_event_projection,2023-03-20 00:00:00+00:00,2023-03-30T17:00:00+00:00
sargeant,SAR,williams,2023,3,2023_03,albert_park,previous_event_projection,2023-03-20 00:00:00+00:00,2023-03-30T17:00:00+00:00
stroll,STR,aston_martin,2023,3,2023_03,albert_park,previous_event_projection,2023-03-20 00:00:00+00:00,2023-03-30T17:00:00+00:00
tsunoda,TSU,alphatauri,2023,3,2023_03,albert_park,previous_event_projection,2023-03-20 00:00:00+00:00,2023-03-30T17:00:00+00:00
zhou,ZHO,alfa,2023,3,2023_03,albert_park,previous_event_projection,2023-03-20 00:00:00+00:00,2023-03-30T17:00:00+00:00
albon,ALB,williams,2023,4,2023_04,baku,previous_event_projection,2023-04-03 00:00:00+00:00,2023-04-27T23:00:00+00:00
alonso,ALO,aston_martin,2023,4,2023_04,baku,previous_event_projection,2023-04-03 00:00:00+00:00,2023-04-27T23:00:00+00:00
bottas,BOT,alfa,2023,4,2023_04,baku,previous_event_projection,2023-04-03 00:00:00+00:00,2023-04-27T23:00:00+00:00
de_vries,DEV,alphatauri,2023,4,2023_04,baku,previous_event_projection,2023-04-03 00:00:00+00:00,2023-04-27T23:00:00+00:00
gasly,GAS,alpine,2023,4,2023_04,baku,previous_event_projection,2023-04-03 00:00:00+00:00,2023-04-27T23:00:00+00:00
hamilton,HAM,mercedes,2023,4,2023_04,baku,previous_event_projection,2023-04-03 00:00:00+00:00,2023-04-27T23:00:00+00:00
hulkenberg,HUL,haas,2023,4,2023_04,baku,previous_event_projection,2023-04-03 00:00:00+00:00,2023-04-27T23:00:00+00:00
kevin_magnussen,MAG,haas,2023,4,2023_04,baku,previous_event_projection,2023-04-03 00:00:00+00:00,2023-04-27T23:00:00+00:00
leclerc,LEC,ferrari,2023,4,2023_04,baku,previous_event_projection,2023-04-03 00:00:00+00:00,2023-04-27T23:00:00+00:00
max_verstappen,VER,red_bull,2023,4,2023_04,baku,previous_event_projection,2023-04-03 00:00:00+00:00,2023-04-27T23:00:00+00:00
norris,NOR,mclaren,2023,4,2023_04,baku,previous_event_projection,2023-04-03 00:00:00+00:00,2023-04-27T23:00:00+00:00
ocon,OCO,alpine,2023,4,2023_04,baku,previous_event_projection,2023-04-03 00:00:00+00:00,2023-04-27T23:00:00+00:00
perez,PER,red_bull,2023,4,2023_04,baku,previous_event_projection,2023-04-03 00:00:00+00:00,2023-04-27T23:00:00+00:00
piastri,PIA,mclaren,2023,4,2023_04,baku,previous_event_projection,2023-04-03 00:00:00+00:00,2023-04-27T23:00:00+00:00
russell,RUS,mercedes,2023,4,2023_04,baku,previous_event_projection,2023-04-03 00:00:00+00:00,2023-04-27T23:00:00+00:00
sainz,SAI,ferrari,2023,4,2023_04,baku,previous_event_projection,2023-04-03 00:00:00+00:00,2023-04-27T23:00:00+00:00
sargeant,SAR,williams,2023,4,2023_04,baku,previous_event_projection,2023-04-03 00:00:00+00:00,2023-04-27T23:00:00+00:00
stroll,STR,aston_martin,2023,4,2023_04,baku,previous_event_projection,2023-04-03 00:00:00+00:00,2023-04-27T23:00:00+00:00
tsunoda,TSU,alphatauri,2023,4,2023_04,baku,previous_event_projection,2023-04-03 00:00:00+00:00,2023-04-27T23:00:00+00:00
zhou,ZHO,alfa,2023,4,2023_04,baku,previous_event_projection,2023-04-03 00:00:00+00:00,2023-04-27T23:00:00+00:00
albon,ALB,williams,2023,5,2023_05,miami,previous_event_projection,2023-05-01 00:00:00+00:00,2023-05-05T07:30:00+00:00
alonso,ALO,aston_martin,2023,5,2023_05,miami,previous_event_projection,2023-05-01 00:00:00+00:00,2023-05-05T07:30:00+00:00
bottas,BOT,alfa,2023,5,2023_05,miami,previous_event_projection,2023-05-01 00:00:00+00:00,2023-05-05T07:30:00+00:00
de_vries,DEV,alphatauri,2023,5,2023_05,miami,previous_event_projection,2023-05-01 00:00:00+00:00,2023-05-05T07:30:00+00:00
gasly,GAS,alpine,2023,5,2023_05,miami,previous_event_projection,2023-05-01 00:00:00+00:00,2023-05-05T07:30:00+00:00
hamilton,HAM,mercedes,2023,5,2023_05,miami,previous_event_projection,2023-05-01 00:00:00+00:00,2023-05-05T07:30:00+00:00
hulkenberg,HUL,haas,2023,5,2023_05,miami,previous_event_projection,2023-05-01 00:00:00+00:00,2023-05-05T07:30:00+00:00
kevin_magnussen,MAG,haas,2023,5,2023_05,miami,previous_event_projection,2023-05-01 00:00:00+00:00,2023-05-05T07:30:00+00:00
leclerc,LEC,ferrari,2023,5,2023_05,miami,previous_event_projection,2023-05-01 00:00:00+00:00,2023-05-05T07:30:00+00:00
max_verstappen,VER,red_bull,2023,5,2023_05,miami,previous_event_projection,2023-05-01 00:00:00+00:00,2023-05-05T07:30:00+00:00
norris,NOR,mclaren,2023,5,2023_05,miami,previous_event_projection,2023-05-01 00:00:00+00:00,2023-05-05T07:30:00+00:00
ocon,OCO,alpine,2023,5,2023_05,miami,previous_event_projection,2023-05-01 00:00:00+00:00,2023-05-05T07:30:00+00:00
perez,PER,red_bull,2023,5,2023_05,miami,previous_event_projection,2023-05-01 00:00:00+00:00,2023-05-05T07:30:00+00:00
piastri,PIA,mclaren,2023,5,2023_05,miami,previous_event_projection,2023-05-01 00:00:00+00:00,2023-05-05T07:30:00+00:00
russell,RUS,mercedes,2023,5,2023_05,miami,previous_event_projection,2023-05-01 00:00:00+00:00,2023-05-05T07:30:00+00:00
sainz,SAI,ferrari,2023,5,2023_05,miami,previous_event_projection,2023-05-01 00:00:00+00:00,2023-05-05T07:30:00+00:00
sargeant,SAR,williams,2023,5,2023_05,miami,previous_event_projection,2023-05-01 00:00:00+00:00,2023-05-05T07:30:00+00:00
stroll,STR,aston_martin,2023,5,2023_05,miami,previous_event_projection,2023-05-01 00:00:00+00:00,2023-05-05T07:30:00+00:00
tsunoda,TSU,alphatauri,2023,5,2023_05,miami,previous_event_projection,2023-05-01 00:00:00+00:00,2023-05-05T07:30:00+00:00
zhou,ZHO,alfa,2023,5,2023_05,miami,previous_event_projection,2023-05-01 00:00:00+00:00,2023-05-05T07:30:00+00:00
albon,ALB,williams,2023,6,2023_06,monaco,previous_event_projection,2023-05-08 00:00:00+00:00,2023-05-26T01:00:00+00:00
alonso,ALO,aston_martin,2023,6,2023_06,monaco,previous_event_projection,2023-05-08 00:00:00+00:00,2023-05-26T01:00:00+00:00
bottas,BOT,alfa,2023,6,2023_06,monaco,previous_event_projection,2023-05-08 00:00:00+00:00,2023-05-26T01:00:00+00:00
de_vries,DEV,alphatauri,2023,6,2023_06,monaco,previous_event_projection,2023-05-08 00:00:00+00:00,2023-05-26T01:00:00+00:00
gasly,GAS,alpine,2023,6,2023_06,monaco,previous_event_projection,2023-05-08 00:00:00+00:00,2023-05-26T01:00:00+00:00
hamilton,HAM,mercedes,2023,6,2023_06,monaco,previous_event_projection,2023-05-08 00:00:00+00:00,2023-05-26T01:00:00+00:00
hulkenberg,HUL,haas,2023,6,2023_06,monaco,previous_event_projection,2023-05-08 00:00:00+00:00,2023-05-26T01:00:00+00:00
kevin_magnussen,MAG,haas,2023,6,2023_06,monaco,previous_event_projection,2023-05-08 00:00:00+00:00,2023-05-26T01:00:00+00:00
leclerc,LEC,ferrari,2023,6,2023_06,monaco,previous_event_projection,2023-05-08 00:00:00+00:00,2023-05-26T01:00:00+00:00
max_verstappen,VER,red_bull,2023,6,2023_06,monaco,previous_event_projection,2023-05-08 00:00:00+00:00,2023-05-26T01:00:00+00:00
norris,NOR,mclaren,2023,6,2023_06,monaco,previous_event_projection,2023-05-08 00:00:00+00:00,2023-05-26T01:00:00+00:00
ocon,OCO,alpine,2023,6,2023_06,monaco,previous_event_projection,2023-05-08 00:00:00+00:00,2023-05-26T01:00:00+00:00
perez,PER,red_bull,2023,6,2023_06,monaco,previous_event_projection,2023-05-08 00:00:00+00:00,2023-05-26T01:00:00+00:00
piastri,PIA,mclaren,2023,6,2023_06,monaco,previous_event_projection,2023-05-08 00:00:00+00:00,2023-05-26T01:00:00+00:00
russell,RUS,mercedes,2023,6,2023_06,monaco,previous_event_projection,2023-05-08 00:00:00+00:00,2023-05-26T01:00:00+00:00
sainz,SAI,ferrari,2023,6,2023_06,monaco,previous_event_projection,2023-05-08 00:00:00+00:00,2023-05-26T01:00:00+00:00
sargeant,SAR,williams,2023,6,2023_06,monaco,previous_event_projection,2023-05-08 00:00:00+00:00,2023-05-26T01:00:00+00:00
stroll,STR,aston_martin,2023,6,2023_06,monaco,previous_event_projection,2023-05-08 00:00:00+00:00,2023-05-26T01:00:00+00:00
tsunoda,TSU,alphatauri,2023,6,2023_06,monaco,previous_event_projection,2023-05-08 00:00:00+00:00,2023-05-26T01:00:00+00:00
zhou,ZHO,alfa,2023,6,2023_06,monaco,previous_event_projection,2023-05-08 00:00:00+00:00,2023-05-26T01:00:00+00:00
albon,ALB,williams,2023,7,2023_07,catalunya,previous_event_projection,2023-05-29 00:00:00+00:00,2023-06-02T01:00:00+00:00
alonso,ALO,aston_martin,2023,7,2023_07,catalunya,previous_event_projection,2023-05-29 00:00:00+00:00,2023-06-02T01:00:00+00:00
bottas,BOT,alfa,2023,7,2023_07,catalunya,previous_event_projection,2023-05-29 00:00:00+00:00,2023-06-02T01:00:00+00:00
de_vries,DEV,alphatauri,2023,7,2023_07,catalunya,previous_event_projection,2023-05-29 00:00:00+00:00,2023-06-02T01:00:00+00:00
gasly,GAS,alpine,2023,7,2023_07,catalunya,previous_event_projection,2023-05-29 00:00:00+00:00,2023-06-02T01:00:00+00:00
hamilton,HAM,mercedes,2023,7,2023_07,catalunya,previous_event_projection,2023-05-29 00:00:00+00:00,2023-06-02T01:00:00+00:00
hulkenberg,HUL,haas,2023,7,2023_07,catalunya,previous_event_projection,2023-05-29 00:00:00+00:00,2023-06-02T01:00:00+00:00
kevin_magnussen,MAG,haas,2023,7,2023_07,catalunya,previous_event_projection,2023-05-29 00:00:00+00:00,2023-06-02T01:00:00+00:00
leclerc,LEC,ferrari,2023,7,2023_07,catalunya,previous_event_projection,2023-05-29 00:00:00+00:00,2023-06-02T01:00:00+00:00
max_verstappen,VER,red_bull,2023,7,2023_07,catalunya,previous_event_projection,2023-05-29 00:00:00+00:00,2023-06-02T01:00:00+00:00
norris,NOR,mclaren,2023,7,2023_07,catalunya,previous_event_projection,2023-05-29 00:00:00+00:00,2023-06-02T01:00:00+00:00
ocon,OCO,alpine,2023,7,2023_07,catalunya,previous_event_projection,2023-05-29 00:00:00+00:00,2023-06-02T01:00:00+00:00
perez,PER,red_bull,2023,7,2023_07,catalunya,previous_event_projection,2023-05-29 00:00:00+00:00,2023-06-02T01:00:00+00:00
piastri,PIA,mclaren,2023,7,2023_07,catalunya,previous_event_projection,2023-05-29 00:00:00+00:00,2023-06-02T01:00:00+00:00
russell,RUS,mercedes,2023,7,2023_07,catalunya,previous_event_projection,2023-05-29 00:00:00+00:00,2023-06-02T01:00:00+00:00
sainz,SAI,ferrari,2023,7,2023_07,catalunya,previous_event_projection,2023-05-29 00:00:00+00:00,2023-06-02T01:00:00+00:00
sargeant,SAR,williams,2023,7,2023_07,catalunya,previous_event_projection,2023-05-29 00:00:00+00:00,2023-06-02T01:00:00+00:00
stroll,STR,aston_martin,2023,7,2023_07,catalunya,previous_event_projection,2023-05-29 00:00:00+00:00,2023-06-02T01:00:00+00:00
tsunoda,TSU,alphatauri,2023,7,2023_07,catalunya,previous_event_projection,2023-05-29 00:00:00+00:00,2023-06-02T01:00:00+00:00
zhou,ZHO,alfa,2023,7,2023_07,catalunya,previous_event_projection,2023-05-29 00:00:00+00:00,2023-06-02T01:00:00+00:00
albon,ALB,williams,2023,8,2023_08,villeneuve,previous_event_projection,2023-06-05 00:00:00+00:00,2023-06-16T06:00:00+00:00
alonso,ALO,aston_martin,2023,8,2023_08,villeneuve,previous_event_projection,2023-06-05 00:00:00+00:00,2023-06-16T06:00:00+00:00
bottas,BOT,alfa,2023,8,2023_08,villeneuve,previous_event_projection,2023-06-05 00:00:00+00:00,2023-06-16T06:00:00+00:00
de_vries,DEV,alphatauri,2023,8,2023_08,villeneuve,previous_event_projection,2023-06-05 00:00:00+00:00,2023-06-16T06:00:00+00:00
gasly,GAS,alpine,2023,8,2023_08,villeneuve,previous_event_projection,2023-06-05 00:00:00+00:00,2023-06-16T06:00:00+00:00
hamilton,HAM,mercedes,2023,8,2023_08,villeneuve,previous_event_projection,2023-06-05 00:00:00+00:00,2023-06-16T06:00:00+00:00
hulkenberg,HUL,haas,2023,8,2023_08,villeneuve,previous_event_projection,2023-06-05 00:00:00+00:00,2023-06-16T06:00:00+00:00
kevin_magnussen,MAG,haas,2023,8,2023_08,villeneuve,previous_event_projection,2023-06-05 00:00:00+00:00,2023-06-16T06:00:00+00:00
leclerc,LEC,ferrari,2023,8,2023_08,villeneuve,previous_event_projection,2023-06-05 00:00:00+00:00,2023-06-16T06:00:00+00:00
max_verstappen,VER,red_bull,2023,8,2023_08,villeneuve,previous_event_projection,2023-06-05 00:00:00+00:00,2023-06-16T06:00:00+00:00
norris,NOR,mclaren,2023,8,2023_08,villeneuve,previous_event_projection,2023-06-05 00:00:00+00:00,2023-06-16T06:00:00+00:00
ocon,OCO,alpine,2023,8,2023_08,villeneuve,previous_event_projection,2023-06-05 00:00:00+00:00,2023-06-16T06:00:00+00:00
perez,PER,red_bull,2023,8,2023_08,villeneuve,previous_event_projection,2023-06-05 00:00:00+00:00,2023-06-16T06:00:00+00:00
piastri,PIA,mclaren,2023,8,2023_08,villeneuve,previous_event_projection,2023-06-05 00:00:00+00:00,2023-06-16T06:00:00+00:00
russell,RUS,mercedes,2023,8,2023_08,villeneuve,previous_event_projection,2023-06-05 00:00:00+00:00,2023-06-16T06:00:00+00:00
sainz,SAI,ferrari,2023,8,2023_08,villeneuve,previous_event_projection,2023-06-05 00:00:00+00:00,2023-06-16T06:00:00+00:00
sargeant,SAR,williams,2023,8,2023_08,villeneuve,previous_event_projection,2023-06-05 00:00:00+00:00,2023-06-16T06:00:00+00:00
stroll,STR,aston_martin,2023,8,2023_08,villeneuve,previous_event_projection,2023-06-05 00:00:00+00:00,2023-06-16T06:00:00+00:00
tsunoda,TSU,alphatauri,2023,8,2023_08,villeneuve,previous_event_projection,2023-06-05 00:00:00+00:00,2023-06-16T06:00:00+00:00
zhou,ZHO,alfa,2023,8,2023_08,villeneuve,previous_event_projection,2023-06-05 00:00:00+00:00,2023-06-16T06:00:00+00:00
albon,ALB,williams,2023,9,2023_09,red_bull_ring,previous_event_projection,2023-06-19 00:00:00+00:00,2023-06-30T01:00:00+00:00
alonso,ALO,aston_martin,2023,9,2023_09,red_bull_ring,previous_event_projection,2023-06-19 00:00:00+00:00,2023-06-30T01:00:00+00:00
bottas,BOT,alfa,2023,9,2023_09,red_bull_ring,previous_event_projection,2023-06-19 00:00:00+00:00,2023-06-30T01:00:00+00:00
de_vries,DEV,alphatauri,2023,9,2023_09,red_bull_ring,previous_event_projection,2023-06-19 00:00:00+00:00,2023-06-30T01:00:00+00:00
gasly,GAS,alpine,2023,9,2023_09,red_bull_ring,previous_event_projection,2023-06-19 00:00:00+00:00,2023-06-30T01:00:00+00:00
hamilton,HAM,mercedes,2023,9,2023_09,red_bull_ring,previous_event_projection,2023-06-19 00:00:00+00:00,2023-06-30T01:00:00+00:00
hulkenberg,HUL,haas,2023,9,2023_09,red_bull_ring,previous_event_projection,2023-06-19 00:00:00+00:00,2023-06-30T01:00:00+00:00
kevin_magnussen,MAG,haas,2023,9,2023_09,red_bull_ring,previous_event_projection,2023-06-19 00:00:00+00:00,2023-06-30T01:00:00+00:00
leclerc,LEC,ferrari,2023,9,2023_09,red_bull_ring,previous_event_projection,2023-06-19 00:00:00+00:00,2023-06-30T01:00:00+00:00
max_verstappen,VER,red_bull,2023,9,2023_09,red_bull_ring,previous_event_projection,2023-06-19 00:00:00+00:00,2023-06-30T01:00:00+00:00
norris,NOR,mclaren,2023,9,2023_09,red_bull_ring,previous_event_projection,2023-06-19 00:00:00+00:00,2023-06-30T01:00:00+00:00
ocon,OCO,alpine,2023,9,2023_09,red_bull_ring,previous_event_projection,2023-06-19 00:00:00+00:00,2023-06-30T01:00:00+00:00
perez,PER,red_bull,2023,9,2023_09,red_bull_ring,previous_event_projection,2023-06-19 00:00:00+00:00,2023-06-30T01:00:00+00:00
piastri,PIA,mclaren,2023,9,2023_09,red_bull_ring,previous_event_projection,2023-06-19 00:00:00+00:00,2023-06-30T01:00:00+00:00
russell,RUS,mercedes,2023,9,2023_09,red_bull_ring,previous_event_projection,2023-06-19 00:00:00+00:00,2023-06-30T01:00:00+00:00
sainz,SAI,ferrari,2023,9,2023_09,red_bull_ring,previous_event_projection,2023-06-19 00:00:00+00:00,2023-06-30T01:00:00+00:00
sargeant,SAR,williams,2023,9,2023_09,red_bull_ring,previous_event_projection,2023-06-19 00:00:00+00:00,2023-06-30T01:00:00+00:00
stroll,STR,aston_martin,2023,9,2023_09,red_bull_ring,previous_event_projection,2023-06-19 00:00:00+00:00,2023-06-30T01:00:00+00:00
tsunoda,TSU,alphatauri,2023,9,2023_09,red_bull_ring,previous_event_projection,2023-06-19 00:00:00+00:00,2023-06-30T01:00:00+00:00
zhou,ZHO,alfa,2023,9,2023_09,red_bull_ring,previous_event_projection,2023-06-19 00:00:00+00:00,2023-06-30T01:00:00+00:00
albon,ALB,williams,2023,10,2023_10,silverstone,previous_event_projection,2023-07-03 00:00:00+00:00,2023-07-07T02:00:00+00:00
alonso,ALO,aston_martin,2023,10,2023_10,silverstone,previous_event_projection,2023-07-03 00:00:00+00:00,2023-07-07T02:00:00+00:00
bottas,BOT,alfa,2023,10,2023_10,silverstone,previous_event_projection,2023-07-03 00:00:00+00:00,2023-07-07T02:00:00+00:00
de_vries,DEV,alphatauri,2023,10,2023_10,silverstone,previous_event_projection,2023-07-03 00:00:00+00:00,2023-07-07T02:00:00+00:00
gasly,GAS,alpine,2023,10,2023_10,silverstone,previous_event_projection,2023-07-03 00:00:00+00:00,2023-07-07T02:00:00+00:00
hamilton,HAM,mercedes,2023,10,2023_10,silverstone,previous_event_projection,2023-07-03 00:00:00+00:00,2023-07-07T02:00:00+00:00
hulkenberg,HUL,haas,2023,10,2023_10,silverstone,previous_event_projection,2023-07-03 00:00:00+00:00,2023-07-07T02:00:00+00:00
kevin_magnussen,MAG,haas,2023,10,2023_10,silverstone,previous_event_projection,2023-07-03 00:00:00+00:00,2023-07-07T02:00:00+00:00
leclerc,LEC,ferrari,2023,10,2023_10,silverstone,previous_event_projection,2023-07-03 00:00:00+00:00,2023-07-07T02:00:00+00:00
max_verstappen,VER,red_bull,2023,10,2023_10,silverstone,previous_event_projection,2023-07-03 00:00:00+00:00,2023-07-07T02:00:00+00:00
norris,NOR,mclaren,2023,10,2023_10,silverstone,previous_event_projection,2023-07-03 00:00:00+00:00,2023-07-07T02:00:00+00:00
ocon,OCO,alpine,2023,10,2023_10,silverstone,previous_event_projection,2023-07-03 00:00:00+00:00,2023-07-07T02:00:00+00:00
perez,PER,red_bull,2023,10,2023_10,silverstone,previous_event_projection,2023-07-03 00:00:00+00:00,2023-07-07T02:00:00+00:00
piastri,PIA,mclaren,2023,10,2023_10,silverstone,previous_event_projection,2023-07-03 00:00:00+00:00,2023-07-07T02:00:00+00:00
russell,RUS,mercedes,2023,10,2023_10,silverstone,previous_event_projection,2023-07-03 00:00:00+00:00,2023-07-07T02:00:00+00:00
sainz,SAI,ferrari,2023,10,2023_10,silverstone,previous_event_projection,2023-07-03 00:00:00+00:00,2023-07-07T02:00:00+00:00
sargeant,SAR,williams,2023,10,2023_10,silverstone,previous_event_projection,2023-07-03 00:00:00+00:00,2023-07-07T02:00:00+00:00
stroll,STR,aston_martin,2023,10,2023_10,silverstone,previous_event_projection,2023-07-03 00:00:00+00:00,2023-07-07T02:00:00+00:00
tsunoda,TSU,alphatauri,2023,10,2023_10,silverstone,previous_event_projection,2023-07-03 00:00:00+00:00,2023-07-07T02:00:00+00:00
zhou,ZHO,alfa,2023,10,2023_10,silverstone,previous_event_projection,2023-07-03 00:00:00+00:00,2023-07-07T02:00:00+00:00
albon,ALB,williams,2023,11,2023_11,hungaroring,previous_event_projection,2023-07-10 00:00:00+00:00,2023-07-21T01:00:00+00:00
alonso,ALO,aston_martin,2023,11,2023_11,hungaroring,previous_event_projection,2023-07-10 00:00:00+00:00,2023-07-21T01:00:00+00:00
bottas,BOT,alfa,2023,11,2023_11,hungaroring,previous_event_projection,2023-07-10 00:00:00+00:00,2023-07-21T01:00:00+00:00
de_vries,DEV,alphatauri,2023,11,2023_11,hungaroring,previous_event_projection,2023-07-10 00:00:00+00:00,2023-07-21T01:00:00+00:00
gasly,GAS,alpine,2023,11,2023_11,hungaroring,previous_event_projection,2023-07-10 00:00:00+00:00,2023-07-21T01:00:00+00:00
hamilton,HAM,mercedes,2023,11,2023_11,hungaroring,previous_event_projection,2023-07-10 00:00:00+00:00,2023-07-21T01:00:00+00:00
hulkenberg,HUL,haas,2023,11,2023_11,hungaroring,previous_event_projection,2023-07-10 00:00:00+00:00,2023-07-21T01:00:00+00:00
kevin_magnussen,MAG,haas,2023,11,2023_11,hungaroring,previous_event_projection,2023-07-10 00:00:00+00:00,2023-07-21T01:00:00+00:00
leclerc,LEC,ferrari,2023,11,2023_11,hungaroring,previous_event_projection,2023-07-10 00:00:00+00:00,2023-07-21T01:00:00+00:00
max_verstappen,VER,red_bull,2023,11,2023_11,hungaroring,previous_event_projection,2023-07-10 00:00:00+00:00,2023-07-21T01:00:00+00:00
norris,NOR,mclaren,2023,11,2023_11,hungaroring,previous_event_projection,2023-07-10 00:00:00+00:00,2023-07-21T01:00:00+00:00
ocon,OCO,alpine,2023,11,2023_11,hungaroring,previous_event_projection,2023-07-10 00:00:00+00:00,2023-07-21T01:00:00+00:00
perez,PER,red_bull,2023,11,2023_11,hungaroring,previous_event_projection,2023-07-10 00:00:00+00:00,2023-07-21T01:00:00+00:00
piastri,PIA,mclaren,2023,11,2023_11,hungaroring,previous_event_projection,2023-07-10 00:00:00+00:00,2023-07-21T01:00:00+00:00
russell,RUS,mercedes,2023,11,2023_11,hungaroring,previous_event_projection,2023-07-10 00:00:00+00:00,2023-07-21T01:00:00+00:00
sainz,SAI,ferrari,2023,11,2023_11,hungaroring,previous_event_projection,2023-07-10 00:00:00+00:00,2023-07-21T01:00:00+00:00
sargeant,SAR,williams,2023,11,2023_11,hungaroring,previous_event_projection,2023-07-10 00:00:00+00:00,2023-07-21T01:00:00+00:00
stroll,STR,aston_martin,2023,11,2023_11,hungaroring,previous_event_projection,2023-07-10 00:00:00+00:00,2023-07-21T01:00:00+00:00
tsunoda,TSU,alphatauri,2023,11,2023_11,hungaroring,previous_event_projection,2023-07-10 00:00:00+00:00,2023-07-21T01:00:00+00:00
zhou,ZHO,alfa,2023,11,2023_11,hungaroring,previous_event_projection,2023-07-10 00:00:00+00:00,2023-07-21T01:00:00+00:00
albon,ALB,williams,2023,12,2023_12,spa,previous_event_projection,2023-07-24 00:00:00+00:00,2023-07-28T01:00:00+00:00
alonso,ALO,aston_martin,2023,12,2023_12,spa,previous_event_projection,2023-07-24 00:00:00+00:00,2023-07-28T01:00:00+00:00
bottas,BOT,alfa,2023,12,2023_12,spa,previous_event_projection,2023-07-24 00:00:00+00:00,2023-07-28T01:00:00+00:00
gasly,GAS,alpine,2023,12,2023_12,spa,previous_event_projection,2023-07-24 00:00:00+00:00,2023-07-28T01:00:00+00:00
hamilton,HAM,mercedes,2023,12,2023_12,spa,previous_event_projection,2023-07-24 00:00:00+00:00,2023-07-28T01:00:00+00:00
hulkenberg,HUL,haas,2023,12,2023_12,spa,previous_event_projection,2023-07-24 00:00:00+00:00,2023-07-28T01:00:00+00:00
kevin_magnussen,MAG,haas,2023,12,2023_12,spa,previous_event_projection,2023-07-24 00:00:00+00:00,2023-07-28T01:00:00+00:00
leclerc,LEC,ferrari,2023,12,2023_12,spa,previous_event_projection,2023-07-24 00:00:00+00:00,2023-07-28T01:00:00+00:00
max_verstappen,VER,red_bull,2023,12,2023_12,spa,previous_event_projection,2023-07-24 00:00:00+00:00,2023-07-28T01:00:00+00:00
norris,NOR,mclaren,2023,12,2023_12,spa,previous_event_projection,2023-07-24 00:00:00+00:00,2023-07-28T01:00:00+00:00
ocon,OCO,alpine,2023,12,2023_12,spa,previous_event_projection,2023-07-24 00:00:00+00:00,2023-07-28T01:00:00+00:00
perez,PER,red_bull,2023,12,2023_12,spa,previous_event_projection,2023-07-24 00:00:00+00:00,2023-07-28T01:00:00+00:00
piastri,PIA,mclaren,2023,12,2023_12,spa,previous_event_projection,2023-07-24 00:00:00+00:00,2023-07-28T01:00:00+00:00
ricciardo,RIC,alphatauri,2023,12,2023_12,spa,previous_event_projection,2023-07-24 00:00:00+00:00,2023-07-28T01:00:00+00:00
russell,RUS,mercedes,2023,12,2023_12,spa,previous_event_projection,2023-07-24 00:00:00+00:00,2023-07-28T01:00:00+00:00
sainz,SAI,ferrari,2023,12,2023_12,spa,previous_event_projection,2023-07-24 00:00:00+00:00,2023-07-28T01:00:00+00:00
sargeant,SAR,williams,2023,12,2023_12,spa,previous_event_projection,2023-07-24 00:00:00+00:00,2023-07-28T01:00:00+00:00
stroll,STR,aston_martin,2023,12,2023_12,spa,previous_event_projection,2023-07-24 00:00:00+00:00,2023-07-28T01:00:00+00:00
tsunoda,TSU,alphatauri,2023,12,2023_12,spa,previous_event_projection,2023-07-24 00:00:00+00:00,2023-07-28T01:00:00+00:00
zhou,ZHO,alfa,2023,12,2023_12,spa,previous_event_projection,2023-07-24 00:00:00+00:00,2023-07-28T01:00:00+00:00
albon,ALB,williams,2023,13,2023_13,zandvoort,previous_event_projection,2023-07-31 00:00:00+00:00,2023-08-25T01:00:00+00:00
alonso,ALO,aston_martin,2023,13,2023_13,zandvoort,previous_event_projection,2023-07-31 00:00:00+00:00,2023-08-25T01:00:00+00:00
bottas,BOT,alfa,2023,13,2023_13,zandvoort,previous_event_projection,2023-07-31 00:00:00+00:00,2023-08-25T01:00:00+00:00
gasly,GAS,alpine,2023,13,2023_13,zandvoort,previous_event_projection,2023-07-31 00:00:00+00:00,2023-08-25T01:00:00+00:00
hamilton,HAM,mercedes,2023,13,2023_13,zandvoort,previous_event_projection,2023-07-31 00:00:00+00:00,2023-08-25T01:00:00+00:00
hulkenberg,HUL,haas,2023,13,2023_13,zandvoort,previous_event_projection,2023-07-31 00:00:00+00:00,2023-08-25T01:00:00+00:00
kevin_magnussen,MAG,haas,2023,13,2023_13,zandvoort,previous_event_projection,2023-07-31 00:00:00+00:00,2023-08-25T01:00:00+00:00
leclerc,LEC,ferrari,2023,13,2023_13,zandvoort,previous_event_projection,2023-07-31 00:00:00+00:00,2023-08-25T01:00:00+00:00
max_verstappen,VER,red_bull,2023,13,2023_13,zandvoort,previous_event_projection,2023-07-31 00:00:00+00:00,2023-08-25T01:00:00+00:00
norris,NOR,mclaren,2023,13,2023_13,zandvoort,previous_event_projection,2023-07-31 00:00:00+00:00,2023-08-25T01:00:00+00:00
ocon,OCO,alpine,2023,13,2023_13,zandvoort,previous_event_projection,2023-07-31 00:00:00+00:00,2023-08-25T01:00:00+00:00
perez,PER,red_bull,2023,13,2023_13,zandvoort,previous_event_projection,2023-07-31 00:00:00+00:00,2023-08-25T01:00:00+00:00
piastri,PIA,mclaren,2023,13,2023_13,zandvoort,previous_event_projection,2023-07-31 00:00:00+00:00,2023-08-25T01:00:00+00:00
ricciardo,RIC,alphatauri,2023,13,2023_13,zandvoort,previous_event_projection,2023-07-31 00:00:00+00:00,2023-08-25T01:00:00+00:00
russell,RUS,mercedes,2023,13,2023_13,zandvoort,previous_event_projection,2023-07-31 00:00:00+00:00,2023-08-25T01:00:00+00:00
sainz,SAI,ferrari,2023,13,2023_13,zandvoort,previous_event_projection,2023-07-31 00:00:00+00:00,2023-08-25T01:00:00+00:00
sargeant,SAR,williams,2023,13,2023_13,zandvoort,previous_event_projection,2023-07-31 00:00:00+00:00,2023-08-25T01:00:00+00:00
stroll,STR,aston_martin,2023,13,2023_13,zandvoort,previous_event_projection,2023-07-31 00:00:00+00:00,2023-08-25T01:00:00+00:00
tsunoda,TSU,alphatauri,2023,13,2023_13,zandvoort,previous_event_projection,2023-07-31 00:00:00+00:00,2023-08-25T01:00:00+00:00
zhou,ZHO,alfa,2023,13,2023_13,zandvoort,previous_event_projection,2023-07-31 00:00:00+00:00,2023-08-25T01:00:00+00:00
albon,ALB,williams,2023,14,2023_14,monza,previous_event_projection,2023-08-28 00:00:00+00:00,2023-09-01T01:00:00+00:00
alonso,ALO,aston_martin,2023,14,2023_14,monza,previous_event_projection,2023-08-28 00:00:00+00:00,2023-09-01T01:00:00+00:00
bottas,BOT,alfa,2023,14,2023_14,monza,previous_event_projection,2023-08-28 00:00:00+00:00,2023-09-01T01:00:00+00:00
gasly,GAS,alpine,2023,14,2023_14,monza,previous_event_projection,2023-08-28 00:00:00+00:00,2023-09-01T01:00:00+00:00
hamilton,HAM,mercedes,2023,14,2023_14,monza,previous_event_projection,2023-08-28 00:00:00+00:00,2023-09-01T01:00:00+00:00
hulkenberg,HUL,haas,2023,14,2023_14,monza,previous_event_projection,2023-08-28 00:00:00+00:00,2023-09-01T01:00:00+00:00
kevin_magnussen,MAG,haas,2023,14,2023_14,monza,previous_event_projection,2023-08-28 00:00:00+00:00,2023-09-01T01:00:00+00:00
lawson,LAW,alphatauri,2023,14,2023_14,monza,previous_event_projection,2023-08-28 00:00:00+00:00,2023-09-01T01:00:00+00:00
leclerc,LEC,ferrari,2023,14,2023_14,monza,previous_event_projection,2023-08-28 00:00:00+00:00,2023-09-01T01:00:00+00:00
max_verstappen,VER,red_bull,2023,14,2023_14,monza,previous_event_projection,2023-08-28 00:00:00+00:00,2023-09-01T01:00:00+00:00
norris,NOR,mclaren,2023,14,2023_14,monza,previous_event_projection,2023-08-28 00:00:00+00:00,2023-09-01T01:00:00+00:00
ocon,OCO,alpine,2023,14,2023_14,monza,previous_event_projection,2023-08-28 00:00:00+00:00,2023-09-01T01:00:00+00:00
perez,PER,red_bull,2023,14,2023_14,monza,previous_event_projection,2023-08-28 00:00:00+00:00,2023-09-01T01:00:00+00:00
piastri,PIA,mclaren,2023,14,2023_14,monza,previous_event_projection,2023-08-28 00:00:00+00:00,2023-09-01T01:00:00+00:00
russell,RUS,mercedes,2023,14,2023_14,monza,previous_event_projection,2023-08-28 00:00:00+00:00,2023-09-01T01:00:00+00:00
sainz,SAI,ferrari,2023,14,2023_14,monza,previous_event_projection,2023-08-28 00:00:00+00:00,2023-09-01T01:00:00+00:00
sargeant,SAR,williams,2023,14,2023_14,monza,previous_event_projection,2023-08-28 00:00:00+00:00,2023-09-01T01:00:00+00:00
stroll,STR,aston_martin,2023,14,2023_14,monza,previous_event_projection,2023-08-28 00:00:00+00:00,2023-09-01T01:00:00+00:00
tsunoda,TSU,alphatauri,2023,14,2023_14,monza,previous_event_projection,2023-08-28 00:00:00+00:00,2023-09-01T01:00:00+00:00
zhou,ZHO,alfa,2023,14,2023_14,monza,previous_event_projection,2023-08-28 00:00:00+00:00,2023-09-01T01:00:00+00:00
albon,ALB,williams,2023,15,2023_15,marina_bay,previous_event_projection,2023-09-04 00:00:00+00:00,2023-09-15T00:00:00+00:00
alonso,ALO,aston_martin,2023,15,2023_15,marina_bay,previous_event_projection,2023-09-04 00:00:00+00:00,2023-09-15T00:00:00+00:00
bottas,BOT,alfa,2023,15,2023_15,marina_bay,previous_event_projection,2023-09-04 00:00:00+00:00,2023-09-15T00:00:00+00:00
gasly,GAS,alpine,2023,15,2023_15,marina_bay,previous_event_projection,2023-09-04 00:00:00+00:00,2023-09-15T00:00:00+00:00
hamilton,HAM,mercedes,2023,15,2023_15,marina_bay,previous_event_projection,2023-09-04 00:00:00+00:00,2023-09-15T00:00:00+00:00
hulkenberg,HUL,haas,2023,15,2023_15,marina_bay,previous_event_projection,2023-09-04 00:00:00+00:00,2023-09-15T00:00:00+00:00
kevin_magnussen,MAG,haas,2023,15,2023_15,marina_bay,previous_event_projection,2023-09-04 00:00:00+00:00,2023-09-15T00:00:00+00:00
lawson,LAW,alphatauri,2023,15,2023_15,marina_bay,previous_event_projection,2023-09-04 00:00:00+00:00,2023-09-15T00:00:00+00:00
leclerc,LEC,ferrari,2023,15,2023_15,marina_bay,previous_event_projection,2023-09-04 00:00:00+00:00,2023-09-15T00:00:00+00:00
max_verstappen,VER,red_bull,2023,15,2023_15,marina_bay,previous_event_projection,2023-09-04 00:00:00+00:00,2023-09-15T00:00:00+00:00
norris,NOR,mclaren,2023,15,2023_15,marina_bay,previous_event_projection,2023-09-04 00:00:00+00:00,2023-09-15T00:00:00+00:00
ocon,OCO,alpine,2023,15,2023_15,marina_bay,previous_event_projection,2023-09-04 00:00:00+00:00,2023-09-15T00:00:00+00:00
perez,PER,red_bull,2023,15,2023_15,marina_bay,previous_event_projection,2023-09-04 00:00:00+00:00,2023-09-15T00:00:00+00:00
piastri,PIA,mclaren,2023,15,2023_15,marina_bay,previous_event_projection,2023-09-04 00:00:00+00:00,2023-09-15T00:00:00+00:00
russell,RUS,mercedes,2023,15,2023_15,marina_bay,previous_event_projection,2023-09-04 00:00:00+00:00,2023-09-15T00:00:00+00:00
sainz,SAI,ferrari,2023,15,2023_15,marina_bay,previous_event_projection,2023-09-04 00:00:00+00:00,2023-09-15T00:00:00+00:00
sargeant,SAR,williams,2023,15,2023_15,marina_bay,previous_event_projection,2023-09-04 00:00:00+00:00,2023-09-15T00:00:00+00:00
stroll,STR,aston_martin,2023,15,2023_15,marina_bay,previous_event_projection,2023-09-04 00:00:00+00:00,2023-09-15T00:00:00+00:00
zhou,ZHO,alfa,2023,15,2023_15,marina_bay,previous_event_projection,2023-09-04 00:00:00+00:00,2023-09-15T00:00:00+00:00
albon,ALB,williams,2023,16,2023_16,suzuka,previous_event_projection,2023-09-18 00:00:00+00:00,2023-09-21T17:00:00+00:00
alonso,ALO,aston_martin,2023,16,2023_16,suzuka,previous_event_projection,2023-09-18 00:00:00+00:00,2023-09-21T17:00:00+00:00
bottas,BOT,alfa,2023,16,2023_16,suzuka,previous_event_projection,2023-09-18 00:00:00+00:00,2023-09-21T17:00:00+00:00
gasly,GAS,alpine,2023,16,2023_16,suzuka,previous_event_projection,2023-09-18 00:00:00+00:00,2023-09-21T17:00:00+00:00
hamilton,HAM,mercedes,2023,16,2023_16,suzuka,previous_event_projection,2023-09-18 00:00:00+00:00,2023-09-21T17:00:00+00:00
hulkenberg,HUL,haas,2023,16,2023_16,suzuka,previous_event_projection,2023-09-18 00:00:00+00:00,2023-09-21T17:00:00+00:00
kevin_magnussen,MAG,haas,2023,16,2023_16,suzuka,previous_event_projection,2023-09-18 00:00:00+00:00,2023-09-21T17:00:00+00:00
lawson,LAW,alphatauri,2023,16,2023_16,suzuka,previous_event_projection,2023-09-18 00:00:00+00:00,2023-09-21T17:00:00+00:00
leclerc,LEC,ferrari,2023,16,2023_16,suzuka,previous_event_projection,2023-09-18 00:00:00+00:00,2023-09-21T17:00:00+00:00
max_verstappen,VER,red_bull,2023,16,2023_16,suzuka,previous_event_projection,2023-09-18 00:00:00+00:00,2023-09-21T17:00:00+00:00
norris,NOR,mclaren,2023,16,2023_16,suzuka,previous_event_projection,2023-09-18 00:00:00+00:00,2023-09-21T17:00:00+00:00
ocon,OCO,alpine,2023,16,2023_16,suzuka,previous_event_projection,2023-09-18 00:00:00+00:00,2023-09-21T17:00:00+00:00
perez,PER,red_bull,2023,16,2023_16,suzuka,previous_event_projection,2023-09-18 00:00:00+00:00,2023-09-21T17:00:00+00:00
piastri,PIA,mclaren,2023,16,2023_16,suzuka,previous_event_projection,2023-09-18 00:00:00+00:00,2023-09-21T17:00:00+00:00
russell,RUS,mercedes,2023,16,2023_16,suzuka,previous_event_projection,2023-09-18 00:00:00+00:00,2023-09-21T17:00:00+00:00
sainz,SAI,ferrari,2023,16,2023_16,suzuka,previous_event_projection,2023-09-18 00:00:00+00:00,2023-09-21T17:00:00+00:00
sargeant,SAR,williams,2023,16,2023_16,suzuka,previous_event_projection,2023-09-18 00:00:00+00:00,2023-09-21T17:00:00+00:00
tsunoda,TSU,alphatauri,2023,16,2023_16,suzuka,previous_event_projection,2023-09-18 00:00:00+00:00,2023-09-21T17:00:00+00:00
zhou,ZHO,alfa,2023,16,2023_16,suzuka,previous_event_projection,2023-09-18 00:00:00+00:00,2023-09-21T17:00:00+00:00
albon,ALB,williams,2023,17,2023_17,losail,previous_event_projection,2023-09-25 00:00:00+00:00,2023-10-06T05:00:00+00:00
alonso,ALO,aston_martin,2023,17,2023_17,losail,previous_event_projection,2023-09-25 00:00:00+00:00,2023-10-06T05:00:00+00:00
bottas,BOT,alfa,2023,17,2023_17,losail,previous_event_projection,2023-09-25 00:00:00+00:00,2023-10-06T05:00:00+00:00
gasly,GAS,alpine,2023,17,2023_17,losail,previous_event_projection,2023-09-25 00:00:00+00:00,2023-10-06T05:00:00+00:00
hamilton,HAM,mercedes,2023,17,2023_17,losail,previous_event_projection,2023-09-25 00:00:00+00:00,2023-10-06T05:00:00+00:00
hulkenberg,HUL,haas,2023,17,2023_17,losail,previous_event_projection,2023-09-25 00:00:00+00:00,2023-10-06T05:00:00+00:00
kevin_magnussen,MAG,haas,2023,17,2023_17,losail,previous_event_projection,2023-09-25 00:00:00+00:00,2023-10-06T05:00:00+00:00
lawson,LAW,alphatauri,2023,17,2023_17,losail,previous_event_projection,2023-09-25 00:00:00+00:00,2023-10-06T05:00:00+00:00
leclerc,LEC,ferrari,2023,17,2023_17,losail,previous_event_projection,2023-09-25 00:00:00+00:00,2023-10-06T05:00:00+00:00
max_verstappen,VER,red_bull,2023,17,2023_17,losail,previous_event_projection,2023-09-25 00:00:00+00:00,2023-10-06T05:00:00+00:00
norris,NOR,mclaren,2023,17,2023_17,losail,previous_event_projection,2023-09-25 00:00:00+00:00,2023-10-06T05:00:00+00:00
ocon,OCO,alpine,2023,17,2023_17,losail,previous_event_projection,2023-09-25 00:00:00+00:00,2023-10-06T05:00:00+00:00
perez,PER,red_bull,2023,17,2023_17,losail,previous_event_projection,2023-09-25 00:00:00+00:00,2023-10-06T05:00:00+00:00
piastri,PIA,mclaren,2023,17,2023_17,losail,previous_event_projection,2023-09-25 00:00:00+00:00,2023-10-06T05:00:00+00:00
russell,RUS,mercedes,2023,17,2023_17,losail,previous_event_projection,2023-09-25 00:00:00+00:00,2023-10-06T05:00:00+00:00
sainz,SAI,ferrari,2023,17,2023_17,losail,previous_event_projection,2023-09-25 00:00:00+00:00,2023-10-06T05:00:00+00:00
sargeant,SAR,williams,2023,17,2023_17,losail,previous_event_projection,2023-09-25 00:00:00+00:00,2023-10-06T05:00:00+00:00
stroll,STR,aston_martin,2023,17,2023_17,losail,previous_event_projection,2023-09-25 00:00:00+00:00,2023-10-06T05:00:00+00:00
tsunoda,TSU,alphatauri,2023,17,2023_17,losail,previous_event_projection,2023-09-25 00:00:00+00:00,2023-10-06T05:00:00+00:00
zhou,ZHO,alfa,2023,17,2023_17,losail,previous_event_projection,2023-09-25 00:00:00+00:00,2023-10-06T05:00:00+00:00
albon,ALB,williams,2023,18,2023_18,americas,previous_event_projection,2023-10-09 00:00:00+00:00,2023-10-20T07:00:00+00:00
alonso,ALO,aston_martin,2023,18,2023_18,americas,previous_event_projection,2023-10-09 00:00:00+00:00,2023-10-20T07:00:00+00:00
bottas,BOT,alfa,2023,18,2023_18,americas,previous_event_projection,2023-10-09 00:00:00+00:00,2023-10-20T07:00:00+00:00
gasly,GAS,alpine,2023,18,2023_18,americas,previous_event_projection,2023-10-09 00:00:00+00:00,2023-10-20T07:00:00+00:00
hamilton,HAM,mercedes,2023,18,2023_18,americas,previous_event_projection,2023-10-09 00:00:00+00:00,2023-10-20T07:00:00+00:00
hulkenberg,HUL,haas,2023,18,2023_18,americas,previous_event_projection,2023-10-09 00:00:00+00:00,2023-10-20T07:00:00+00:00
kevin_magnussen,MAG,haas,2023,18,2023_18,americas,previous_event_projection,2023-10-09 00:00:00+00:00,2023-10-20T07:00:00+00:00
lawson,LAW,alphatauri,2023,18,2023_18,americas,previous_event_projection,2023-10-09 00:00:00+00:00,2023-10-20T07:00:00+00:00
leclerc,LEC,ferrari,2023,18,2023_18,americas,previous_event_projection,2023-10-09 00:00:00+00:00,2023-10-20T07:00:00+00:00
max_verstappen,VER,red_bull,2023,18,2023_18,americas,previous_event_projection,2023-10-09 00:00:00+00:00,2023-10-20T07:00:00+00:00
norris,NOR,mclaren,2023,18,2023_18,americas,previous_event_projection,2023-10-09 00:00:00+00:00,2023-10-20T07:00:00+00:00
ocon,OCO,alpine,2023,18,2023_18,americas,previous_event_projection,2023-10-09 00:00:00+00:00,2023-10-20T07:00:00+00:00
perez,PER,red_bull,2023,18,2023_18,americas,previous_event_projection,2023-10-09 00:00:00+00:00,2023-10-20T07:00:00+00:00
piastri,PIA,mclaren,2023,18,2023_18,americas,previous_event_projection,2023-10-09 00:00:00+00:00,2023-10-20T07:00:00+00:00
russell,RUS,mercedes,2023,18,2023_18,americas,previous_event_projection,2023-10-09 00:00:00+00:00,2023-10-20T07:00:00+00:00
sargeant,SAR,williams,2023,18,2023_18,americas,previous_event_projection,2023-10-09 00:00:00+00:00,2023-10-20T07:00:00+00:00
stroll,STR,aston_martin,2023,18,2023_18,americas,previous_event_projection,2023-10-09 00:00:00+00:00,2023-10-20T07:00:00+00:00
tsunoda,TSU,alphatauri,2023,18,2023_18,americas,previous_event_projection,2023-10-09 00:00:00+00:00,2023-10-20T07:00:00+00:00
zhou,ZHO,alfa,2023,18,2023_18,americas,previous_event_projection,2023-10-09 00:00:00+00:00,2023-10-20T07:00:00+00:00
albon,ALB,williams,2023,19,2023_19,rodriguez,previous_event_projection,2023-10-23 00:00:00+00:00,2023-10-27T08:00:00+00:00
alonso,ALO,aston_martin,2023,19,2023_19,rodriguez,previous_event_projection,2023-10-23 00:00:00+00:00,2023-10-27T08:00:00+00:00
bottas,BOT,alfa,2023,19,2023_19,rodriguez,previous_event_projection,2023-10-23 00:00:00+00:00,2023-10-27T08:00:00+00:00
gasly,GAS,alpine,2023,19,2023_19,rodriguez,previous_event_projection,2023-10-23 00:00:00+00:00,2023-10-27T08:00:00+00:00
hamilton,HAM,mercedes,2023,19,2023_19,rodriguez,previous_event_projection,2023-10-23 00:00:00+00:00,2023-10-27T08:00:00+00:00
hulkenberg,HUL,haas,2023,19,2023_19,rodriguez,previous_event_projection,2023-10-23 00:00:00+00:00,2023-10-27T08:00:00+00:00
kevin_magnussen,MAG,haas,2023,19,2023_19,rodriguez,previous_event_projection,2023-10-23 00:00:00+00:00,2023-10-27T08:00:00+00:00
leclerc,LEC,ferrari,2023,19,2023_19,rodriguez,previous_event_projection,2023-10-23 00:00:00+00:00,2023-10-27T08:00:00+00:00
max_verstappen,VER,red_bull,2023,19,2023_19,rodriguez,previous_event_projection,2023-10-23 00:00:00+00:00,2023-10-27T08:00:00+00:00
norris,NOR,mclaren,2023,19,2023_19,rodriguez,previous_event_projection,2023-10-23 00:00:00+00:00,2023-10-27T08:00:00+00:00
ocon,OCO,alpine,2023,19,2023_19,rodriguez,previous_event_projection,2023-10-23 00:00:00+00:00,2023-10-27T08:00:00+00:00
perez,PER,red_bull,2023,19,2023_19,rodriguez,previous_event_projection,2023-10-23 00:00:00+00:00,2023-10-27T08:00:00+00:00
piastri,PIA,mclaren,2023,19,2023_19,rodriguez,previous_event_projection,2023-10-23 00:00:00+00:00,2023-10-27T08:00:00+00:00
ricciardo,RIC,alphatauri,2023,19,2023_19,rodriguez,previous_event_projection,2023-10-23 00:00:00+00:00,2023-10-27T08:00:00+00:00
russell,RUS,mercedes,2023,19,2023_19,rodriguez,previous_event_projection,2023-10-23 00:00:00+00:00,2023-10-27T08:00:00+00:00
sainz,SAI,ferrari,2023,19,2023_19,rodriguez,previous_event_projection,2023-10-23 00:00:00+00:00,2023-10-27T08:00:00+00:00
sargeant,SAR,williams,2023,19,2023_19,rodriguez,previous_event_projection,2023-10-23 00:00:00+00:00,2023-10-27T08:00:00+00:00
stroll,STR,aston_martin,2023,19,2023_19,rodriguez,previous_event_projection,2023-10-23 00:00:00+00:00,2023-10-27T08:00:00+00:00
tsunoda,TSU,alphatauri,2023,19,2023_19,rodriguez,previous_event_projection,2023-10-23 00:00:00+00:00,2023-10-27T08:00:00+00:00
zhou,ZHO,alfa,2023,19,2023_19,rodriguez,previous_event_projection,2023-10-23 00:00:00+00:00,2023-10-27T08:00:00+00:00
albon,ALB,williams,2023,20,2023_20,interlagos,previous_event_projection,2023-10-30 00:00:00+00:00,2023-11-03T05:00:00+00:00
bottas,BOT,alfa,2023,20,2023_20,interlagos,previous_event_projection,2023-10-30 00:00:00+00:00,2023-11-03T05:00:00+00:00
gasly,GAS,alpine,2023,20,2023_20,interlagos,previous_event_projection,2023-10-30 00:00:00+00:00,2023-11-03T05:00:00+00:00
hamilton,HAM,mercedes,2023,20,2023_20,interlagos,previous_event_projection,2023-10-30 00:00:00+00:00,2023-11-03T05:00:00+00:00
hulkenberg,HUL,haas,2023,20,2023_20,interlagos,previous_event_projection,2023-10-30 00:00:00+00:00,2023-11-03T05:00:00+00:00
kevin_magnussen,MAG,haas,2023,20,2023_20,interlagos,previous_event_projection,2023-10-30 00:00:00+00:00,2023-11-03T05:00:00+00:00
leclerc,LEC,ferrari,2023,20,2023_20,interlagos,previous_event_projection,2023-10-30 00:00:00+00:00,2023-11-03T05:00:00+00:00
max_verstappen,VER,red_bull,2023,20,2023_20,interlagos,previous_event_projection,2023-10-30 00:00:00+00:00,2023-11-03T05:00:00+00:00
norris,NOR,mclaren,2023,20,2023_20,interlagos,previous_event_projection,2023-10-30 00:00:00+00:00,2023-11-03T05:00:00+00:00
ocon,OCO,alpine,2023,20,2023_20,interlagos,previous_event_projection,2023-10-30 00:00:00+00:00,2023-11-03T05:00:00+00:00
perez,PER,red_bull,2023,20,2023_20,interlagos,previous_event_projection,2023-10-30 00:00:00+00:00,2023-11-03T05:00:00+00:00
piastri,PIA,mclaren,2023,20,2023_20,interlagos,previous_event_projection,2023-10-30 00:00:00+00:00,2023-11-03T05:00:00+00:00
ricciardo,RIC,alphatauri,2023,20,2023_20,interlagos,previous_event_projection,2023-10-30 00:00:00+00:00,2023-11-03T05:00:00+00:00
russell,RUS,mercedes,2023,20,2023_20,interlagos,previous_event_projection,2023-10-30 00:00:00+00:00,2023-11-03T05:00:00+00:00
sainz,SAI,ferrari,2023,20,2023_20,interlagos,previous_event_projection,2023-10-30 00:00:00+00:00,2023-11-03T05:00:00+00:00
sargeant,SAR,williams,2023,20,2023_20,interlagos,previous_event_projection,2023-10-30 00:00:00+00:00,2023-11-03T05:00:00+00:00
stroll,STR,aston_martin,2023,20,2023_20,interlagos,previous_event_projection,2023-10-30 00:00:00+00:00,2023-11-03T05:00:00+00:00
tsunoda,TSU,alphatauri,2023,20,2023_20,interlagos,previous_event_projection,2023-10-30 00:00:00+00:00,2023-11-03T05:00:00+00:00
zhou,ZHO,alfa,2023,20,2023_20,interlagos,previous_event_projection,2023-10-30 00:00:00+00:00,2023-11-03T05:00:00+00:00
albon,ALB,williams,2023,21,2023_21,vegas,previous_event_projection,2023-11-06 00:00:00+00:00,2023-11-16T18:00:00+00:00
alonso,ALO,aston_martin,2023,21,2023_21,vegas,previous_event_projection,2023-11-06 00:00:00+00:00,2023-11-16T18:00:00+00:00
bottas,BOT,alfa,2023,21,2023_21,vegas,previous_event_projection,2023-11-06 00:00:00+00:00,2023-11-16T18:00:00+00:00
gasly,GAS,alpine,2023,21,2023_21,vegas,previous_event_projection,2023-11-06 00:00:00+00:00,2023-11-16T18:00:00+00:00
hamilton,HAM,mercedes,2023,21,2023_21,vegas,previous_event_projection,2023-11-06 00:00:00+00:00,2023-11-16T18:00:00+00:00
hulkenberg,HUL,haas,2023,21,2023_21,vegas,previous_event_projection,2023-11-06 00:00:00+00:00,2023-11-16T18:00:00+00:00
kevin_magnussen,MAG,haas,2023,21,2023_21,vegas,previous_event_projection,2023-11-06 00:00:00+00:00,2023-11-16T18:00:00+00:00
max_verstappen,VER,red_bull,2023,21,2023_21,vegas,previous_event_projection,2023-11-06 00:00:00+00:00,2023-11-16T18:00:00+00:00
norris,NOR,mclaren,2023,21,2023_21,vegas,previous_event_projection,2023-11-06 00:00:00+00:00,2023-11-16T18:00:00+00:00
ocon,OCO,alpine,2023,21,2023_21,vegas,previous_event_projection,2023-11-06 00:00:00+00:00,2023-11-16T18:00:00+00:00
perez,PER,red_bull,2023,21,2023_21,vegas,previous_event_projection,2023-11-06 00:00:00+00:00,2023-11-16T18:00:00+00:00
piastri,PIA,mclaren,2023,21,2023_21,vegas,previous_event_projection,2023-11-06 00:00:00+00:00,2023-11-16T18:00:00+00:00
ricciardo,RIC,alphatauri,2023,21,2023_21,vegas,previous_event_projection,2023-11-06 00:00:00+00:00,2023-11-16T18:00:00+00:00
russell,RUS,mercedes,2023,21,2023_21,vegas,previous_event_projection,2023-11-06 00:00:00+00:00,2023-11-16T18:00:00+00:00
sainz,SAI,ferrari,2023,21,2023_21,vegas,previous_event_projection,2023-11-06 00:00:00+00:00,2023-11-16T18:00:00+00:00
sargeant,SAR,williams,2023,21,2023_21,vegas,previous_event_projection,2023-11-06 00:00:00+00:00,2023-11-16T18:00:00+00:00
stroll,STR,aston_martin,2023,21,2023_21,vegas,previous_event_projection,2023-11-06 00:00:00+00:00,2023-11-16T18:00:00+00:00
tsunoda,TSU,alphatauri,2023,21,2023_21,vegas,previous_event_projection,2023-11-06 00:00:00+00:00,2023-11-16T18:00:00+00:00
zhou,ZHO,alfa,2023,21,2023_21,vegas,previous_event_projection,2023-11-06 00:00:00+00:00,2023-11-16T18:00:00+00:00
albon,ALB,williams,2023,22,2023_22,yas_marina,previous_event_projection,2023-11-20 00:00:00+00:00,2023-11-24T01:00:00+00:00
alonso,ALO,aston_martin,2023,22,2023_22,yas_marina,previous_event_projection,2023-11-20 00:00:00+00:00,2023-11-24T01:00:00+00:00
bottas,BOT,alfa,2023,22,2023_22,yas_marina,previous_event_projection,2023-11-20 00:00:00+00:00,2023-11-24T01:00:00+00:00
gasly,GAS,alpine,2023,22,2023_22,yas_marina,previous_event_projection,2023-11-20 00:00:00+00:00,2023-11-24T01:00:00+00:00
hamilton,HAM,mercedes,2023,22,2023_22,yas_marina,previous_event_projection,2023-11-20 00:00:00+00:00,2023-11-24T01:00:00+00:00
hulkenberg,HUL,haas,2023,22,2023_22,yas_marina,previous_event_projection,2023-11-20 00:00:00+00:00,2023-11-24T01:00:00+00:00
kevin_magnussen,MAG,haas,2023,22,2023_22,yas_marina,previous_event_projection,2023-11-20 00:00:00+00:00,2023-11-24T01:00:00+00:00
leclerc,LEC,ferrari,2023,22,2023_22,yas_marina,previous_event_projection,2023-11-20 00:00:00+00:00,2023-11-24T01:00:00+00:00
max_verstappen,VER,red_bull,2023,22,2023_22,yas_marina,previous_event_projection,2023-11-20 00:00:00+00:00,2023-11-24T01:00:00+00:00
norris,NOR,mclaren,2023,22,2023_22,yas_marina,previous_event_projection,2023-11-20 00:00:00+00:00,2023-11-24T01:00:00+00:00
ocon,OCO,alpine,2023,22,2023_22,yas_marina,previous_event_projection,2023-11-20 00:00:00+00:00,2023-11-24T01:00:00+00:00
perez,PER,red_bull,2023,22,2023_22,yas_marina,previous_event_projection,2023-11-20 00:00:00+00:00,2023-11-24T01:00:00+00:00
piastri,PIA,mclaren,2023,22,2023_22,yas_marina,previous_event_projection,2023-11-20 00:00:00+00:00,2023-11-24T01:00:00+00:00
ricciardo,RIC,alphatauri,2023,22,2023_22,yas_marina,previous_event_projection,2023-11-20 00:00:00+00:00,2023-11-24T01:00:00+00:00
russell,RUS,mercedes,2023,22,2023_22,yas_marina,previous_event_projection,2023-11-20 00:00:00+00:00,2023-11-24T01:00:00+00:00
sainz,SAI,ferrari,2023,22,2023_22,yas_marina,previous_event_projection,2023-11-20 00:00:00+00:00,2023-11-24T01:00:00+00:00
sargeant,SAR,williams,2023,22,2023_22,yas_marina,previous_event_projection,2023-11-20 00:00:00+00:00,2023-11-24T01:00:00+00:00
stroll,STR,aston_martin,2023,22,2023_22,yas_marina,previous_event_projection,2023-11-20 00:00:00+00:00,2023-11-24T01:00:00+00:00
tsunoda,TSU,alphatauri,2023,22,2023_22,yas_marina,previous_event_projection,2023-11-20 00:00:00+00:00,2023-11-24T01:00:00+00:00
zhou,ZHO,alfa,2023,22,2023_22,yas_marina,previous_event_projection,2023-11-20 00:00:00+00:00,2023-11-24T01:00:00+00:00
albon,ALB,williams,2024,2,2024_02,jeddah,previous_event_projection,2024-03-03 00:00:00+00:00,2024-03-07T05:00:00+00:00
alonso,ALO,aston_martin,2024,2,2024_02,jeddah,previous_event_projection,2024-03-03 00:00:00+00:00,2024-03-07T05:00:00+00:00
bottas,BOT,sauber,2024,2,2024_02,jeddah,previous_event_projection,2024-03-03 00:00:00+00:00,2024-03-07T05:00:00+00:00
gasly,GAS,alpine,2024,2,2024_02,jeddah,previous_event_projection,2024-03-03 00:00:00+00:00,2024-03-07T05:00:00+00:00
hamilton,HAM,mercedes,2024,2,2024_02,jeddah,previous_event_projection,2024-03-03 00:00:00+00:00,2024-03-07T05:00:00+00:00
hulkenberg,HUL,haas,2024,2,2024_02,jeddah,previous_event_projection,2024-03-03 00:00:00+00:00,2024-03-07T05:00:00+00:00
kevin_magnussen,MAG,haas,2024,2,2024_02,jeddah,previous_event_projection,2024-03-03 00:00:00+00:00,2024-03-07T05:00:00+00:00
leclerc,LEC,ferrari,2024,2,2024_02,jeddah,previous_event_projection,2024-03-03 00:00:00+00:00,2024-03-07T05:00:00+00:00
max_verstappen,VER,red_bull,2024,2,2024_02,jeddah,previous_event_projection,2024-03-03 00:00:00+00:00,2024-03-07T05:00:00+00:00
norris,NOR,mclaren,2024,2,2024_02,jeddah,previous_event_projection,2024-03-03 00:00:00+00:00,2024-03-07T05:00:00+00:00
ocon,OCO,alpine,2024,2,2024_02,jeddah,previous_event_projection,2024-03-03 00:00:00+00:00,2024-03-07T05:00:00+00:00
perez,PER,red_bull,2024,2,2024_02,jeddah,previous_event_projection,2024-03-03 00:00:00+00:00,2024-03-07T05:00:00+00:00
piastri,PIA,mclaren,2024,2,2024_02,jeddah,previous_event_projection,2024-03-03 00:00:00+00:00,2024-03-07T05:00:00+00:00
ricciardo,RIC,rb,2024,2,2024_02,jeddah,previous_event_projection,2024-03-03 00:00:00+00:00,2024-03-07T05:00:00+00:00
russell,RUS,mercedes,2024,2,2024_02,jeddah,previous_event_projection,2024-03-03 00:00:00+00:00,2024-03-07T05:00:00+00:00
sainz,SAI,ferrari,2024,2,2024_02,jeddah,previous_event_projection,2024-03-03 00:00:00+00:00,2024-03-07T05:00:00+00:00
sargeant,SAR,williams,2024,2,2024_02,jeddah,previous_event_projection,2024-03-03 00:00:00+00:00,2024-03-07T05:00:00+00:00
stroll,STR,aston_martin,2024,2,2024_02,jeddah,previous_event_projection,2024-03-03 00:00:00+00:00,2024-03-07T05:00:00+00:00
tsunoda,TSU,rb,2024,2,2024_02,jeddah,previous_event_projection,2024-03-03 00:00:00+00:00,2024-03-07T05:00:00+00:00
zhou,ZHO,sauber,2024,2,2024_02,jeddah,previous_event_projection,2024-03-03 00:00:00+00:00,2024-03-07T05:00:00+00:00
albon,ALB,williams,2024,3,2024_03,albert_park,previous_event_projection,2024-03-10 00:00:00+00:00,2024-03-21T16:00:00+00:00
alonso,ALO,aston_martin,2024,3,2024_03,albert_park,previous_event_projection,2024-03-10 00:00:00+00:00,2024-03-21T16:00:00+00:00
bearman,BEA,ferrari,2024,3,2024_03,albert_park,previous_event_projection,2024-03-10 00:00:00+00:00,2024-03-21T16:00:00+00:00
bottas,BOT,sauber,2024,3,2024_03,albert_park,previous_event_projection,2024-03-10 00:00:00+00:00,2024-03-21T16:00:00+00:00
gasly,GAS,alpine,2024,3,2024_03,albert_park,previous_event_projection,2024-03-10 00:00:00+00:00,2024-03-21T16:00:00+00:00
hamilton,HAM,mercedes,2024,3,2024_03,albert_park,previous_event_projection,2024-03-10 00:00:00+00:00,2024-03-21T16:00:00+00:00
hulkenberg,HUL,haas,2024,3,2024_03,albert_park,previous_event_projection,2024-03-10 00:00:00+00:00,2024-03-21T16:00:00+00:00
kevin_magnussen,MAG,haas,2024,3,2024_03,albert_park,previous_event_projection,2024-03-10 00:00:00+00:00,2024-03-21T16:00:00+00:00
leclerc,LEC,ferrari,2024,3,2024_03,albert_park,previous_event_projection,2024-03-10 00:00:00+00:00,2024-03-21T16:00:00+00:00
max_verstappen,VER,red_bull,2024,3,2024_03,albert_park,previous_event_projection,2024-03-10 00:00:00+00:00,2024-03-21T16:00:00+00:00
norris,NOR,mclaren,2024,3,2024_03,albert_park,previous_event_projection,2024-03-10 00:00:00+00:00,2024-03-21T16:00:00+00:00
ocon,OCO,alpine,2024,3,2024_03,albert_park,previous_event_projection,2024-03-10 00:00:00+00:00,2024-03-21T16:00:00+00:00
perez,PER,red_bull,2024,3,2024_03,albert_park,previous_event_projection,2024-03-10 00:00:00+00:00,2024-03-21T16:00:00+00:00
piastri,PIA,mclaren,2024,3,2024_03,albert_park,previous_event_projection,2024-03-10 00:00:00+00:00,2024-03-21T16:00:00+00:00
ricciardo,RIC,rb,2024,3,2024_03,albert_park,previous_event_projection,2024-03-10 00:00:00+00:00,2024-03-21T16:00:00+00:00
russell,RUS,mercedes,2024,3,2024_03,albert_park,previous_event_projection,2024-03-10 00:00:00+00:00,2024-03-21T16:00:00+00:00
sargeant,SAR,williams,2024,3,2024_03,albert_park,previous_event_projection,2024-03-10 00:00:00+00:00,2024-03-21T16:00:00+00:00
stroll,STR,aston_martin,2024,3,2024_03,albert_park,previous_event_projection,2024-03-10 00:00:00+00:00,2024-03-21T16:00:00+00:00
tsunoda,TSU,rb,2024,3,2024_03,albert_park,previous_event_projection,2024-03-10 00:00:00+00:00,2024-03-21T16:00:00+00:00
zhou,ZHO,sauber,2024,3,2024_03,albert_park,previous_event_projection,2024-03-10 00:00:00+00:00,2024-03-21T16:00:00+00:00
albon,ALB,williams,2024,4,2024_04,suzuka,previous_event_projection,2024-03-25 00:00:00+00:00,2024-04-04T17:00:00+00:00
alonso,ALO,aston_martin,2024,4,2024_04,suzuka,previous_event_projection,2024-03-25 00:00:00+00:00,2024-04-04T17:00:00+00:00
bottas,BOT,sauber,2024,4,2024_04,suzuka,previous_event_projection,2024-03-25 00:00:00+00:00,2024-04-04T17:00:00+00:00
gasly,GAS,alpine,2024,4,2024_04,suzuka,previous_event_projection,2024-03-25 00:00:00+00:00,2024-04-04T17:00:00+00:00
hamilton,HAM,mercedes,2024,4,2024_04,suzuka,previous_event_projection,2024-03-25 00:00:00+00:00,2024-04-04T17:00:00+00:00
hulkenberg,HUL,haas,2024,4,2024_04,suzuka,previous_event_projection,2024-03-25 00:00:00+00:00,2024-04-04T17:00:00+00:00
kevin_magnussen,MAG,haas,2024,4,2024_04,suzuka,previous_event_projection,2024-03-25 00:00:00+00:00,2024-04-04T17:00:00+00:00
leclerc,LEC,ferrari,2024,4,2024_04,suzuka,previous_event_projection,2024-03-25 00:00:00+00:00,2024-04-04T17:00:00+00:00
max_verstappen,VER,red_bull,2024,4,2024_04,suzuka,previous_event_projection,2024-03-25 00:00:00+00:00,2024-04-04T17:00:00+00:00
norris,NOR,mclaren,2024,4,2024_04,suzuka,previous_event_projection,2024-03-25 00:00:00+00:00,2024-04-04T17:00:00+00:00
ocon,OCO,alpine,2024,4,2024_04,suzuka,previous_event_projection,2024-03-25 00:00:00+00:00,2024-04-04T17:00:00+00:00
perez,PER,red_bull,2024,4,2024_04,suzuka,previous_event_projection,2024-03-25 00:00:00+00:00,2024-04-04T17:00:00+00:00
piastri,PIA,mclaren,2024,4,2024_04,suzuka,previous_event_projection,2024-03-25 00:00:00+00:00,2024-04-04T17:00:00+00:00
ricciardo,RIC,rb,2024,4,2024_04,suzuka,previous_event_projection,2024-03-25 00:00:00+00:00,2024-04-04T17:00:00+00:00
russell,RUS,mercedes,2024,4,2024_04,suzuka,previous_event_projection,2024-03-25 00:00:00+00:00,2024-04-04T17:00:00+00:00
sainz,SAI,ferrari,2024,4,2024_04,suzuka,previous_event_projection,2024-03-25 00:00:00+00:00,2024-04-04T17:00:00+00:00
stroll,STR,aston_martin,2024,4,2024_04,suzuka,previous_event_projection,2024-03-25 00:00:00+00:00,2024-04-04T17:00:00+00:00
tsunoda,TSU,rb,2024,4,2024_04,suzuka,previous_event_projection,2024-03-25 00:00:00+00:00,2024-04-04T17:00:00+00:00
zhou,ZHO,sauber,2024,4,2024_04,suzuka,previous_event_projection,2024-03-25 00:00:00+00:00,2024-04-04T17:00:00+00:00
albon,ALB,williams,2024,5,2024_05,shanghai,previous_event_projection,2024-04-08 00:00:00+00:00,2024-04-18T19:00:00+00:00
alonso,ALO,aston_martin,2024,5,2024_05,shanghai,previous_event_projection,2024-04-08 00:00:00+00:00,2024-04-18T19:00:00+00:00
bottas,BOT,sauber,2024,5,2024_05,shanghai,previous_event_projection,2024-04-08 00:00:00+00:00,2024-04-18T19:00:00+00:00
gasly,GAS,alpine,2024,5,2024_05,shanghai,previous_event_projection,2024-04-08 00:00:00+00:00,2024-04-18T19:00:00+00:00
hamilton,HAM,mercedes,2024,5,2024_05,shanghai,previous_event_projection,2024-04-08 00:00:00+00:00,2024-04-18T19:00:00+00:00
hulkenberg,HUL,haas,2024,5,2024_05,shanghai,previous_event_projection,2024-04-08 00:00:00+00:00,2024-04-18T19:00:00+00:00
kevin_magnussen,MAG,haas,2024,5,2024_05,shanghai,previous_event_projection,2024-04-08 00:00:00+00:00,2024-04-18T19:00:00+00:00
leclerc,LEC,ferrari,2024,5,2024_05,shanghai,previous_event_projection,2024-04-08 00:00:00+00:00,2024-04-18T19:00:00+00:00
max_verstappen,VER,red_bull,2024,5,2024_05,shanghai,previous_event_projection,2024-04-08 00:00:00+00:00,2024-04-18T19:00:00+00:00
norris,NOR,mclaren,2024,5,2024_05,shanghai,previous_event_projection,2024-04-08 00:00:00+00:00,2024-04-18T19:00:00+00:00
ocon,OCO,alpine,2024,5,2024_05,shanghai,previous_event_projection,2024-04-08 00:00:00+00:00,2024-04-18T19:00:00+00:00
perez,PER,red_bull,2024,5,2024_05,shanghai,previous_event_projection,2024-04-08 00:00:00+00:00,2024-04-18T19:00:00+00:00
piastri,PIA,mclaren,2024,5,2024_05,shanghai,previous_event_projection,2024-04-08 00:00:00+00:00,2024-04-18T19:00:00+00:00
ricciardo,RIC,rb,2024,5,2024_05,shanghai,previous_event_projection,2024-04-08 00:00:00+00:00,2024-04-18T19:00:00+00:00
russell,RUS,mercedes,2024,5,2024_05,shanghai,previous_event_projection,2024-04-08 00:00:00+00:00,2024-04-18T19:00:00+00:00
sainz,SAI,ferrari,2024,5,2024_05,shanghai,previous_event_projection,2024-04-08 00:00:00+00:00,2024-04-18T19:00:00+00:00
sargeant,SAR,williams,2024,5,2024_05,shanghai,previous_event_projection,2024-04-08 00:00:00+00:00,2024-04-18T19:00:00+00:00
stroll,STR,aston_martin,2024,5,2024_05,shanghai,previous_event_projection,2024-04-08 00:00:00+00:00,2024-04-18T19:00:00+00:00
tsunoda,TSU,rb,2024,5,2024_05,shanghai,previous_event_projection,2024-04-08 00:00:00+00:00,2024-04-18T19:00:00+00:00
zhou,ZHO,sauber,2024,5,2024_05,shanghai,previous_event_projection,2024-04-08 00:00:00+00:00,2024-04-18T19:00:00+00:00
albon,ALB,williams,2024,6,2024_06,miami,previous_event_projection,2024-04-22 00:00:00+00:00,2024-05-03T08:00:00+00:00
alonso,ALO,aston_martin,2024,6,2024_06,miami,previous_event_projection,2024-04-22 00:00:00+00:00,2024-05-03T08:00:00+00:00
bottas,BOT,sauber,2024,6,2024_06,miami,previous_event_projection,2024-04-22 00:00:00+00:00,2024-05-03T08:00:00+00:00
gasly,GAS,alpine,2024,6,2024_06,miami,previous_event_projection,2024-04-22 00:00:00+00:00,2024-05-03T08:00:00+00:00
hamilton,HAM,mercedes,2024,6,2024_06,miami,previous_event_projection,2024-04-22 00:00:00+00:00,2024-05-03T08:00:00+00:00
hulkenberg,HUL,haas,2024,6,2024_06,miami,previous_event_projection,2024-04-22 00:00:00+00:00,2024-05-03T08:00:00+00:00
kevin_magnussen,MAG,haas,2024,6,2024_06,miami,previous_event_projection,2024-04-22 00:00:00+00:00,2024-05-03T08:00:00+00:00
leclerc,LEC,ferrari,2024,6,2024_06,miami,previous_event_projection,2024-04-22 00:00:00+00:00,2024-05-03T08:00:00+00:00
max_verstappen,VER,red_bull,2024,6,2024_06,miami,previous_event_projection,2024-04-22 00:00:00+00:00,2024-05-03T08:00:00+00:00
norris,NOR,mclaren,2024,6,2024_06,miami,previous_event_projection,2024-04-22 00:00:00+00:00,2024-05-03T08:00:00+00:00
ocon,OCO,alpine,2024,6,2024_06,miami,previous_event_projection,2024-04-22 00:00:00+00:00,2024-05-03T08:00:00+00:00
perez,PER,red_bull,2024,6,2024_06,miami,previous_event_projection,2024-04-22 00:00:00+00:00,2024-05-03T08:00:00+00:00
piastri,PIA,mclaren,2024,6,2024_06,miami,previous_event_projection,2024-04-22 00:00:00+00:00,2024-05-03T08:00:00+00:00
ricciardo,RIC,rb,2024,6,2024_06,miami,previous_event_projection,2024-04-22 00:00:00+00:00,2024-05-03T08:00:00+00:00
russell,RUS,mercedes,2024,6,2024_06,miami,previous_event_projection,2024-04-22 00:00:00+00:00,2024-05-03T08:00:00+00:00
sainz,SAI,ferrari,2024,6,2024_06,miami,previous_event_projection,2024-04-22 00:00:00+00:00,2024-05-03T08:00:00+00:00
sargeant,SAR,williams,2024,6,2024_06,miami,previous_event_projection,2024-04-22 00:00:00+00:00,2024-05-03T08:00:00+00:00
stroll,STR,aston_martin,2024,6,2024_06,miami,previous_event_projection,2024-04-22 00:00:00+00:00,2024-05-03T08:00:00+00:00
tsunoda,TSU,rb,2024,6,2024_06,miami,previous_event_projection,2024-04-22 00:00:00+00:00,2024-05-03T08:00:00+00:00
zhou,ZHO,sauber,2024,6,2024_06,miami,previous_event_projection,2024-04-22 00:00:00+00:00,2024-05-03T08:00:00+00:00
albon,ALB,williams,2024,7,2024_07,imola,previous_event_projection,2024-05-06 00:00:00+00:00,2024-05-17T01:00:00+00:00
alonso,ALO,aston_martin,2024,7,2024_07,imola,previous_event_projection,2024-05-06 00:00:00+00:00,2024-05-17T01:00:00+00:00
bottas,BOT,sauber,2024,7,2024_07,imola,previous_event_projection,2024-05-06 00:00:00+00:00,2024-05-17T01:00:00+00:00
gasly,GAS,alpine,2024,7,2024_07,imola,previous_event_projection,2024-05-06 00:00:00+00:00,2024-05-17T01:00:00+00:00
hamilton,HAM,mercedes,2024,7,2024_07,imola,previous_event_projection,2024-05-06 00:00:00+00:00,2024-05-17T01:00:00+00:00
hulkenberg,HUL,haas,2024,7,2024_07,imola,previous_event_projection,2024-05-06 00:00:00+00:00,2024-05-17T01:00:00+00:00
kevin_magnussen,MAG,haas,2024,7,2024_07,imola,previous_event_projection,2024-05-06 00:00:00+00:00,2024-05-17T01:00:00+00:00
leclerc,LEC,ferrari,2024,7,2024_07,imola,previous_event_projection,2024-05-06 00:00:00+00:00,2024-05-17T01:00:00+00:00
max_verstappen,VER,red_bull,2024,7,2024_07,imola,previous_event_projection,2024-05-06 00:00:00+00:00,2024-05-17T01:00:00+00:00
norris,NOR,mclaren,2024,7,2024_07,imola,previous_event_projection,2024-05-06 00:00:00+00:00,2024-05-17T01:00:00+00:00
ocon,OCO,alpine,2024,7,2024_07,imola,previous_event_projection,2024-05-06 00:00:00+00:00,2024-05-17T01:00:00+00:00
perez,PER,red_bull,2024,7,2024_07,imola,previous_event_projection,2024-05-06 00:00:00+00:00,2024-05-17T01:00:00+00:00
piastri,PIA,mclaren,2024,7,2024_07,imola,previous_event_projection,2024-05-06 00:00:00+00:00,2024-05-17T01:00:00+00:00
ricciardo,RIC,rb,2024,7,2024_07,imola,previous_event_projection,2024-05-06 00:00:00+00:00,2024-05-17T01:00:00+00:00
russell,RUS,mercedes,2024,7,2024_07,imola,previous_event_projection,2024-05-06 00:00:00+00:00,2024-05-17T01:00:00+00:00
sainz,SAI,ferrari,2024,7,2024_07,imola,previous_event_projection,2024-05-06 00:00:00+00:00,2024-05-17T01:00:00+00:00
sargeant,SAR,williams,2024,7,2024_07,imola,previous_event_projection,2024-05-06 00:00:00+00:00,2024-05-17T01:00:00+00:00
stroll,STR,aston_martin,2024,7,2024_07,imola,previous_event_projection,2024-05-06 00:00:00+00:00,2024-05-17T01:00:00+00:00
tsunoda,TSU,rb,2024,7,2024_07,imola,previous_event_projection,2024-05-06 00:00:00+00:00,2024-05-17T01:00:00+00:00
zhou,ZHO,sauber,2024,7,2024_07,imola,previous_event_projection,2024-05-06 00:00:00+00:00,2024-05-17T01:00:00+00:00
albon,ALB,williams,2024,8,2024_08,monaco,previous_event_projection,2024-05-20 00:00:00+00:00,2024-05-24T01:00:00+00:00
alonso,ALO,aston_martin,2024,8,2024_08,monaco,previous_event_projection,2024-05-20 00:00:00+00:00,2024-05-24T01:00:00+00:00
bottas,BOT,sauber,2024,8,2024_08,monaco,previous_event_projection,2024-05-20 00:00:00+00:00,2024-05-24T01:00:00+00:00
gasly,GAS,alpine,2024,8,2024_08,monaco,previous_event_projection,2024-05-20 00:00:00+00:00,2024-05-24T01:00:00+00:00
hamilton,HAM,mercedes,2024,8,2024_08,monaco,previous_event_projection,2024-05-20 00:00:00+00:00,2024-05-24T01:00:00+00:00
hulkenberg,HUL,haas,2024,8,2024_08,monaco,previous_event_projection,2024-05-20 00:00:00+00:00,2024-05-24T01:00:00+00:00
kevin_magnussen,MAG,haas,2024,8,2024_08,monaco,previous_event_projection,2024-05-20 00:00:00+00:00,2024-05-24T01:00:00+00:00
leclerc,LEC,ferrari,2024,8,2024_08,monaco,previous_event_projection,2024-05-20 00:00:00+00:00,2024-05-24T01:00:00+00:00
max_verstappen,VER,red_bull,2024,8,2024_08,monaco,previous_event_projection,2024-05-20 00:00:00+00:00,2024-05-24T01:00:00+00:00
norris,NOR,mclaren,2024,8,2024_08,monaco,previous_event_projection,2024-05-20 00:00:00+00:00,2024-05-24T01:00:00+00:00
ocon,OCO,alpine,2024,8,2024_08,monaco,previous_event_projection,2024-05-20 00:00:00+00:00,2024-05-24T01:00:00+00:00
perez,PER,red_bull,2024,8,2024_08,monaco,previous_event_projection,2024-05-20 00:00:00+00:00,2024-05-24T01:00:00+00:00
piastri,PIA,mclaren,2024,8,2024_08,monaco,previous_event_projection,2024-05-20 00:00:00+00:00,2024-05-24T01:00:00+00:00
ricciardo,RIC,rb,2024,8,2024_08,monaco,previous_event_projection,2024-05-20 00:00:00+00:00,2024-05-24T01:00:00+00:00
russell,RUS,mercedes,2024,8,2024_08,monaco,previous_event_projection,2024-05-20 00:00:00+00:00,2024-05-24T01:00:00+00:00
sainz,SAI,ferrari,2024,8,2024_08,monaco,previous_event_projection,2024-05-20 00:00:00+00:00,2024-05-24T01:00:00+00:00
sargeant,SAR,williams,2024,8,2024_08,monaco,previous_event_projection,2024-05-20 00:00:00+00:00,2024-05-24T01:00:00+00:00
stroll,STR,aston_martin,2024,8,2024_08,monaco,previous_event_projection,2024-05-20 00:00:00+00:00,2024-05-24T01:00:00+00:00
tsunoda,TSU,rb,2024,8,2024_08,monaco,previous_event_projection,2024-05-20 00:00:00+00:00,2024-05-24T01:00:00+00:00
zhou,ZHO,sauber,2024,8,2024_08,monaco,previous_event_projection,2024-05-20 00:00:00+00:00,2024-05-24T01:00:00+00:00
albon,ALB,williams,2024,9,2024_09,villeneuve,previous_event_projection,2024-05-27 00:00:00+00:00,2024-06-07T06:00:00+00:00
alonso,ALO,aston_martin,2024,9,2024_09,villeneuve,previous_event_projection,2024-05-27 00:00:00+00:00,2024-06-07T06:00:00+00:00
bottas,BOT,sauber,2024,9,2024_09,villeneuve,previous_event_projection,2024-05-27 00:00:00+00:00,2024-06-07T06:00:00+00:00
gasly,GAS,alpine,2024,9,2024_09,villeneuve,previous_event_projection,2024-05-27 00:00:00+00:00,2024-06-07T06:00:00+00:00
hamilton,HAM,mercedes,2024,9,2024_09,villeneuve,previous_event_projection,2024-05-27 00:00:00+00:00,2024-06-07T06:00:00+00:00
hulkenberg,HUL,haas,2024,9,2024_09,villeneuve,previous_event_projection,2024-05-27 00:00:00+00:00,2024-06-07T06:00:00+00:00
kevin_magnussen,MAG,haas,2024,9,2024_09,villeneuve,previous_event_projection,2024-05-27 00:00:00+00:00,2024-06-07T06:00:00+00:00
leclerc,LEC,ferrari,2024,9,2024_09,villeneuve,previous_event_projection,2024-05-27 00:00:00+00:00,2024-06-07T06:00:00+00:00
max_verstappen,VER,red_bull,2024,9,2024_09,villeneuve,previous_event_projection,2024-05-27 00:00:00+00:00,2024-06-07T06:00:00+00:00
norris,NOR,mclaren,2024,9,2024_09,villeneuve,previous_event_projection,2024-05-27 00:00:00+00:00,2024-06-07T06:00:00+00:00
ocon,OCO,alpine,2024,9,2024_09,villeneuve,previous_event_projection,2024-05-27 00:00:00+00:00,2024-06-07T06:00:00+00:00
perez,PER,red_bull,2024,9,2024_09,villeneuve,previous_event_projection,2024-05-27 00:00:00+00:00,2024-06-07T06:00:00+00:00
piastri,PIA,mclaren,2024,9,2024_09,villeneuve,previous_event_projection,2024-05-27 00:00:00+00:00,2024-06-07T06:00:00+00:00
ricciardo,RIC,rb,2024,9,2024_09,villeneuve,previous_event_projection,2024-05-27 00:00:00+00:00,2024-06-07T06:00:00+00:00
russell,RUS,mercedes,2024,9,2024_09,villeneuve,previous_event_projection,2024-05-27 00:00:00+00:00,2024-06-07T06:00:00+00:00
sainz,SAI,ferrari,2024,9,2024_09,villeneuve,previous_event_projection,2024-05-27 00:00:00+00:00,2024-06-07T06:00:00+00:00
sargeant,SAR,williams,2024,9,2024_09,villeneuve,previous_event_projection,2024-05-27 00:00:00+00:00,2024-06-07T06:00:00+00:00
stroll,STR,aston_martin,2024,9,2024_09,villeneuve,previous_event_projection,2024-05-27 00:00:00+00:00,2024-06-07T06:00:00+00:00
tsunoda,TSU,rb,2024,9,2024_09,villeneuve,previous_event_projection,2024-05-27 00:00:00+00:00,2024-06-07T06:00:00+00:00
zhou,ZHO,sauber,2024,9,2024_09,villeneuve,previous_event_projection,2024-05-27 00:00:00+00:00,2024-06-07T06:00:00+00:00
albon,ALB,williams,2024,10,2024_10,catalunya,previous_event_projection,2024-06-10 00:00:00+00:00,2024-06-21T01:00:00+00:00
alonso,ALO,aston_martin,2024,10,2024_10,catalunya,previous_event_projection,2024-06-10 00:00:00+00:00,2024-06-21T01:00:00+00:00
bottas,BOT,sauber,2024,10,2024_10,catalunya,previous_event_projection,2024-06-10 00:00:00+00:00,2024-06-21T01:00:00+00:00
gasly,GAS,alpine,2024,10,2024_10,catalunya,previous_event_projection,2024-06-10 00:00:00+00:00,2024-06-21T01:00:00+00:00
hamilton,HAM,mercedes,2024,10,2024_10,catalunya,previous_event_projection,2024-06-10 00:00:00+00:00,2024-06-21T01:00:00+00:00
hulkenberg,HUL,haas,2024,10,2024_10,catalunya,previous_event_projection,2024-06-10 00:00:00+00:00,2024-06-21T01:00:00+00:00
kevin_magnussen,MAG,haas,2024,10,2024_10,catalunya,previous_event_projection,2024-06-10 00:00:00+00:00,2024-06-21T01:00:00+00:00
leclerc,LEC,ferrari,2024,10,2024_10,catalunya,previous_event_projection,2024-06-10 00:00:00+00:00,2024-06-21T01:00:00+00:00
max_verstappen,VER,red_bull,2024,10,2024_10,catalunya,previous_event_projection,2024-06-10 00:00:00+00:00,2024-06-21T01:00:00+00:00
norris,NOR,mclaren,2024,10,2024_10,catalunya,previous_event_projection,2024-06-10 00:00:00+00:00,2024-06-21T01:00:00+00:00
ocon,OCO,alpine,2024,10,2024_10,catalunya,previous_event_projection,2024-06-10 00:00:00+00:00,2024-06-21T01:00:00+00:00
perez,PER,red_bull,2024,10,2024_10,catalunya,previous_event_projection,2024-06-10 00:00:00+00:00,2024-06-21T01:00:00+00:00
piastri,PIA,mclaren,2024,10,2024_10,catalunya,previous_event_projection,2024-06-10 00:00:00+00:00,2024-06-21T01:00:00+00:00
ricciardo,RIC,rb,2024,10,2024_10,catalunya,previous_event_projection,2024-06-10 00:00:00+00:00,2024-06-21T01:00:00+00:00
russell,RUS,mercedes,2024,10,2024_10,catalunya,previous_event_projection,2024-06-10 00:00:00+00:00,2024-06-21T01:00:00+00:00
sainz,SAI,ferrari,2024,10,2024_10,catalunya,previous_event_projection,2024-06-10 00:00:00+00:00,2024-06-21T01:00:00+00:00
sargeant,SAR,williams,2024,10,2024_10,catalunya,previous_event_projection,2024-06-10 00:00:00+00:00,2024-06-21T01:00:00+00:00
stroll,STR,aston_martin,2024,10,2024_10,catalunya,previous_event_projection,2024-06-10 00:00:00+00:00,2024-06-21T01:00:00+00:00
tsunoda,TSU,rb,2024,10,2024_10,catalunya,previous_event_projection,2024-06-10 00:00:00+00:00,2024-06-21T01:00:00+00:00
zhou,ZHO,sauber,2024,10,2024_10,catalunya,previous_event_projection,2024-06-10 00:00:00+00:00,2024-06-21T01:00:00+00:00
albon,ALB,williams,2024,11,2024_11,red_bull_ring,previous_event_projection,2024-06-24 00:00:00+00:00,2024-06-28T01:00:00+00:00
alonso,ALO,aston_martin,2024,11,2024_11,red_bull_ring,previous_event_projection,2024-06-24 00:00:00+00:00,2024-06-28T01:00:00+00:00
bottas,BOT,sauber,2024,11,2024_11,red_bull_ring,previous_event_projection,2024-06-24 00:00:00+00:00,2024-06-28T01:00:00+00:00
gasly,GAS,alpine,2024,11,2024_11,red_bull_ring,previous_event_projection,2024-06-24 00:00:00+00:00,2024-06-28T01:00:00+00:00
hamilton,HAM,mercedes,2024,11,2024_11,red_bull_ring,previous_event_projection,2024-06-24 00:00:00+00:00,2024-06-28T01:00:00+00:00
hulkenberg,HUL,haas,2024,11,2024_11,red_bull_ring,previous_event_projection,2024-06-24 00:00:00+00:00,2024-06-28T01:00:00+00:00
kevin_magnussen,MAG,haas,2024,11,2024_11,red_bull_ring,previous_event_projection,2024-06-24 00:00:00+00:00,2024-06-28T01:00:00+00:00
leclerc,LEC,ferrari,2024,11,2024_11,red_bull_ring,previous_event_projection,2024-06-24 00:00:00+00:00,2024-06-28T01:00:00+00:00
max_verstappen,VER,red_bull,2024,11,2024_11,red_bull_ring,previous_event_projection,2024-06-24 00:00:00+00:00,2024-06-28T01:00:00+00:00
norris,NOR,mclaren,2024,11,2024_11,red_bull_ring,previous_event_projection,2024-06-24 00:00:00+00:00,2024-06-28T01:00:00+00:00
ocon,OCO,alpine,2024,11,2024_11,red_bull_ring,previous_event_projection,2024-06-24 00:00:00+00:00,2024-06-28T01:00:00+00:00
perez,PER,red_bull,2024,11,2024_11,red_bull_ring,previous_event_projection,2024-06-24 00:00:00+00:00,2024-06-28T01:00:00+00:00
piastri,PIA,mclaren,2024,11,2024_11,red_bull_ring,previous_event_projection,2024-06-24 00:00:00+00:00,2024-06-28T01:00:00+00:00
ricciardo,RIC,rb,2024,11,2024_11,red_bull_ring,previous_event_projection,2024-06-24 00:00:00+00:00,2024-06-28T01:00:00+00:00
russell,RUS,mercedes,2024,11,2024_11,red_bull_ring,previous_event_projection,2024-06-24 00:00:00+00:00,2024-06-28T01:00:00+00:00
sainz,SAI,ferrari,2024,11,2024_11,red_bull_ring,previous_event_projection,2024-06-24 00:00:00+00:00,2024-06-28T01:00:00+00:00
sargeant,SAR,williams,2024,11,2024_11,red_bull_ring,previous_event_projection,2024-06-24 00:00:00+00:00,2024-06-28T01:00:00+00:00
stroll,STR,aston_martin,2024,11,2024_11,red_bull_ring,previous_event_projection,2024-06-24 00:00:00+00:00,2024-06-28T01:00:00+00:00
tsunoda,TSU,rb,2024,11,2024_11,red_bull_ring,previous_event_projection,2024-06-24 00:00:00+00:00,2024-06-28T01:00:00+00:00
zhou,ZHO,sauber,2024,11,2024_11,red_bull_ring,previous_event_projection,2024-06-24 00:00:00+00:00,2024-06-28T01:00:00+00:00
albon,ALB,williams,2024,12,2024_12,silverstone,previous_event_projection,2024-07-01 00:00:00+00:00,2024-07-05T02:00:00+00:00
alonso,ALO,aston_martin,2024,12,2024_12,silverstone,previous_event_projection,2024-07-01 00:00:00+00:00,2024-07-05T02:00:00+00:00
bottas,BOT,sauber,2024,12,2024_12,silverstone,previous_event_projection,2024-07-01 00:00:00+00:00,2024-07-05T02:00:00+00:00
gasly,GAS,alpine,2024,12,2024_12,silverstone,previous_event_projection,2024-07-01 00:00:00+00:00,2024-07-05T02:00:00+00:00
hamilton,HAM,mercedes,2024,12,2024_12,silverstone,previous_event_projection,2024-07-01 00:00:00+00:00,2024-07-05T02:00:00+00:00
hulkenberg,HUL,haas,2024,12,2024_12,silverstone,previous_event_projection,2024-07-01 00:00:00+00:00,2024-07-05T02:00:00+00:00
kevin_magnussen,MAG,haas,2024,12,2024_12,silverstone,previous_event_projection,2024-07-01 00:00:00+00:00,2024-07-05T02:00:00+00:00
leclerc,LEC,ferrari,2024,12,2024_12,silverstone,previous_event_projection,2024-07-01 00:00:00+00:00,2024-07-05T02:00:00+00:00
max_verstappen,VER,red_bull,2024,12,2024_12,silverstone,previous_event_projection,2024-07-01 00:00:00+00:00,2024-07-05T02:00:00+00:00
norris,NOR,mclaren,2024,12,2024_12,silverstone,previous_event_projection,2024-07-01 00:00:00+00:00,2024-07-05T02:00:00+00:00
ocon,OCO,alpine,2024,12,2024_12,silverstone,previous_event_projection,2024-07-01 00:00:00+00:00,2024-07-05T02:00:00+00:00
perez,PER,red_bull,2024,12,2024_12,silverstone,previous_event_projection,2024-07-01 00:00:00+00:00,2024-07-05T02:00:00+00:00
piastri,PIA,mclaren,2024,12,2024_12,silverstone,previous_event_projection,2024-07-01 00:00:00+00:00,2024-07-05T02:00:00+00:00
ricciardo,RIC,rb,2024,12,2024_12,silverstone,previous_event_projection,2024-07-01 00:00:00+00:00,2024-07-05T02:00:00+00:00
russell,RUS,mercedes,2024,12,2024_12,silverstone,previous_event_projection,2024-07-01 00:00:00+00:00,2024-07-05T02:00:00+00:00
sainz,SAI,ferrari,2024,12,2024_12,silverstone,previous_event_projection,2024-07-01 00:00:00+00:00,2024-07-05T02:00:00+00:00
sargeant,SAR,williams,2024,12,2024_12,silverstone,previous_event_projection,2024-07-01 00:00:00+00:00,2024-07-05T02:00:00+00:00
stroll,STR,aston_martin,2024,12,2024_12,silverstone,previous_event_projection,2024-07-01 00:00:00+00:00,2024-07-05T02:00:00+00:00
tsunoda,TSU,rb,2024,12,2024_12,silverstone,previous_event_projection,2024-07-01 00:00:00+00:00,2024-07-05T02:00:00+00:00
zhou,ZHO,sauber,2024,12,2024_12,silverstone,previous_event_projection,2024-07-01 00:00:00+00:00,2024-07-05T02:00:00+00:00
albon,ALB,williams,2024,13,2024_13,hungaroring,previous_event_projection,2024-07-08 00:00:00+00:00,2024-07-19T01:00:00+00:00
alonso,ALO,aston_martin,2024,13,2024_13,hungaroring,previous_event_projection,2024-07-08 00:00:00+00:00,2024-07-19T01:00:00+00:00
bottas,BOT,sauber,2024,13,2024_13,hungaroring,previous_event_projection,2024-07-08 00:00:00+00:00,2024-07-19T01:00:00+00:00
hamilton,HAM,mercedes,2024,13,2024_13,hungaroring,previous_event_projection,2024-07-08 00:00:00+00:00,2024-07-19T01:00:00+00:00
hulkenberg,HUL,haas,2024,13,2024_13,hungaroring,previous_event_projection,2024-07-08 00:00:00+00:00,2024-07-19T01:00:00+00:00
kevin_magnussen,MAG,haas,2024,13,2024_13,hungaroring,previous_event_projection,2024-07-08 00:00:00+00:00,2024-07-19T01:00:00+00:00
leclerc,LEC,ferrari,2024,13,2024_13,hungaroring,previous_event_projection,2024-07-08 00:00:00+00:00,2024-07-19T01:00:00+00:00
max_verstappen,VER,red_bull,2024,13,2024_13,hungaroring,previous_event_projection,2024-07-08 00:00:00+00:00,2024-07-19T01:00:00+00:00
norris,NOR,mclaren,2024,13,2024_13,hungaroring,previous_event_projection,2024-07-08 00:00:00+00:00,2024-07-19T01:00:00+00:00
ocon,OCO,alpine,2024,13,2024_13,hungaroring,previous_event_projection,2024-07-08 00:00:00+00:00,2024-07-19T01:00:00+00:00
perez,PER,red_bull,2024,13,2024_13,hungaroring,previous_event_projection,2024-07-08 00:00:00+00:00,2024-07-19T01:00:00+00:00
piastri,PIA,mclaren,2024,13,2024_13,hungaroring,previous_event_projection,2024-07-08 00:00:00+00:00,2024-07-19T01:00:00+00:00
ricciardo,RIC,rb,2024,13,2024_13,hungaroring,previous_event_projection,2024-07-08 00:00:00+00:00,2024-07-19T01:00:00+00:00
russell,RUS,mercedes,2024,13,2024_13,hungaroring,previous_event_projection,2024-07-08 00:00:00+00:00,2024-07-19T01:00:00+00:00
sainz,SAI,ferrari,2024,13,2024_13,hungaroring,previous_event_projection,2024-07-08 00:00:00+00:00,2024-07-19T01:00:00+00:00
sargeant,SAR,williams,2024,13,2024_13,hungaroring,previous_event_projection,2024-07-08 00:00:00+00:00,2024-07-19T01:00:00+00:00
stroll,STR,aston_martin,2024,13,2024_13,hungaroring,previous_event_projection,2024-07-08 00:00:00+00:00,2024-07-19T01:00:00+00:00
tsunoda,TSU,rb,2024,13,2024_13,hungaroring,previous_event_projection,2024-07-08 00:00:00+00:00,2024-07-19T01:00:00+00:00
zhou,ZHO,sauber,2024,13,2024_13,hungaroring,previous_event_projection,2024-07-08 00:00:00+00:00,2024-07-19T01:00:00+00:00
albon,ALB,williams,2024,14,2024_14,spa,previous_event_projection,2024-07-22 00:00:00+00:00,2024-07-26T01:00:00+00:00
alonso,ALO,aston_martin,2024,14,2024_14,spa,previous_event_projection,2024-07-22 00:00:00+00:00,2024-07-26T01:00:00+00:00
bottas,BOT,sauber,2024,14,2024_14,spa,previous_event_projection,2024-07-22 00:00:00+00:00,2024-07-26T01:00:00+00:00
gasly,GAS,alpine,2024,14,2024_14,spa,previous_event_projection,2024-07-22 00:00:00+00:00,2024-07-26T01:00:00+00:00
hamilton,HAM,mercedes,2024,14,2024_14,spa,previous_event_projection,2024-07-22 00:00:00+00:00,2024-07-26T01:00:00+00:00
hulkenberg,HUL,haas,2024,14,2024_14,spa,previous_event_projection,2024-07-22 00:00:00+00:00,2024-07-26T01:00:00+00:00
kevin_magnussen,MAG,haas,2024,14,2024_14,spa,previous_event_projection,2024-07-22 00:00:00+00:00,2024-07-26T01:00:00+00:00
leclerc,LEC,ferrari,2024,14,2024_14,spa,previous_event_projection,2024-07-22 00:00:00+00:00,2024-07-26T01:00:00+00:00
max_verstappen,VER,red_bull,2024,14,2024_14,spa,previous_event_projection,2024-07-22 00:00:00+00:00,2024-07-26T01:00:00+00:00
norris,NOR,mclaren,2024,14,2024_14,spa,previous_event_projection,2024-07-22 00:00:00+00:00,2024-07-26T01:00:00+00:00
ocon,OCO,alpine,2024,14,2024_14,spa,previous_event_projection,2024-07-22 00:00:00+00:00,2024-07-26T01:00:00+00:00
perez,PER,red_bull,2024,14,2024_14,spa,previous_event_projection,2024-07-22 00:00:00+00:00,2024-07-26T01:00:00+00:00
piastri,PIA,mclaren,2024,14,2024_14,spa,previous_event_projection,2024-07-22 00:00:00+00:00,2024-07-26T01:00:00+00:00
ricciardo,RIC,rb,2024,14,2024_14,spa,previous_event_projection,2024-07-22 00:00:00+00:00,2024-07-26T01:00:00+00:00
russell,RUS,mercedes,2024,14,2024_14,spa,previous_event_projection,2024-07-22 00:00:00+00:00,2024-07-26T01:00:00+00:00
sainz,SAI,ferrari,2024,14,2024_14,spa,previous_event_projection,2024-07-22 00:00:00+00:00,2024-07-26T01:00:00+00:00
sargeant,SAR,williams,2024,14,2024_14,spa,previous_event_projection,2024-07-22 00:00:00+00:00,2024-07-26T01:00:00+00:00
stroll,STR,aston_martin,2024,14,2024_14,spa,previous_event_projection,2024-07-22 00:00:00+00:00,2024-07-26T01:00:00+00:00
tsunoda,TSU,rb,2024,14,2024_14,spa,previous_event_projection,2024-07-22 00:00:00+00:00,2024-07-26T01:00:00+00:00
zhou,ZHO,sauber,2024,14,2024_14,spa,previous_event_projection,2024-07-22 00:00:00+00:00,2024-07-26T01:00:00+00:00
albon,ALB,williams,2024,15,2024_15,zandvoort,previous_event_projection,2024-07-29 00:00:00+00:00,2024-08-23T01:00:00+00:00
alonso,ALO,aston_martin,2024,15,2024_15,zandvoort,previous_event_projection,2024-07-29 00:00:00+00:00,2024-08-23T01:00:00+00:00
bottas,BOT,sauber,2024,15,2024_15,zandvoort,previous_event_projection,2024-07-29 00:00:00+00:00,2024-08-23T01:00:00+00:00
gasly,GAS,alpine,2024,15,2024_15,zandvoort,previous_event_projection,2024-07-29 00:00:00+00:00,2024-08-23T01:00:00+00:00
hamilton,HAM,mercedes,2024,15,2024_15,zandvoort,previous_event_projection,2024-07-29 00:00:00+00:00,2024-08-23T01:00:00+00:00
hulkenberg,HUL,haas,2024,15,2024_15,zandvoort,previous_event_projection,2024-07-29 00:00:00+00:00,2024-08-23T01:00:00+00:00
kevin_magnussen,MAG,haas,2024,15,2024_15,zandvoort,previous_event_projection,2024-07-29 00:00:00+00:00,2024-08-23T01:00:00+00:00
leclerc,LEC,ferrari,2024,15,2024_15,zandvoort,previous_event_projection,2024-07-29 00:00:00+00:00,2024-08-23T01:00:00+00:00
max_verstappen,VER,red_bull,2024,15,2024_15,zandvoort,previous_event_projection,2024-07-29 00:00:00+00:00,2024-08-23T01:00:00+00:00
norris,NOR,mclaren,2024,15,2024_15,zandvoort,previous_event_projection,2024-07-29 00:00:00+00:00,2024-08-23T01:00:00+00:00
ocon,OCO,alpine,2024,15,2024_15,zandvoort,previous_event_projection,2024-07-29 00:00:00+00:00,2024-08-23T01:00:00+00:00
perez,PER,red_bull,2024,15,2024_15,zandvoort,previous_event_projection,2024-07-29 00:00:00+00:00,2024-08-23T01:00:00+00:00
piastri,PIA,mclaren,2024,15,2024_15,zandvoort,previous_event_projection,2024-07-29 00:00:00+00:00,2024-08-23T01:00:00+00:00
ricciardo,RIC,rb,2024,15,2024_15,zandvoort,previous_event_projection,2024-07-29 00:00:00+00:00,2024-08-23T01:00:00+00:00
russell,RUS,mercedes,2024,15,2024_15,zandvoort,previous_event_projection,2024-07-29 00:00:00+00:00,2024-08-23T01:00:00+00:00
sainz,SAI,ferrari,2024,15,2024_15,zandvoort,previous_event_projection,2024-07-29 00:00:00+00:00,2024-08-23T01:00:00+00:00
sargeant,SAR,williams,2024,15,2024_15,zandvoort,previous_event_projection,2024-07-29 00:00:00+00:00,2024-08-23T01:00:00+00:00
stroll,STR,aston_martin,2024,15,2024_15,zandvoort,previous_event_projection,2024-07-29 00:00:00+00:00,2024-08-23T01:00:00+00:00
tsunoda,TSU,rb,2024,15,2024_15,zandvoort,previous_event_projection,2024-07-29 00:00:00+00:00,2024-08-23T01:00:00+00:00
zhou,ZHO,sauber,2024,15,2024_15,zandvoort,previous_event_projection,2024-07-29 00:00:00+00:00,2024-08-23T01:00:00+00:00
albon,ALB,williams,2024,16,2024_16,monza,previous_event_projection,2024-08-26 00:00:00+00:00,2024-08-30T01:00:00+00:00
alonso,ALO,aston_martin,2024,16,2024_16,monza,previous_event_projection,2024-08-26 00:00:00+00:00,2024-08-30T01:00:00+00:00
bottas,BOT,sauber,2024,16,2024_16,monza,previous_event_projection,2024-08-26 00:00:00+00:00,2024-08-30T01:00:00+00:00
gasly,GAS,alpine,2024,16,2024_16,monza,previous_event_projection,2024-08-26 00:00:00+00:00,2024-08-30T01:00:00+00:00
hamilton,HAM,mercedes,2024,16,2024_16,monza,previous_event_projection,2024-08-26 00:00:00+00:00,2024-08-30T01:00:00+00:00
hulkenberg,HUL,haas,2024,16,2024_16,monza,previous_event_projection,2024-08-26 00:00:00+00:00,2024-08-30T01:00:00+00:00
kevin_magnussen,MAG,haas,2024,16,2024_16,monza,previous_event_projection,2024-08-26 00:00:00+00:00,2024-08-30T01:00:00+00:00
leclerc,LEC,ferrari,2024,16,2024_16,monza,previous_event_projection,2024-08-26 00:00:00+00:00,2024-08-30T01:00:00+00:00
max_verstappen,VER,red_bull,2024,16,2024_16,monza,previous_event_projection,2024-08-26 00:00:00+00:00,2024-08-30T01:00:00+00:00
norris,NOR,mclaren,2024,16,2024_16,monza,previous_event_projection,2024-08-26 00:00:00+00:00,2024-08-30T01:00:00+00:00
ocon,OCO,alpine,2024,16,2024_16,monza,previous_event_projection,2024-08-26 00:00:00+00:00,2024-08-30T01:00:00+00:00
perez,PER,red_bull,2024,16,2024_16,monza,previous_event_projection,2024-08-26 00:00:00+00:00,2024-08-30T01:00:00+00:00
piastri,PIA,mclaren,2024,16,2024_16,monza,previous_event_projection,2024-08-26 00:00:00+00:00,2024-08-30T01:00:00+00:00
ricciardo,RIC,rb,2024,16,2024_16,monza,previous_event_projection,2024-08-26 00:00:00+00:00,2024-08-30T01:00:00+00:00
russell,RUS,mercedes,2024,16,2024_16,monza,previous_event_projection,2024-08-26 00:00:00+00:00,2024-08-30T01:00:00+00:00
sainz,SAI,ferrari,2024,16,2024_16,monza,previous_event_projection,2024-08-26 00:00:00+00:00,2024-08-30T01:00:00+00:00
sargeant,SAR,williams,2024,16,2024_16,monza,previous_event_projection,2024-08-26 00:00:00+00:00,2024-08-30T01:00:00+00:00
stroll,STR,aston_martin,2024,16,2024_16,monza,previous_event_projection,2024-08-26 00:00:00+00:00,2024-08-30T01:00:00+00:00
tsunoda,TSU,rb,2024,16,2024_16,monza,previous_event_projection,2024-08-26 00:00:00+00:00,2024-08-30T01:00:00+00:00
zhou,ZHO,sauber,2024,16,2024_16,monza,previous_event_projection,2024-08-26 00:00:00+00:00,2024-08-30T01:00:00+00:00
albon,ALB,williams,2024,17,2024_17,baku,previous_event_projection,2024-09-02 00:00:00+00:00,2024-09-12T23:00:00+00:00
alonso,ALO,aston_martin,2024,17,2024_17,baku,previous_event_projection,2024-09-02 00:00:00+00:00,2024-09-12T23:00:00+00:00
bottas,BOT,sauber,2024,17,2024_17,baku,previous_event_projection,2024-09-02 00:00:00+00:00,2024-09-12T23:00:00+00:00
colapinto,COL,williams,2024,17,2024_17,baku,previous_event_projection,2024-09-02 00:00:00+00:00,2024-09-12T23:00:00+00:00
gasly,GAS,alpine,2024,17,2024_17,baku,previous_event_projection,2024-09-02 00:00:00+00:00,2024-09-12T23:00:00+00:00
hamilton,HAM,mercedes,2024,17,2024_17,baku,previous_event_projection,2024-09-02 00:00:00+00:00,2024-09-12T23:00:00+00:00
hulkenberg,HUL,haas,2024,17,2024_17,baku,previous_event_projection,2024-09-02 00:00:00+00:00,2024-09-12T23:00:00+00:00
kevin_magnussen,MAG,haas,2024,17,2024_17,baku,previous_event_projection,2024-09-02 00:00:00+00:00,2024-09-12T23:00:00+00:00
leclerc,LEC,ferrari,2024,17,2024_17,baku,previous_event_projection,2024-09-02 00:00:00+00:00,2024-09-12T23:00:00+00:00
max_verstappen,VER,red_bull,2024,17,2024_17,baku,previous_event_projection,2024-09-02 00:00:00+00:00,2024-09-12T23:00:00+00:00
norris,NOR,mclaren,2024,17,2024_17,baku,previous_event_projection,2024-09-02 00:00:00+00:00,2024-09-12T23:00:00+00:00
ocon,OCO,alpine,2024,17,2024_17,baku,previous_event_projection,2024-09-02 00:00:00+00:00,2024-09-12T23:00:00+00:00
perez,PER,red_bull,2024,17,2024_17,baku,previous_event_projection,2024-09-02 00:00:00+00:00,2024-09-12T23:00:00+00:00
piastri,PIA,mclaren,2024,17,2024_17,baku,previous_event_projection,2024-09-02 00:00:00+00:00,2024-09-12T23:00:00+00:00
ricciardo,RIC,rb,2024,17,2024_17,baku,previous_event_projection,2024-09-02 00:00:00+00:00,2024-09-12T23:00:00+00:00
russell,RUS,mercedes,2024,17,2024_17,baku,previous_event_projection,2024-09-02 00:00:00+00:00,2024-09-12T23:00:00+00:00
sainz,SAI,ferrari,2024,17,2024_17,baku,previous_event_projection,2024-09-02 00:00:00+00:00,2024-09-12T23:00:00+00:00
stroll,STR,aston_martin,2024,17,2024_17,baku,previous_event_projection,2024-09-02 00:00:00+00:00,2024-09-12T23:00:00+00:00
tsunoda,TSU,rb,2024,17,2024_17,baku,previous_event_projection,2024-09-02 00:00:00+00:00,2024-09-12T23:00:00+00:00
zhou,ZHO,sauber,2024,17,2024_17,baku,previous_event_projection,2024-09-02 00:00:00+00:00,2024-09-12T23:00:00+00:00
albon,ALB,williams,2024,18,2024_18,marina_bay,previous_event_projection,2024-09-16 00:00:00+00:00,2024-09-20T00:00:00+00:00
alonso,ALO,aston_martin,2024,18,2024_18,marina_bay,previous_event_projection,2024-09-16 00:00:00+00:00,2024-09-20T00:00:00+00:00
bearman,BEA,haas,2024,18,2024_18,marina_bay,previous_event_projection,2024-09-16 00:00:00+00:00,2024-09-20T00:00:00+00:00
bottas,BOT,sauber,2024,18,2024_18,marina_bay,previous_event_projection,2024-09-16 00:00:00+00:00,2024-09-20T00:00:00+00:00
colapinto,COL,williams,2024,18,2024_18,marina_bay,previous_event_projection,2024-09-16 00:00:00+00:00,2024-09-20T00:00:00+00:00
gasly,GAS,alpine,2024,18,2024_18,marina_bay,previous_event_projection,2024-09-16 00:00:00+00:00,2024-09-20T00:00:00+00:00
hamilton,HAM,mercedes,2024,18,2024_18,marina_bay,previous_event_projection,2024-09-16 00:00:00+00:00,2024-09-20T00:00:00+00:00
hulkenberg,HUL,haas,2024,18,2024_18,marina_bay,previous_event_projection,2024-09-16 00:00:00+00:00,2024-09-20T00:00:00+00:00
leclerc,LEC,ferrari,2024,18,2024_18,marina_bay,previous_event_projection,2024-09-16 00:00:00+00:00,2024-09-20T00:00:00+00:00
max_verstappen,VER,red_bull,2024,18,2024_18,marina_bay,previous_event_projection,2024-09-16 00:00:00+00:00,2024-09-20T00:00:00+00:00
norris,NOR,mclaren,2024,18,2024_18,marina_bay,previous_event_projection,2024-09-16 00:00:00+00:00,2024-09-20T00:00:00+00:00
ocon,OCO,alpine,2024,18,2024_18,marina_bay,previous_event_projection,2024-09-16 00:00:00+00:00,2024-09-20T00:00:00+00:00
perez,PER,red_bull,2024,18,2024_18,marina_bay,previous_event_projection,2024-09-16 00:00:00+00:00,2024-09-20T00:00:00+00:00
piastri,PIA,mclaren,2024,18,2024_18,marina_bay,previous_event_projection,2024-09-16 00:00:00+00:00,2024-09-20T00:00:00+00:00
ricciardo,RIC,rb,2024,18,2024_18,marina_bay,previous_event_projection,2024-09-16 00:00:00+00:00,2024-09-20T00:00:00+00:00
russell,RUS,mercedes,2024,18,2024_18,marina_bay,previous_event_projection,2024-09-16 00:00:00+00:00,2024-09-20T00:00:00+00:00
sainz,SAI,ferrari,2024,18,2024_18,marina_bay,previous_event_projection,2024-09-16 00:00:00+00:00,2024-09-20T00:00:00+00:00
stroll,STR,aston_martin,2024,18,2024_18,marina_bay,previous_event_projection,2024-09-16 00:00:00+00:00,2024-09-20T00:00:00+00:00
tsunoda,TSU,rb,2024,18,2024_18,marina_bay,previous_event_projection,2024-09-16 00:00:00+00:00,2024-09-20T00:00:00+00:00
zhou,ZHO,sauber,2024,18,2024_18,marina_bay,previous_event_projection,2024-09-16 00:00:00+00:00,2024-09-20T00:00:00+00:00
albon,ALB,williams,2024,19,2024_19,americas,previous_event_projection,2024-09-23 00:00:00+00:00,2024-10-18T07:00:00+00:00
alonso,ALO,aston_martin,2024,19,2024_19,americas,previous_event_projection,2024-09-23 00:00:00+00:00,2024-10-18T07:00:00+00:00
bottas,BOT,sauber,2024,19,2024_19,americas,previous_event_projection,2024-09-23 00:00:00+00:00,2024-10-18T07:00:00+00:00
colapinto,COL,williams,2024,19,2024_19,americas,previous_event_projection,2024-09-23 00:00:00+00:00,2024-10-18T07:00:00+00:00
gasly,GAS,alpine,2024,19,2024_19,americas,previous_event_projection,2024-09-23 00:00:00+00:00,2024-10-18T07:00:00+00:00
hamilton,HAM,mercedes,2024,19,2024_19,americas,previous_event_projection,2024-09-23 00:00:00+00:00,2024-10-18T07:00:00+00:00
hulkenberg,HUL,haas,2024,19,2024_19,americas,previous_event_projection,2024-09-23 00:00:00+00:00,2024-10-18T07:00:00+00:00
kevin_magnussen,MAG,haas,2024,19,2024_19,americas,previous_event_projection,2024-09-23 00:00:00+00:00,2024-10-18T07:00:00+00:00
leclerc,LEC,ferrari,2024,19,2024_19,americas,previous_event_projection,2024-09-23 00:00:00+00:00,2024-10-18T07:00:00+00:00
max_verstappen,VER,red_bull,2024,19,2024_19,americas,previous_event_projection,2024-09-23 00:00:00+00:00,2024-10-18T07:00:00+00:00
norris,NOR,mclaren,2024,19,2024_19,americas,previous_event_projection,2024-09-23 00:00:00+00:00,2024-10-18T07:00:00+00:00
ocon,OCO,alpine,2024,19,2024_19,americas,previous_event_projection,2024-09-23 00:00:00+00:00,2024-10-18T07:00:00+00:00
perez,PER,red_bull,2024,19,2024_19,americas,previous_event_projection,2024-09-23 00:00:00+00:00,2024-10-18T07:00:00+00:00
piastri,PIA,mclaren,2024,19,2024_19,americas,previous_event_projection,2024-09-23 00:00:00+00:00,2024-10-18T07:00:00+00:00
ricciardo,RIC,rb,2024,19,2024_19,americas,previous_event_projection,2024-09-23 00:00:00+00:00,2024-10-18T07:00:00+00:00
russell,RUS,mercedes,2024,19,2024_19,americas,previous_event_projection,2024-09-23 00:00:00+00:00,2024-10-18T07:00:00+00:00
sainz,SAI,ferrari,2024,19,2024_19,americas,previous_event_projection,2024-09-23 00:00:00+00:00,2024-10-18T07:00:00+00:00
stroll,STR,aston_martin,2024,19,2024_19,americas,previous_event_projection,2024-09-23 00:00:00+00:00,2024-10-18T07:00:00+00:00
tsunoda,TSU,rb,2024,19,2024_19,americas,previous_event_projection,2024-09-23 00:00:00+00:00,2024-10-18T07:00:00+00:00
zhou,ZHO,sauber,2024,19,2024_19,americas,previous_event_projection,2024-09-23 00:00:00+00:00,2024-10-18T07:00:00+00:00
albon,ALB,williams,2024,20,2024_20,rodriguez,previous_event_projection,2024-10-21 00:00:00+00:00,2024-10-25T08:00:00+00:00
alonso,ALO,aston_martin,2024,20,2024_20,rodriguez,previous_event_projection,2024-10-21 00:00:00+00:00,2024-10-25T08:00:00+00:00
bottas,BOT,sauber,2024,20,2024_20,rodriguez,previous_event_projection,2024-10-21 00:00:00+00:00,2024-10-25T08:00:00+00:00
colapinto,COL,williams,2024,20,2024_20,rodriguez,previous_event_projection,2024-10-21 00:00:00+00:00,2024-10-25T08:00:00+00:00
gasly,GAS,alpine,2024,20,2024_20,rodriguez,previous_event_projection,2024-10-21 00:00:00+00:00,2024-10-25T08:00:00+00:00
hamilton,HAM,mercedes,2024,20,2024_20,rodriguez,previous_event_projection,2024-10-21 00:00:00+00:00,2024-10-25T08:00:00+00:00
hulkenberg,HUL,haas,2024,20,2024_20,rodriguez,previous_event_projection,2024-10-21 00:00:00+00:00,2024-10-25T08:00:00+00:00
kevin_magnussen,MAG,haas,2024,20,2024_20,rodriguez,previous_event_projection,2024-10-21 00:00:00+00:00,2024-10-25T08:00:00+00:00
lawson,LAW,rb,2024,20,2024_20,rodriguez,previous_event_projection,2024-10-21 00:00:00+00:00,2024-10-25T08:00:00+00:00
leclerc,LEC,ferrari,2024,20,2024_20,rodriguez,previous_event_projection,2024-10-21 00:00:00+00:00,2024-10-25T08:00:00+00:00
max_verstappen,VER,red_bull,2024,20,2024_20,rodriguez,previous_event_projection,2024-10-21 00:00:00+00:00,2024-10-25T08:00:00+00:00
norris,NOR,mclaren,2024,20,2024_20,rodriguez,previous_event_projection,2024-10-21 00:00:00+00:00,2024-10-25T08:00:00+00:00
ocon,OCO,alpine,2024,20,2024_20,rodriguez,previous_event_projection,2024-10-21 00:00:00+00:00,2024-10-25T08:00:00+00:00
perez,PER,red_bull,2024,20,2024_20,rodriguez,previous_event_projection,2024-10-21 00:00:00+00:00,2024-10-25T08:00:00+00:00
piastri,PIA,mclaren,2024,20,2024_20,rodriguez,previous_event_projection,2024-10-21 00:00:00+00:00,2024-10-25T08:00:00+00:00
russell,RUS,mercedes,2024,20,2024_20,rodriguez,previous_event_projection,2024-10-21 00:00:00+00:00,2024-10-25T08:00:00+00:00
sainz,SAI,ferrari,2024,20,2024_20,rodriguez,previous_event_projection,2024-10-21 00:00:00+00:00,2024-10-25T08:00:00+00:00
stroll,STR,aston_martin,2024,20,2024_20,rodriguez,previous_event_projection,2024-10-21 00:00:00+00:00,2024-10-25T08:00:00+00:00
tsunoda,TSU,rb,2024,20,2024_20,rodriguez,previous_event_projection,2024-10-21 00:00:00+00:00,2024-10-25T08:00:00+00:00
zhou,ZHO,sauber,2024,20,2024_20,rodriguez,previous_event_projection,2024-10-21 00:00:00+00:00,2024-10-25T08:00:00+00:00
albon,ALB,williams,2024,21,2024_21,interlagos,previous_event_projection,2024-10-28 00:00:00+00:00,2024-11-01T05:00:00+00:00
alonso,ALO,aston_martin,2024,21,2024_21,interlagos,previous_event_projection,2024-10-28 00:00:00+00:00,2024-11-01T05:00:00+00:00
bottas,BOT,sauber,2024,21,2024_21,interlagos,previous_event_projection,2024-10-28 00:00:00+00:00,2024-11-01T05:00:00+00:00
colapinto,COL,williams,2024,21,2024_21,interlagos,previous_event_projection,2024-10-28 00:00:00+00:00,2024-11-01T05:00:00+00:00
gasly,GAS,alpine,2024,21,2024_21,interlagos,previous_event_projection,2024-10-28 00:00:00+00:00,2024-11-01T05:00:00+00:00
hamilton,HAM,mercedes,2024,21,2024_21,interlagos,previous_event_projection,2024-10-28 00:00:00+00:00,2024-11-01T05:00:00+00:00
hulkenberg,HUL,haas,2024,21,2024_21,interlagos,previous_event_projection,2024-10-28 00:00:00+00:00,2024-11-01T05:00:00+00:00
kevin_magnussen,MAG,haas,2024,21,2024_21,interlagos,previous_event_projection,2024-10-28 00:00:00+00:00,2024-11-01T05:00:00+00:00
lawson,LAW,rb,2024,21,2024_21,interlagos,previous_event_projection,2024-10-28 00:00:00+00:00,2024-11-01T05:00:00+00:00
leclerc,LEC,ferrari,2024,21,2024_21,interlagos,previous_event_projection,2024-10-28 00:00:00+00:00,2024-11-01T05:00:00+00:00
max_verstappen,VER,red_bull,2024,21,2024_21,interlagos,previous_event_projection,2024-10-28 00:00:00+00:00,2024-11-01T05:00:00+00:00
norris,NOR,mclaren,2024,21,2024_21,interlagos,previous_event_projection,2024-10-28 00:00:00+00:00,2024-11-01T05:00:00+00:00
ocon,OCO,alpine,2024,21,2024_21,interlagos,previous_event_projection,2024-10-28 00:00:00+00:00,2024-11-01T05:00:00+00:00
perez,PER,red_bull,2024,21,2024_21,interlagos,previous_event_projection,2024-10-28 00:00:00+00:00,2024-11-01T05:00:00+00:00
piastri,PIA,mclaren,2024,21,2024_21,interlagos,previous_event_projection,2024-10-28 00:00:00+00:00,2024-11-01T05:00:00+00:00
russell,RUS,mercedes,2024,21,2024_21,interlagos,previous_event_projection,2024-10-28 00:00:00+00:00,2024-11-01T05:00:00+00:00
sainz,SAI,ferrari,2024,21,2024_21,interlagos,previous_event_projection,2024-10-28 00:00:00+00:00,2024-11-01T05:00:00+00:00
stroll,STR,aston_martin,2024,21,2024_21,interlagos,previous_event_projection,2024-10-28 00:00:00+00:00,2024-11-01T05:00:00+00:00
tsunoda,TSU,rb,2024,21,2024_21,interlagos,previous_event_projection,2024-10-28 00:00:00+00:00,2024-11-01T05:00:00+00:00
zhou,ZHO,sauber,2024,21,2024_21,interlagos,previous_event_projection,2024-10-28 00:00:00+00:00,2024-11-01T05:00:00+00:00
alonso,ALO,aston_martin,2024,22,2024_22,vegas,previous_event_projection,2024-11-04 00:00:00+00:00,2024-11-20T18:00:00+00:00
bearman,BEA,haas,2024,22,2024_22,vegas,previous_event_projection,2024-11-04 00:00:00+00:00,2024-11-20T18:00:00+00:00
bottas,BOT,sauber,2024,22,2024_22,vegas,previous_event_projection,2024-11-04 00:00:00+00:00,2024-11-20T18:00:00+00:00
colapinto,COL,williams,2024,22,2024_22,vegas,previous_event_projection,2024-11-04 00:00:00+00:00,2024-11-20T18:00:00+00:00
gasly,GAS,alpine,2024,22,2024_22,vegas,previous_event_projection,2024-11-04 00:00:00+00:00,2024-11-20T18:00:00+00:00
hamilton,HAM,mercedes,2024,22,2024_22,vegas,previous_event_projection,2024-11-04 00:00:00+00:00,2024-11-20T18:00:00+00:00
hulkenberg,HUL,haas,2024,22,2024_22,vegas,previous_event_projection,2024-11-04 00:00:00+00:00,2024-11-20T18:00:00+00:00
lawson,LAW,rb,2024,22,2024_22,vegas,previous_event_projection,2024-11-04 00:00:00+00:00,2024-11-20T18:00:00+00:00
leclerc,LEC,ferrari,2024,22,2024_22,vegas,previous_event_projection,2024-11-04 00:00:00+00:00,2024-11-20T18:00:00+00:00
max_verstappen,VER,red_bull,2024,22,2024_22,vegas,previous_event_projection,2024-11-04 00:00:00+00:00,2024-11-20T18:00:00+00:00
norris,NOR,mclaren,2024,22,2024_22,vegas,previous_event_projection,2024-11-04 00:00:00+00:00,2024-11-20T18:00:00+00:00
ocon,OCO,alpine,2024,22,2024_22,vegas,previous_event_projection,2024-11-04 00:00:00+00:00,2024-11-20T18:00:00+00:00
perez,PER,red_bull,2024,22,2024_22,vegas,previous_event_projection,2024-11-04 00:00:00+00:00,2024-11-20T18:00:00+00:00
piastri,PIA,mclaren,2024,22,2024_22,vegas,previous_event_projection,2024-11-04 00:00:00+00:00,2024-11-20T18:00:00+00:00
russell,RUS,mercedes,2024,22,2024_22,vegas,previous_event_projection,2024-11-04 00:00:00+00:00,2024-11-20T18:00:00+00:00
sainz,SAI,ferrari,2024,22,2024_22,vegas,previous_event_projection,2024-11-04 00:00:00+00:00,2024-11-20T18:00:00+00:00
tsunoda,TSU,rb,2024,22,2024_22,vegas,previous_event_projection,2024-11-04 00:00:00+00:00,2024-11-20T18:00:00+00:00
zhou,ZHO,sauber,2024,22,2024_22,vegas,previous_event_projection,2024-11-04 00:00:00+00:00,2024-11-20T18:00:00+00:00
albon,ALB,williams,2024,23,2024_23,losail,previous_event_projection,2024-11-24 00:00:00+00:00,2024-11-29T04:00:00+00:00
alonso,ALO,aston_martin,2024,23,2024_23,losail,previous_event_projection,2024-11-24 00:00:00+00:00,2024-11-29T04:00:00+00:00
bottas,BOT,sauber,2024,23,2024_23,losail,previous_event_projection,2024-11-24 00:00:00+00:00,2024-11-29T04:00:00+00:00
colapinto,COL,williams,2024,23,2024_23,losail,previous_event_projection,2024-11-24 00:00:00+00:00,2024-11-29T04:00:00+00:00
gasly,GAS,alpine,2024,23,2024_23,losail,previous_event_projection,2024-11-24 00:00:00+00:00,2024-11-29T04:00:00+00:00
hamilton,HAM,mercedes,2024,23,2024_23,losail,previous_event_projection,2024-11-24 00:00:00+00:00,2024-11-29T04:00:00+00:00
hulkenberg,HUL,haas,2024,23,2024_23,losail,previous_event_projection,2024-11-24 00:00:00+00:00,2024-11-29T04:00:00+00:00
kevin_magnussen,MAG,haas,2024,23,2024_23,losail,previous_event_projection,2024-11-24 00:00:00+00:00,2024-11-29T04:00:00+00:00
lawson,LAW,rb,2024,23,2024_23,losail,previous_event_projection,2024-11-24 00:00:00+00:00,2024-11-29T04:00:00+00:00
leclerc,LEC,ferrari,2024,23,2024_23,losail,previous_event_projection,2024-11-24 00:00:00+00:00,2024-11-29T04:00:00+00:00
max_verstappen,VER,red_bull,2024,23,2024_23,losail,previous_event_projection,2024-11-24 00:00:00+00:00,2024-11-29T04:00:00+00:00
norris,NOR,mclaren,2024,23,2024_23,losail,previous_event_projection,2024-11-24 00:00:00+00:00,2024-11-29T04:00:00+00:00
ocon,OCO,alpine,2024,23,2024_23,losail,previous_event_projection,2024-11-24 00:00:00+00:00,2024-11-29T04:00:00+00:00
perez,PER,red_bull,2024,23,2024_23,losail,previous_event_projection,2024-11-24 00:00:00+00:00,2024-11-29T04:00:00+00:00
piastri,PIA,mclaren,2024,23,2024_23,losail,previous_event_projection,2024-11-24 00:00:00+00:00,2024-11-29T04:00:00+00:00
russell,RUS,mercedes,2024,23,2024_23,losail,previous_event_projection,2024-11-24 00:00:00+00:00,2024-11-29T04:00:00+00:00
sainz,SAI,ferrari,2024,23,2024_23,losail,previous_event_projection,2024-11-24 00:00:00+00:00,2024-11-29T04:00:00+00:00
stroll,STR,aston_martin,2024,23,2024_23,losail,previous_event_projection,2024-11-24 00:00:00+00:00,2024-11-29T04:00:00+00:00
tsunoda,TSU,rb,2024,23,2024_23,losail,previous_event_projection,2024-11-24 00:00:00+00:00,2024-11-29T04:00:00+00:00
zhou,ZHO,sauber,2024,23,2024_23,losail,previous_event_projection,2024-11-24 00:00:00+00:00,2024-11-29T04:00:00+00:00
albon,ALB,williams,2024,24,2024_24,yas_marina,previous_event_projection,2024-12-02 00:00:00+00:00,2024-12-06T01:00:00+00:00
alonso,ALO,aston_martin,2024,24,2024_24,yas_marina,previous_event_projection,2024-12-02 00:00:00+00:00,2024-12-06T01:00:00+00:00
bottas,BOT,sauber,2024,24,2024_24,yas_marina,previous_event_projection,2024-12-02 00:00:00+00:00,2024-12-06T01:00:00+00:00
colapinto,COL,williams,2024,24,2024_24,yas_marina,previous_event_projection,2024-12-02 00:00:00+00:00,2024-12-06T01:00:00+00:00
gasly,GAS,alpine,2024,24,2024_24,yas_marina,previous_event_projection,2024-12-02 00:00:00+00:00,2024-12-06T01:00:00+00:00
hamilton,HAM,mercedes,2024,24,2024_24,yas_marina,previous_event_projection,2024-12-02 00:00:00+00:00,2024-12-06T01:00:00+00:00
hulkenberg,HUL,haas,2024,24,2024_24,yas_marina,previous_event_projection,2024-12-02 00:00:00+00:00,2024-12-06T01:00:00+00:00
kevin_magnussen,MAG,haas,2024,24,2024_24,yas_marina,previous_event_projection,2024-12-02 00:00:00+00:00,2024-12-06T01:00:00+00:00
lawson,LAW,rb,2024,24,2024_24,yas_marina,previous_event_projection,2024-12-02 00:00:00+00:00,2024-12-06T01:00:00+00:00
leclerc,LEC,ferrari,2024,24,2024_24,yas_marina,previous_event_projection,2024-12-02 00:00:00+00:00,2024-12-06T01:00:00+00:00
max_verstappen,VER,red_bull,2024,24,2024_24,yas_marina,previous_event_projection,2024-12-02 00:00:00+00:00,2024-12-06T01:00:00+00:00
norris,NOR,mclaren,2024,24,2024_24,yas_marina,previous_event_projection,2024-12-02 00:00:00+00:00,2024-12-06T01:00:00+00:00
ocon,OCO,alpine,2024,24,2024_24,yas_marina,previous_event_projection,2024-12-02 00:00:00+00:00,2024-12-06T01:00:00+00:00
perez,PER,red_bull,2024,24,2024_24,yas_marina,previous_event_projection,2024-12-02 00:00:00+00:00,2024-12-06T01:00:00+00:00
piastri,PIA,mclaren,2024,24,2024_24,yas_marina,previous_event_projection,2024-12-02 00:00:00+00:00,2024-12-06T01:00:00+00:00
russell,RUS,mercedes,2024,24,2024_24,yas_marina,previous_event_projection,2024-12-02 00:00:00+00:00,2024-12-06T01:00:00+00:00
sainz,SAI,ferrari,2024,24,2024_24,yas_marina,previous_event_projection,2024-12-02 00:00:00+00:00,2024-12-06T01:00:00+00:00
stroll,STR,aston_martin,2024,24,2024_24,yas_marina,previous_event_projection,2024-12-02 00:00:00+00:00,2024-12-06T01:00:00+00:00
tsunoda,TSU,rb,2024,24,2024_24,yas_marina,previous_event_projection,2024-12-02 00:00:00+00:00,2024-12-06T01:00:00+00:00
zhou,ZHO,sauber,2024,24,2024_24,yas_marina,previous_event_projection,2024-12-02 00:00:00+00:00,2024-12-06T01:00:00+00:00
albon,ALB,williams,2025,2,2025_02,shanghai,previous_event_projection,2025-03-17 00:00:00+00:00,2025-03-20T19:00:00+00:00
alonso,ALO,aston_martin,2025,2,2025_02,shanghai,previous_event_projection,2025-03-17 00:00:00+00:00,2025-03-20T19:00:00+00:00
antonelli,ANT,mercedes,2025,2,2025_02,shanghai,previous_event_projection,2025-03-17 00:00:00+00:00,2025-03-20T19:00:00+00:00
bearman,BEA,haas,2025,2,2025_02,shanghai,previous_event_projection,2025-03-17 00:00:00+00:00,2025-03-20T19:00:00+00:00
bortoleto,BOR,sauber,2025,2,2025_02,shanghai,previous_event_projection,2025-03-17 00:00:00+00:00,2025-03-20T19:00:00+00:00
doohan,DOO,alpine,2025,2,2025_02,shanghai,previous_event_projection,2025-03-17 00:00:00+00:00,2025-03-20T19:00:00+00:00
gasly,GAS,alpine,2025,2,2025_02,shanghai,previous_event_projection,2025-03-17 00:00:00+00:00,2025-03-20T19:00:00+00:00
hadjar,HAD,rb,2025,2,2025_02,shanghai,previous_event_projection,2025-03-17 00:00:00+00:00,2025-03-20T19:00:00+00:00
hamilton,HAM,ferrari,2025,2,2025_02,shanghai,previous_event_projection,2025-03-17 00:00:00+00:00,2025-03-20T19:00:00+00:00
hulkenberg,HUL,sauber,2025,2,2025_02,shanghai,previous_event_projection,2025-03-17 00:00:00+00:00,2025-03-20T19:00:00+00:00
lawson,LAW,red_bull,2025,2,2025_02,shanghai,previous_event_projection,2025-03-17 00:00:00+00:00,2025-03-20T19:00:00+00:00
leclerc,LEC,ferrari,2025,2,2025_02,shanghai,previous_event_projection,2025-03-17 00:00:00+00:00,2025-03-20T19:00:00+00:00
max_verstappen,VER,red_bull,2025,2,2025_02,shanghai,previous_event_projection,2025-03-17 00:00:00+00:00,2025-03-20T19:00:00+00:00
norris,NOR,mclaren,2025,2,2025_02,shanghai,previous_event_projection,2025-03-17 00:00:00+00:00,2025-03-20T19:00:00+00:00
ocon,OCO,haas,2025,2,2025_02,shanghai,previous_event_projection,2025-03-17 00:00:00+00:00,2025-03-20T19:00:00+00:00
piastri,PIA,mclaren,2025,2,2025_02,shanghai,previous_event_projection,2025-03-17 00:00:00+00:00,2025-03-20T19:00:00+00:00
russell,RUS,mercedes,2025,2,2025_02,shanghai,previous_event_projection,2025-03-17 00:00:00+00:00,2025-03-20T19:00:00+00:00
sainz,SAI,williams,2025,2,2025_02,shanghai,previous_event_projection,2025-03-17 00:00:00+00:00,2025-03-20T19:00:00+00:00
stroll,STR,aston_martin,2025,2,2025_02,shanghai,previous_event_projection,2025-03-17 00:00:00+00:00,2025-03-20T19:00:00+00:00
tsunoda,TSU,rb,2025,2,2025_02,shanghai,previous_event_projection,2025-03-17 00:00:00+00:00,2025-03-20T19:00:00+00:00
albon,ALB,williams,2025,3,2025_03,suzuka,previous_event_projection,2025-03-24 00:00:00+00:00,2025-04-03T17:00:00+00:00
alonso,ALO,aston_martin,2025,3,2025_03,suzuka,previous_event_projection,2025-03-24 00:00:00+00:00,2025-04-03T17:00:00+00:00
antonelli,ANT,mercedes,2025,3,2025_03,suzuka,previous_event_projection,2025-03-24 00:00:00+00:00,2025-04-03T17:00:00+00:00
bearman,BEA,haas,2025,3,2025_03,suzuka,previous_event_projection,2025-03-24 00:00:00+00:00,2025-04-03T17:00:00+00:00
bortoleto,BOR,sauber,2025,3,2025_03,suzuka,previous_event_projection,2025-03-24 00:00:00+00:00,2025-04-03T17:00:00+00:00
doohan,DOO,alpine,2025,3,2025_03,suzuka,previous_event_projection,2025-03-24 00:00:00+00:00,2025-04-03T17:00:00+00:00
gasly,GAS,alpine,2025,3,2025_03,suzuka,previous_event_projection,2025-03-24 00:00:00+00:00,2025-04-03T17:00:00+00:00
hadjar,HAD,rb,2025,3,2025_03,suzuka,previous_event_projection,2025-03-24 00:00:00+00:00,2025-04-03T17:00:00+00:00
hamilton,HAM,ferrari,2025,3,2025_03,suzuka,previous_event_projection,2025-03-24 00:00:00+00:00,2025-04-03T17:00:00+00:00
hulkenberg,HUL,sauber,2025,3,2025_03,suzuka,previous_event_projection,2025-03-24 00:00:00+00:00,2025-04-03T17:00:00+00:00
lawson,LAW,red_bull,2025,3,2025_03,suzuka,previous_event_projection,2025-03-24 00:00:00+00:00,2025-04-03T17:00:00+00:00
leclerc,LEC,ferrari,2025,3,2025_03,suzuka,previous_event_projection,2025-03-24 00:00:00+00:00,2025-04-03T17:00:00+00:00
max_verstappen,VER,red_bull,2025,3,2025_03,suzuka,previous_event_projection,2025-03-24 00:00:00+00:00,2025-04-03T17:00:00+00:00
norris,NOR,mclaren,2025,3,2025_03,suzuka,previous_event_projection,2025-03-24 00:00:00+00:00,2025-04-03T17:00:00+00:00
ocon,OCO,haas,2025,3,2025_03,suzuka,previous_event_projection,2025-03-24 00:00:00+00:00,2025-04-03T17:00:00+00:00
piastri,PIA,mclaren,2025,3,2025_03,suzuka,previous_event_projection,2025-03-24 00:00:00+00:00,2025-04-03T17:00:00+00:00
russell,RUS,mercedes,2025,3,2025_03,suzuka,previous_event_projection,2025-03-24 00:00:00+00:00,2025-04-03T17:00:00+00:00
sainz,SAI,williams,2025,3,2025_03,suzuka,previous_event_projection,2025-03-24 00:00:00+00:00,2025-04-03T17:00:00+00:00
stroll,STR,aston_martin,2025,3,2025_03,suzuka,previous_event_projection,2025-03-24 00:00:00+00:00,2025-04-03T17:00:00+00:00
tsunoda,TSU,rb,2025,3,2025_03,suzuka,previous_event_projection,2025-03-24 00:00:00+00:00,2025-04-03T17:00:00+00:00
albon,ALB,williams,2025,4,2025_04,bahrain,previous_event_projection,2025-04-07 00:00:00+00:00,2025-04-11T03:00:00+00:00
alonso,ALO,aston_martin,2025,4,2025_04,bahrain,previous_event_projection,2025-04-07 00:00:00+00:00,2025-04-11T03:00:00+00:00
antonelli,ANT,mercedes,2025,4,2025_04,bahrain,previous_event_projection,2025-04-07 00:00:00+00:00,2025-04-11T03:00:00+00:00
bearman,BEA,haas,2025,4,2025_04,bahrain,previous_event_projection,2025-04-07 00:00:00+00:00,2025-04-11T03:00:00+00:00
bortoleto,BOR,sauber,2025,4,2025_04,bahrain,previous_event_projection,2025-04-07 00:00:00+00:00,2025-04-11T03:00:00+00:00
doohan,DOO,alpine,2025,4,2025_04,bahrain,previous_event_projection,2025-04-07 00:00:00+00:00,2025-04-11T03:00:00+00:00
gasly,GAS,alpine,2025,4,2025_04,bahrain,previous_event_projection,2025-04-07 00:00:00+00:00,2025-04-11T03:00:00+00:00
hadjar,HAD,rb,2025,4,2025_04,bahrain,previous_event_projection,2025-04-07 00:00:00+00:00,2025-04-11T03:00:00+00:00
hamilton,HAM,ferrari,2025,4,2025_04,bahrain,previous_event_projection,2025-04-07 00:00:00+00:00,2025-04-11T03:00:00+00:00
hulkenberg,HUL,sauber,2025,4,2025_04,bahrain,previous_event_projection,2025-04-07 00:00:00+00:00,2025-04-11T03:00:00+00:00
lawson,LAW,rb,2025,4,2025_04,bahrain,previous_event_projection,2025-04-07 00:00:00+00:00,2025-04-11T03:00:00+00:00
leclerc,LEC,ferrari,2025,4,2025_04,bahrain,previous_event_projection,2025-04-07 00:00:00+00:00,2025-04-11T03:00:00+00:00
max_verstappen,VER,red_bull,2025,4,2025_04,bahrain,previous_event_projection,2025-04-07 00:00:00+00:00,2025-04-11T03:00:00+00:00
norris,NOR,mclaren,2025,4,2025_04,bahrain,previous_event_projection,2025-04-07 00:00:00+00:00,2025-04-11T03:00:00+00:00
ocon,OCO,haas,2025,4,2025_04,bahrain,previous_event_projection,2025-04-07 00:00:00+00:00,2025-04-11T03:00:00+00:00
piastri,PIA,mclaren,2025,4,2025_04,bahrain,previous_event_projection,2025-04-07 00:00:00+00:00,2025-04-11T03:00:00+00:00
russell,RUS,mercedes,2025,4,2025_04,bahrain,previous_event_projection,2025-04-07 00:00:00+00:00,2025-04-11T03:00:00+00:00
sainz,SAI,williams,2025,4,2025_04,bahrain,previous_event_projection,2025-04-07 00:00:00+00:00,2025-04-11T03:00:00+00:00
stroll,STR,aston_martin,2025,4,2025_04,bahrain,previous_event_projection,2025-04-07 00:00:00+00:00,2025-04-11T03:00:00+00:00
tsunoda,TSU,red_bull,2025,4,2025_04,bahrain,previous_event_projection,2025-04-07 00:00:00+00:00,2025-04-11T03:00:00+00:00
albon,ALB,williams,2025,5,2025_05,jeddah,previous_event_projection,2025-04-14 00:00:00+00:00,2025-04-18T05:00:00+00:00
alonso,ALO,aston_martin,2025,5,2025_05,jeddah,previous_event_projection,2025-04-14 00:00:00+00:00,2025-04-18T05:00:00+00:00
antonelli,ANT,mercedes,2025,5,2025_05,jeddah,previous_event_projection,2025-04-14 00:00:00+00:00,2025-04-18T05:00:00+00:00
bearman,BEA,haas,2025,5,2025_05,jeddah,previous_event_projection,2025-04-14 00:00:00+00:00,2025-04-18T05:00:00+00:00
bortoleto,BOR,sauber,2025,5,2025_05,jeddah,previous_event_projection,2025-04-14 00:00:00+00:00,2025-04-18T05:00:00+00:00
doohan,DOO,alpine,2025,5,2025_05,jeddah,previous_event_projection,2025-04-14 00:00:00+00:00,2025-04-18T05:00:00+00:00
gasly,GAS,alpine,2025,5,2025_05,jeddah,previous_event_projection,2025-04-14 00:00:00+00:00,2025-04-18T05:00:00+00:00
hadjar,HAD,rb,2025,5,2025_05,jeddah,previous_event_projection,2025-04-14 00:00:00+00:00,2025-04-18T05:00:00+00:00
hamilton,HAM,ferrari,2025,5,2025_05,jeddah,previous_event_projection,2025-04-14 00:00:00+00:00,2025-04-18T05:00:00+00:00
hulkenberg,HUL,sauber,2025,5,2025_05,jeddah,previous_event_projection,2025-04-14 00:00:00+00:00,2025-04-18T05:00:00+00:00
lawson,LAW,rb,2025,5,2025_05,jeddah,previous_event_projection,2025-04-14 00:00:00+00:00,2025-04-18T05:00:00+00:00
leclerc,LEC,ferrari,2025,5,2025_05,jeddah,previous_event_projection,2025-04-14 00:00:00+00:00,2025-04-18T05:00:00+00:00
max_verstappen,VER,red_bull,2025,5,2025_05,jeddah,previous_event_projection,2025-04-14 00:00:00+00:00,2025-04-18T05:00:00+00:00
norris,NOR,mclaren,2025,5,2025_05,jeddah,previous_event_projection,2025-04-14 00:00:00+00:00,2025-04-18T05:00:00+00:00
ocon,OCO,haas,2025,5,2025_05,jeddah,previous_event_projection,2025-04-14 00:00:00+00:00,2025-04-18T05:00:00+00:00
piastri,PIA,mclaren,2025,5,2025_05,jeddah,previous_event_projection,2025-04-14 00:00:00+00:00,2025-04-18T05:00:00+00:00
russell,RUS,mercedes,2025,5,2025_05,jeddah,previous_event_projection,2025-04-14 00:00:00+00:00,2025-04-18T05:00:00+00:00
sainz,SAI,williams,2025,5,2025_05,jeddah,previous_event_projection,2025-04-14 00:00:00+00:00,2025-04-18T05:00:00+00:00
stroll,STR,aston_martin,2025,5,2025_05,jeddah,previous_event_projection,2025-04-14 00:00:00+00:00,2025-04-18T05:00:00+00:00
tsunoda,TSU,red_bull,2025,5,2025_05,jeddah,previous_event_projection,2025-04-14 00:00:00+00:00,2025-04-18T05:00:00+00:00
albon,ALB,williams,2025,6,2025_06,miami,previous_event_projection,2025-04-21 00:00:00+00:00,2025-05-02T08:00:00+00:00
alonso,ALO,aston_martin,2025,6,2025_06,miami,previous_event_projection,2025-04-21 00:00:00+00:00,2025-05-02T08:00:00+00:00
antonelli,ANT,mercedes,2025,6,2025_06,miami,previous_event_projection,2025-04-21 00:00:00+00:00,2025-05-02T08:00:00+00:00
bearman,BEA,haas,2025,6,2025_06,miami,previous_event_projection,2025-04-21 00:00:00+00:00,2025-05-02T08:00:00+00:00
bortoleto,BOR,sauber,2025,6,2025_06,miami,previous_event_projection,2025-04-21 00:00:00+00:00,2025-05-02T08:00:00+00:00
doohan,DOO,alpine,2025,6,2025_06,miami,previous_event_projection,2025-04-21 00:00:00+00:00,2025-05-02T08:00:00+00:00
gasly,GAS,alpine,2025,6,2025_06,miami,previous_event_projection,2025-04-21 00:00:00+00:00,2025-05-02T08:00:00+00:00
hadjar,HAD,rb,2025,6,2025_06,miami,previous_event_projection,2025-04-21 00:00:00+00:00,2025-05-02T08:00:00+00:00
hamilton,HAM,ferrari,2025,6,2025_06,miami,previous_event_projection,2025-04-21 00:00:00+00:00,2025-05-02T08:00:00+00:00
hulkenberg,HUL,sauber,2025,6,2025_06,miami,previous_event_projection,2025-04-21 00:00:00+00:00,2025-05-02T08:00:00+00:00
lawson,LAW,rb,2025,6,2025_06,miami,previous_event_projection,2025-04-21 00:00:00+00:00,2025-05-02T08:00:00+00:00
leclerc,LEC,ferrari,2025,6,2025_06,miami,previous_event_projection,2025-04-21 00:00:00+00:00,2025-05-02T08:00:00+00:00
max_verstappen,VER,red_bull,2025,6,2025_06,miami,previous_event_projection,2025-04-21 00:00:00+00:00,2025-05-02T08:00:00+00:00
norris,NOR,mclaren,2025,6,2025_06,miami,previous_event_projection,2025-04-21 00:00:00+00:00,2025-05-02T08:00:00+00:00
ocon,OCO,haas,2025,6,2025_06,miami,previous_event_projection,2025-04-21 00:00:00+00:00,2025-05-02T08:00:00+00:00
piastri,PIA,mclaren,2025,6,2025_06,miami,previous_event_projection,2025-04-21 00:00:00+00:00,2025-05-02T08:00:00+00:00
russell,RUS,mercedes,2025,6,2025_06,miami,previous_event_projection,2025-04-21 00:00:00+00:00,2025-05-02T08:00:00+00:00
sainz,SAI,williams,2025,6,2025_06,miami,previous_event_projection,2025-04-21 00:00:00+00:00,2025-05-02T08:00:00+00:00
stroll,STR,aston_martin,2025,6,2025_06,miami,previous_event_projection,2025-04-21 00:00:00+00:00,2025-05-02T08:00:00+00:00
tsunoda,TSU,red_bull,2025,6,2025_06,miami,previous_event_projection,2025-04-21 00:00:00+00:00,2025-05-02T08:00:00+00:00
albon,ALB,williams,2025,7,2025_07,imola,previous_event_projection,2025-05-05 00:00:00+00:00,2025-05-16T01:00:00+00:00
alonso,ALO,aston_martin,2025,7,2025_07,imola,previous_event_projection,2025-05-05 00:00:00+00:00,2025-05-16T01:00:00+00:00
antonelli,ANT,mercedes,2025,7,2025_07,imola,previous_event_projection,2025-05-05 00:00:00+00:00,2025-05-16T01:00:00+00:00
bearman,BEA,haas,2025,7,2025_07,imola,previous_event_projection,2025-05-05 00:00:00+00:00,2025-05-16T01:00:00+00:00
bortoleto,BOR,sauber,2025,7,2025_07,imola,previous_event_projection,2025-05-05 00:00:00+00:00,2025-05-16T01:00:00+00:00
doohan,DOO,alpine,2025,7,2025_07,imola,previous_event_projection,2025-05-05 00:00:00+00:00,2025-05-16T01:00:00+00:00
gasly,GAS,alpine,2025,7,2025_07,imola,previous_event_projection,2025-05-05 00:00:00+00:00,2025-05-16T01:00:00+00:00
hadjar,HAD,rb,2025,7,2025_07,imola,previous_event_projection,2025-05-05 00:00:00+00:00,2025-05-16T01:00:00+00:00
hamilton,HAM,ferrari,2025,7,2025_07,imola,previous_event_projection,2025-05-05 00:00:00+00:00,2025-05-16T01:00:00+00:00
hulkenberg,HUL,sauber,2025,7,2025_07,imola,previous_event_projection,2025-05-05 00:00:00+00:00,2025-05-16T01:00:00+00:00
lawson,LAW,rb,2025,7,2025_07,imola,previous_event_projection,2025-05-05 00:00:00+00:00,2025-05-16T01:00:00+00:00
leclerc,LEC,ferrari,2025,7,2025_07,imola,previous_event_projection,2025-05-05 00:00:00+00:00,2025-05-16T01:00:00+00:00
max_verstappen,VER,red_bull,2025,7,2025_07,imola,previous_event_projection,2025-05-05 00:00:00+00:00,2025-05-16T01:00:00+00:00
norris,NOR,mclaren,2025,7,2025_07,imola,previous_event_projection,2025-05-05 00:00:00+00:00,2025-05-16T01:00:00+00:00
ocon,OCO,haas,2025,7,2025_07,imola,previous_event_projection,2025-05-05 00:00:00+00:00,2025-05-16T01:00:00+00:00
piastri,PIA,mclaren,2025,7,2025_07,imola,previous_event_projection,2025-05-05 00:00:00+00:00,2025-05-16T01:00:00+00:00
russell,RUS,mercedes,2025,7,2025_07,imola,previous_event_projection,2025-05-05 00:00:00+00:00,2025-05-16T01:00:00+00:00
sainz,SAI,williams,2025,7,2025_07,imola,previous_event_projection,2025-05-05 00:00:00+00:00,2025-05-16T01:00:00+00:00
stroll,STR,aston_martin,2025,7,2025_07,imola,previous_event_projection,2025-05-05 00:00:00+00:00,2025-05-16T01:00:00+00:00
tsunoda,TSU,red_bull,2025,7,2025_07,imola,previous_event_projection,2025-05-05 00:00:00+00:00,2025-05-16T01:00:00+00:00
albon,ALB,williams,2025,8,2025_08,monaco,previous_event_projection,2025-05-19 00:00:00+00:00,2025-05-23T01:00:00+00:00
alonso,ALO,aston_martin,2025,8,2025_08,monaco,previous_event_projection,2025-05-19 00:00:00+00:00,2025-05-23T01:00:00+00:00
antonelli,ANT,mercedes,2025,8,2025_08,monaco,previous_event_projection,2025-05-19 00:00:00+00:00,2025-05-23T01:00:00+00:00
bearman,BEA,haas,2025,8,2025_08,monaco,previous_event_projection,2025-05-19 00:00:00+00:00,2025-05-23T01:00:00+00:00
bortoleto,BOR,sauber,2025,8,2025_08,monaco,previous_event_projection,2025-05-19 00:00:00+00:00,2025-05-23T01:00:00+00:00
colapinto,COL,alpine,2025,8,2025_08,monaco,previous_event_projection,2025-05-19 00:00:00+00:00,2025-05-23T01:00:00+00:00
gasly,GAS,alpine,2025,8,2025_08,monaco,previous_event_projection,2025-05-19 00:00:00+00:00,2025-05-23T01:00:00+00:00
hadjar,HAD,rb,2025,8,2025_08,monaco,previous_event_projection,2025-05-19 00:00:00+00:00,2025-05-23T01:00:00+00:00
hamilton,HAM,ferrari,2025,8,2025_08,monaco,previous_event_projection,2025-05-19 00:00:00+00:00,2025-05-23T01:00:00+00:00
hulkenberg,HUL,sauber,2025,8,2025_08,monaco,previous_event_projection,2025-05-19 00:00:00+00:00,2025-05-23T01:00:00+00:00
lawson,LAW,rb,2025,8,2025_08,monaco,previous_event_projection,2025-05-19 00:00:00+00:00,2025-05-23T01:00:00+00:00
leclerc,LEC,ferrari,2025,8,2025_08,monaco,previous_event_projection,2025-05-19 00:00:00+00:00,2025-05-23T01:00:00+00:00
max_verstappen,VER,red_bull,2025,8,2025_08,monaco,previous_event_projection,2025-05-19 00:00:00+00:00,2025-05-23T01:00:00+00:00
norris,NOR,mclaren,2025,8,2025_08,monaco,previous_event_projection,2025-05-19 00:00:00+00:00,2025-05-23T01:00:00+00:00
ocon,OCO,haas,2025,8,2025_08,monaco,previous_event_projection,2025-05-19 00:00:00+00:00,2025-05-23T01:00:00+00:00
piastri,PIA,mclaren,2025,8,2025_08,monaco,previous_event_projection,2025-05-19 00:00:00+00:00,2025-05-23T01:00:00+00:00
russell,RUS,mercedes,2025,8,2025_08,monaco,previous_event_projection,2025-05-19 00:00:00+00:00,2025-05-23T01:00:00+00:00
sainz,SAI,williams,2025,8,2025_08,monaco,previous_event_projection,2025-05-19 00:00:00+00:00,2025-05-23T01:00:00+00:00
stroll,STR,aston_martin,2025,8,2025_08,monaco,previous_event_projection,2025-05-19 00:00:00+00:00,2025-05-23T01:00:00+00:00
tsunoda,TSU,red_bull,2025,8,2025_08,monaco,previous_event_projection,2025-05-19 00:00:00+00:00,2025-05-23T01:00:00+00:00
albon,ALB,williams,2025,9,2025_09,catalunya,previous_event_projection,2025-05-26 00:00:00+00:00,2025-05-30T01:00:00+00:00
alonso,ALO,aston_martin,2025,9,2025_09,catalunya,previous_event_projection,2025-05-26 00:00:00+00:00,2025-05-30T01:00:00+00:00
antonelli,ANT,mercedes,2025,9,2025_09,catalunya,previous_event_projection,2025-05-26 00:00:00+00:00,2025-05-30T01:00:00+00:00
bearman,BEA,haas,2025,9,2025_09,catalunya,previous_event_projection,2025-05-26 00:00:00+00:00,2025-05-30T01:00:00+00:00
bortoleto,BOR,sauber,2025,9,2025_09,catalunya,previous_event_projection,2025-05-26 00:00:00+00:00,2025-05-30T01:00:00+00:00
colapinto,COL,alpine,2025,9,2025_09,catalunya,previous_event_projection,2025-05-26 00:00:00+00:00,2025-05-30T01:00:00+00:00
gasly,GAS,alpine,2025,9,2025_09,catalunya,previous_event_projection,2025-05-26 00:00:00+00:00,2025-05-30T01:00:00+00:00
hadjar,HAD,rb,2025,9,2025_09,catalunya,previous_event_projection,2025-05-26 00:00:00+00:00,2025-05-30T01:00:00+00:00
hamilton,HAM,ferrari,2025,9,2025_09,catalunya,previous_event_projection,2025-05-26 00:00:00+00:00,2025-05-30T01:00:00+00:00
hulkenberg,HUL,sauber,2025,9,2025_09,catalunya,previous_event_projection,2025-05-26 00:00:00+00:00,2025-05-30T01:00:00+00:00
lawson,LAW,rb,2025,9,2025_09,catalunya,previous_event_projection,2025-05-26 00:00:00+00:00,2025-05-30T01:00:00+00:00
leclerc,LEC,ferrari,2025,9,2025_09,catalunya,previous_event_projection,2025-05-26 00:00:00+00:00,2025-05-30T01:00:00+00:00
max_verstappen,VER,red_bull,2025,9,2025_09,catalunya,previous_event_projection,2025-05-26 00:00:00+00:00,2025-05-30T01:00:00+00:00
norris,NOR,mclaren,2025,9,2025_09,catalunya,previous_event_projection,2025-05-26 00:00:00+00:00,2025-05-30T01:00:00+00:00
ocon,OCO,haas,2025,9,2025_09,catalunya,previous_event_projection,2025-05-26 00:00:00+00:00,2025-05-30T01:00:00+00:00
piastri,PIA,mclaren,2025,9,2025_09,catalunya,previous_event_projection,2025-05-26 00:00:00+00:00,2025-05-30T01:00:00+00:00
russell,RUS,mercedes,2025,9,2025_09,catalunya,previous_event_projection,2025-05-26 00:00:00+00:00,2025-05-30T01:00:00+00:00
sainz,SAI,williams,2025,9,2025_09,catalunya,previous_event_projection,2025-05-26 00:00:00+00:00,2025-05-30T01:00:00+00:00
stroll,STR,aston_martin,2025,9,2025_09,catalunya,previous_event_projection,2025-05-26 00:00:00+00:00,2025-05-30T01:00:00+00:00
tsunoda,TSU,red_bull,2025,9,2025_09,catalunya,previous_event_projection,2025-05-26 00:00:00+00:00,2025-05-30T01:00:00+00:00
albon,ALB,williams,2025,10,2025_10,villeneuve,previous_event_projection,2025-06-02 00:00:00+00:00,2025-06-13T06:00:00+00:00
alonso,ALO,aston_martin,2025,10,2025_10,villeneuve,previous_event_projection,2025-06-02 00:00:00+00:00,2025-06-13T06:00:00+00:00
antonelli,ANT,mercedes,2025,10,2025_10,villeneuve,previous_event_projection,2025-06-02 00:00:00+00:00,2025-06-13T06:00:00+00:00
bearman,BEA,haas,2025,10,2025_10,villeneuve,previous_event_projection,2025-06-02 00:00:00+00:00,2025-06-13T06:00:00+00:00
bortoleto,BOR,sauber,2025,10,2025_10,villeneuve,previous_event_projection,2025-06-02 00:00:00+00:00,2025-06-13T06:00:00+00:00
colapinto,COL,alpine,2025,10,2025_10,villeneuve,previous_event_projection,2025-06-02 00:00:00+00:00,2025-06-13T06:00:00+00:00
gasly,GAS,alpine,2025,10,2025_10,villeneuve,previous_event_projection,2025-06-02 00:00:00+00:00,2025-06-13T06:00:00+00:00
hadjar,HAD,rb,2025,10,2025_10,villeneuve,previous_event_projection,2025-06-02 00:00:00+00:00,2025-06-13T06:00:00+00:00
hamilton,HAM,ferrari,2025,10,2025_10,villeneuve,previous_event_projection,2025-06-02 00:00:00+00:00,2025-06-13T06:00:00+00:00
hulkenberg,HUL,sauber,2025,10,2025_10,villeneuve,previous_event_projection,2025-06-02 00:00:00+00:00,2025-06-13T06:00:00+00:00
lawson,LAW,rb,2025,10,2025_10,villeneuve,previous_event_projection,2025-06-02 00:00:00+00:00,2025-06-13T06:00:00+00:00
leclerc,LEC,ferrari,2025,10,2025_10,villeneuve,previous_event_projection,2025-06-02 00:00:00+00:00,2025-06-13T06:00:00+00:00
max_verstappen,VER,red_bull,2025,10,2025_10,villeneuve,previous_event_projection,2025-06-02 00:00:00+00:00,2025-06-13T06:00:00+00:00
norris,NOR,mclaren,2025,10,2025_10,villeneuve,previous_event_projection,2025-06-02 00:00:00+00:00,2025-06-13T06:00:00+00:00
ocon,OCO,haas,2025,10,2025_10,villeneuve,previous_event_projection,2025-06-02 00:00:00+00:00,2025-06-13T06:00:00+00:00
piastri,PIA,mclaren,2025,10,2025_10,villeneuve,previous_event_projection,2025-06-02 00:00:00+00:00,2025-06-13T06:00:00+00:00
russell,RUS,mercedes,2025,10,2025_10,villeneuve,previous_event_projection,2025-06-02 00:00:00+00:00,2025-06-13T06:00:00+00:00
sainz,SAI,williams,2025,10,2025_10,villeneuve,previous_event_projection,2025-06-02 00:00:00+00:00,2025-06-13T06:00:00+00:00
tsunoda,TSU,red_bull,2025,10,2025_10,villeneuve,previous_event_projection,2025-06-02 00:00:00+00:00,2025-06-13T06:00:00+00:00
albon,ALB,williams,2025,11,2025_11,red_bull_ring,previous_event_projection,2025-06-16 00:00:00+00:00,2025-06-27T01:00:00+00:00
alonso,ALO,aston_martin,2025,11,2025_11,red_bull_ring,previous_event_projection,2025-06-16 00:00:00+00:00,2025-06-27T01:00:00+00:00
antonelli,ANT,mercedes,2025,11,2025_11,red_bull_ring,previous_event_projection,2025-06-16 00:00:00+00:00,2025-06-27T01:00:00+00:00
bearman,BEA,haas,2025,11,2025_11,red_bull_ring,previous_event_projection,2025-06-16 00:00:00+00:00,2025-06-27T01:00:00+00:00
bortoleto,BOR,sauber,2025,11,2025_11,red_bull_ring,previous_event_projection,2025-06-16 00:00:00+00:00,2025-06-27T01:00:00+00:00
colapinto,COL,alpine,2025,11,2025_11,red_bull_ring,previous_event_projection,2025-06-16 00:00:00+00:00,2025-06-27T01:00:00+00:00
gasly,GAS,alpine,2025,11,2025_11,red_bull_ring,previous_event_projection,2025-06-16 00:00:00+00:00,2025-06-27T01:00:00+00:00
hadjar,HAD,rb,2025,11,2025_11,red_bull_ring,previous_event_projection,2025-06-16 00:00:00+00:00,2025-06-27T01:00:00+00:00
hamilton,HAM,ferrari,2025,11,2025_11,red_bull_ring,previous_event_projection,2025-06-16 00:00:00+00:00,2025-06-27T01:00:00+00:00
hulkenberg,HUL,sauber,2025,11,2025_11,red_bull_ring,previous_event_projection,2025-06-16 00:00:00+00:00,2025-06-27T01:00:00+00:00
lawson,LAW,rb,2025,11,2025_11,red_bull_ring,previous_event_projection,2025-06-16 00:00:00+00:00,2025-06-27T01:00:00+00:00
leclerc,LEC,ferrari,2025,11,2025_11,red_bull_ring,previous_event_projection,2025-06-16 00:00:00+00:00,2025-06-27T01:00:00+00:00
max_verstappen,VER,red_bull,2025,11,2025_11,red_bull_ring,previous_event_projection,2025-06-16 00:00:00+00:00,2025-06-27T01:00:00+00:00
norris,NOR,mclaren,2025,11,2025_11,red_bull_ring,previous_event_projection,2025-06-16 00:00:00+00:00,2025-06-27T01:00:00+00:00
ocon,OCO,haas,2025,11,2025_11,red_bull_ring,previous_event_projection,2025-06-16 00:00:00+00:00,2025-06-27T01:00:00+00:00
piastri,PIA,mclaren,2025,11,2025_11,red_bull_ring,previous_event_projection,2025-06-16 00:00:00+00:00,2025-06-27T01:00:00+00:00
russell,RUS,mercedes,2025,11,2025_11,red_bull_ring,previous_event_projection,2025-06-16 00:00:00+00:00,2025-06-27T01:00:00+00:00
sainz,SAI,williams,2025,11,2025_11,red_bull_ring,previous_event_projection,2025-06-16 00:00:00+00:00,2025-06-27T01:00:00+00:00
stroll,STR,aston_martin,2025,11,2025_11,red_bull_ring,previous_event_projection,2025-06-16 00:00:00+00:00,2025-06-27T01:00:00+00:00
tsunoda,TSU,red_bull,2025,11,2025_11,red_bull_ring,previous_event_projection,2025-06-16 00:00:00+00:00,2025-06-27T01:00:00+00:00
albon,ALB,williams,2025,12,2025_12,silverstone,previous_event_projection,2025-06-30 00:00:00+00:00,2025-07-04T02:00:00+00:00
alonso,ALO,aston_martin,2025,12,2025_12,silverstone,previous_event_projection,2025-06-30 00:00:00+00:00,2025-07-04T02:00:00+00:00
antonelli,ANT,mercedes,2025,12,2025_12,silverstone,previous_event_projection,2025-06-30 00:00:00+00:00,2025-07-04T02:00:00+00:00
bearman,BEA,haas,2025,12,2025_12,silverstone,previous_event_projection,2025-06-30 00:00:00+00:00,2025-07-04T02:00:00+00:00
bortoleto,BOR,sauber,2025,12,2025_12,silverstone,previous_event_projection,2025-06-30 00:00:00+00:00,2025-07-04T02:00:00+00:00
colapinto,COL,alpine,2025,12,2025_12,silverstone,previous_event_projection,2025-06-30 00:00:00+00:00,2025-07-04T02:00:00+00:00
gasly,GAS,alpine,2025,12,2025_12,silverstone,previous_event_projection,2025-06-30 00:00:00+00:00,2025-07-04T02:00:00+00:00
hadjar,HAD,rb,2025,12,2025_12,silverstone,previous_event_projection,2025-06-30 00:00:00+00:00,2025-07-04T02:00:00+00:00
hamilton,HAM,ferrari,2025,12,2025_12,silverstone,previous_event_projection,2025-06-30 00:00:00+00:00,2025-07-04T02:00:00+00:00
hulkenberg,HUL,sauber,2025,12,2025_12,silverstone,previous_event_projection,2025-06-30 00:00:00+00:00,2025-07-04T02:00:00+00:00
lawson,LAW,rb,2025,12,2025_12,silverstone,previous_event_projection,2025-06-30 00:00:00+00:00,2025-07-04T02:00:00+00:00
leclerc,LEC,ferrari,2025,12,2025_12,silverstone,previous_event_projection,2025-06-30 00:00:00+00:00,2025-07-04T02:00:00+00:00
max_verstappen,VER,red_bull,2025,12,2025_12,silverstone,previous_event_projection,2025-06-30 00:00:00+00:00,2025-07-04T02:00:00+00:00
norris,NOR,mclaren,2025,12,2025_12,silverstone,previous_event_projection,2025-06-30 00:00:00+00:00,2025-07-04T02:00:00+00:00
ocon,OCO,haas,2025,12,2025_12,silverstone,previous_event_projection,2025-06-30 00:00:00+00:00,2025-07-04T02:00:00+00:00
piastri,PIA,mclaren,2025,12,2025_12,silverstone,previous_event_projection,2025-06-30 00:00:00+00:00,2025-07-04T02:00:00+00:00
russell,RUS,mercedes,2025,12,2025_12,silverstone,previous_event_projection,2025-06-30 00:00:00+00:00,2025-07-04T02:00:00+00:00
stroll,STR,aston_martin,2025,12,2025_12,silverstone,previous_event_projection,2025-06-30 00:00:00+00:00,2025-07-04T02:00:00+00:00
tsunoda,TSU,red_bull,2025,12,2025_12,silverstone,previous_event_projection,2025-06-30 00:00:00+00:00,2025-07-04T02:00:00+00:00
albon,ALB,williams,2025,13,2025_13,spa,previous_event_projection,2025-07-07 00:00:00+00:00,2025-07-25T01:00:00+00:00
alonso,ALO,aston_martin,2025,13,2025_13,spa,previous_event_projection,2025-07-07 00:00:00+00:00,2025-07-25T01:00:00+00:00
antonelli,ANT,mercedes,2025,13,2025_13,spa,previous_event_projection,2025-07-07 00:00:00+00:00,2025-07-25T01:00:00+00:00
bearman,BEA,haas,2025,13,2025_13,spa,previous_event_projection,2025-07-07 00:00:00+00:00,2025-07-25T01:00:00+00:00
bortoleto,BOR,sauber,2025,13,2025_13,spa,previous_event_projection,2025-07-07 00:00:00+00:00,2025-07-25T01:00:00+00:00
gasly,GAS,alpine,2025,13,2025_13,spa,previous_event_projection,2025-07-07 00:00:00+00:00,2025-07-25T01:00:00+00:00
hadjar,HAD,rb,2025,13,2025_13,spa,previous_event_projection,2025-07-07 00:00:00+00:00,2025-07-25T01:00:00+00:00
hamilton,HAM,ferrari,2025,13,2025_13,spa,previous_event_projection,2025-07-07 00:00:00+00:00,2025-07-25T01:00:00+00:00
hulkenberg,HUL,sauber,2025,13,2025_13,spa,previous_event_projection,2025-07-07 00:00:00+00:00,2025-07-25T01:00:00+00:00
lawson,LAW,rb,2025,13,2025_13,spa,previous_event_projection,2025-07-07 00:00:00+00:00,2025-07-25T01:00:00+00:00
leclerc,LEC,ferrari,2025,13,2025_13,spa,previous_event_projection,2025-07-07 00:00:00+00:00,2025-07-25T01:00:00+00:00
max_verstappen,VER,red_bull,2025,13,2025_13,spa,previous_event_projection,2025-07-07 00:00:00+00:00,2025-07-25T01:00:00+00:00
norris,NOR,mclaren,2025,13,2025_13,spa,previous_event_projection,2025-07-07 00:00:00+00:00,2025-07-25T01:00:00+00:00
ocon,OCO,haas,2025,13,2025_13,spa,previous_event_projection,2025-07-07 00:00:00+00:00,2025-07-25T01:00:00+00:00
piastri,PIA,mclaren,2025,13,2025_13,spa,previous_event_projection,2025-07-07 00:00:00+00:00,2025-07-25T01:00:00+00:00
russell,RUS,mercedes,2025,13,2025_13,spa,previous_event_projection,2025-07-07 00:00:00+00:00,2025-07-25T01:00:00+00:00
sainz,SAI,williams,2025,13,2025_13,spa,previous_event_projection,2025-07-07 00:00:00+00:00,2025-07-25T01:00:00+00:00
stroll,STR,aston_martin,2025,13,2025_13,spa,previous_event_projection,2025-07-07 00:00:00+00:00,2025-07-25T01:00:00+00:00
tsunoda,TSU,red_bull,2025,13,2025_13,spa,previous_event_projection,2025-07-07 00:00:00+00:00,2025-07-25T01:00:00+00:00
albon,ALB,williams,2025,14,2025_14,hungaroring,previous_event_projection,2025-07-28 00:00:00+00:00,2025-08-01T01:00:00+00:00
alonso,ALO,aston_martin,2025,14,2025_14,hungaroring,previous_event_projection,2025-07-28 00:00:00+00:00,2025-08-01T01:00:00+00:00
antonelli,ANT,mercedes,2025,14,2025_14,hungaroring,previous_event_projection,2025-07-28 00:00:00+00:00,2025-08-01T01:00:00+00:00
bearman,BEA,haas,2025,14,2025_14,hungaroring,previous_event_projection,2025-07-28 00:00:00+00:00,2025-08-01T01:00:00+00:00
bortoleto,BOR,sauber,2025,14,2025_14,hungaroring,previous_event_projection,2025-07-28 00:00:00+00:00,2025-08-01T01:00:00+00:00
colapinto,COL,alpine,2025,14,2025_14,hungaroring,previous_event_projection,2025-07-28 00:00:00+00:00,2025-08-01T01:00:00+00:00
gasly,GAS,alpine,2025,14,2025_14,hungaroring,previous_event_projection,2025-07-28 00:00:00+00:00,2025-08-01T01:00:00+00:00
hadjar,HAD,rb,2025,14,2025_14,hungaroring,previous_event_projection,2025-07-28 00:00:00+00:00,2025-08-01T01:00:00+00:00
hamilton,HAM,ferrari,2025,14,2025_14,hungaroring,previous_event_projection,2025-07-28 00:00:00+00:00,2025-08-01T01:00:00+00:00
hulkenberg,HUL,sauber,2025,14,2025_14,hungaroring,previous_event_projection,2025-07-28 00:00:00+00:00,2025-08-01T01:00:00+00:00
lawson,LAW,rb,2025,14,2025_14,hungaroring,previous_event_projection,2025-07-28 00:00:00+00:00,2025-08-01T01:00:00+00:00
leclerc,LEC,ferrari,2025,14,2025_14,hungaroring,previous_event_projection,2025-07-28 00:00:00+00:00,2025-08-01T01:00:00+00:00
max_verstappen,VER,red_bull,2025,14,2025_14,hungaroring,previous_event_projection,2025-07-28 00:00:00+00:00,2025-08-01T01:00:00+00:00
norris,NOR,mclaren,2025,14,2025_14,hungaroring,previous_event_projection,2025-07-28 00:00:00+00:00,2025-08-01T01:00:00+00:00
ocon,OCO,haas,2025,14,2025_14,hungaroring,previous_event_projection,2025-07-28 00:00:00+00:00,2025-08-01T01:00:00+00:00
piastri,PIA,mclaren,2025,14,2025_14,hungaroring,previous_event_projection,2025-07-28 00:00:00+00:00,2025-08-01T01:00:00+00:00
russell,RUS,mercedes,2025,14,2025_14,hungaroring,previous_event_projection,2025-07-28 00:00:00+00:00,2025-08-01T01:00:00+00:00
sainz,SAI,williams,2025,14,2025_14,hungaroring,previous_event_projection,2025-07-28 00:00:00+00:00,2025-08-01T01:00:00+00:00
stroll,STR,aston_martin,2025,14,2025_14,hungaroring,previous_event_projection,2025-07-28 00:00:00+00:00,2025-08-01T01:00:00+00:00
tsunoda,TSU,red_bull,2025,14,2025_14,hungaroring,previous_event_projection,2025-07-28 00:00:00+00:00,2025-08-01T01:00:00+00:00
albon,ALB,williams,2025,15,2025_15,zandvoort,previous_event_projection,2025-08-04 00:00:00+00:00,2025-08-29T01:00:00+00:00
alonso,ALO,aston_martin,2025,15,2025_15,zandvoort,previous_event_projection,2025-08-04 00:00:00+00:00,2025-08-29T01:00:00+00:00
antonelli,ANT,mercedes,2025,15,2025_15,zandvoort,previous_event_projection,2025-08-04 00:00:00+00:00,2025-08-29T01:00:00+00:00
bearman,BEA,haas,2025,15,2025_15,zandvoort,previous_event_projection,2025-08-04 00:00:00+00:00,2025-08-29T01:00:00+00:00
bortoleto,BOR,sauber,2025,15,2025_15,zandvoort,previous_event_projection,2025-08-04 00:00:00+00:00,2025-08-29T01:00:00+00:00
colapinto,COL,alpine,2025,15,2025_15,zandvoort,previous_event_projection,2025-08-04 00:00:00+00:00,2025-08-29T01:00:00+00:00
gasly,GAS,alpine,2025,15,2025_15,zandvoort,previous_event_projection,2025-08-04 00:00:00+00:00,2025-08-29T01:00:00+00:00
hadjar,HAD,rb,2025,15,2025_15,zandvoort,previous_event_projection,2025-08-04 00:00:00+00:00,2025-08-29T01:00:00+00:00
hamilton,HAM,ferrari,2025,15,2025_15,zandvoort,previous_event_projection,2025-08-04 00:00:00+00:00,2025-08-29T01:00:00+00:00
hulkenberg,HUL,sauber,2025,15,2025_15,zandvoort,previous_event_projection,2025-08-04 00:00:00+00:00,2025-08-29T01:00:00+00:00
lawson,LAW,rb,2025,15,2025_15,zandvoort,previous_event_projection,2025-08-04 00:00:00+00:00,2025-08-29T01:00:00+00:00
leclerc,LEC,ferrari,2025,15,2025_15,zandvoort,previous_event_projection,2025-08-04 00:00:00+00:00,2025-08-29T01:00:00+00:00
max_verstappen,VER,red_bull,2025,15,2025_15,zandvoort,previous_event_projection,2025-08-04 00:00:00+00:00,2025-08-29T01:00:00+00:00
norris,NOR,mclaren,2025,15,2025_15,zandvoort,previous_event_projection,2025-08-04 00:00:00+00:00,2025-08-29T01:00:00+00:00
ocon,OCO,haas,2025,15,2025_15,zandvoort,previous_event_projection,2025-08-04 00:00:00+00:00,2025-08-29T01:00:00+00:00
piastri,PIA,mclaren,2025,15,2025_15,zandvoort,previous_event_projection,2025-08-04 00:00:00+00:00,2025-08-29T01:00:00+00:00
russell,RUS,mercedes,2025,15,2025_15,zandvoort,previous_event_projection,2025-08-04 00:00:00+00:00,2025-08-29T01:00:00+00:00
sainz,SAI,williams,2025,15,2025_15,zandvoort,previous_event_projection,2025-08-04 00:00:00+00:00,2025-08-29T01:00:00+00:00
stroll,STR,aston_martin,2025,15,2025_15,zandvoort,previous_event_projection,2025-08-04 00:00:00+00:00,2025-08-29T01:00:00+00:00
tsunoda,TSU,red_bull,2025,15,2025_15,zandvoort,previous_event_projection,2025-08-04 00:00:00+00:00,2025-08-29T01:00:00+00:00
albon,ALB,williams,2025,16,2025_16,monza,previous_event_projection,2025-09-01 00:00:00+00:00,2025-09-05T01:00:00+00:00
alonso,ALO,aston_martin,2025,16,2025_16,monza,previous_event_projection,2025-09-01 00:00:00+00:00,2025-09-05T01:00:00+00:00
antonelli,ANT,mercedes,2025,16,2025_16,monza,previous_event_projection,2025-09-01 00:00:00+00:00,2025-09-05T01:00:00+00:00
bearman,BEA,haas,2025,16,2025_16,monza,previous_event_projection,2025-09-01 00:00:00+00:00,2025-09-05T01:00:00+00:00
bortoleto,BOR,sauber,2025,16,2025_16,monza,previous_event_projection,2025-09-01 00:00:00+00:00,2025-09-05T01:00:00+00:00
colapinto,COL,alpine,2025,16,2025_16,monza,previous_event_projection,2025-09-01 00:00:00+00:00,2025-09-05T01:00:00+00:00
gasly,GAS,alpine,2025,16,2025_16,monza,previous_event_projection,2025-09-01 00:00:00+00:00,2025-09-05T01:00:00+00:00
hadjar,HAD,rb,2025,16,2025_16,monza,previous_event_projection,2025-09-01 00:00:00+00:00,2025-09-05T01:00:00+00:00
hamilton,HAM,ferrari,2025,16,2025_16,monza,previous_event_projection,2025-09-01 00:00:00+00:00,2025-09-05T01:00:00+00:00
hulkenberg,HUL,sauber,2025,16,2025_16,monza,previous_event_projection,2025-09-01 00:00:00+00:00,2025-09-05T01:00:00+00:00
lawson,LAW,rb,2025,16,2025_16,monza,previous_event_projection,2025-09-01 00:00:00+00:00,2025-09-05T01:00:00+00:00
leclerc,LEC,ferrari,2025,16,2025_16,monza,previous_event_projection,2025-09-01 00:00:00+00:00,2025-09-05T01:00:00+00:00
max_verstappen,VER,red_bull,2025,16,2025_16,monza,previous_event_projection,2025-09-01 00:00:00+00:00,2025-09-05T01:00:00+00:00
norris,NOR,mclaren,2025,16,2025_16,monza,previous_event_projection,2025-09-01 00:00:00+00:00,2025-09-05T01:00:00+00:00
ocon,OCO,haas,2025,16,2025_16,monza,previous_event_projection,2025-09-01 00:00:00+00:00,2025-09-05T01:00:00+00:00
piastri,PIA,mclaren,2025,16,2025_16,monza,previous_event_projection,2025-09-01 00:00:00+00:00,2025-09-05T01:00:00+00:00
russell,RUS,mercedes,2025,16,2025_16,monza,previous_event_projection,2025-09-01 00:00:00+00:00,2025-09-05T01:00:00+00:00
sainz,SAI,williams,2025,16,2025_16,monza,previous_event_projection,2025-09-01 00:00:00+00:00,2025-09-05T01:00:00+00:00
stroll,STR,aston_martin,2025,16,2025_16,monza,previous_event_projection,2025-09-01 00:00:00+00:00,2025-09-05T01:00:00+00:00
tsunoda,TSU,red_bull,2025,16,2025_16,monza,previous_event_projection,2025-09-01 00:00:00+00:00,2025-09-05T01:00:00+00:00
albon,ALB,williams,2025,17,2025_17,baku,previous_event_projection,2025-09-08 00:00:00+00:00,2025-09-18T23:00:00+00:00
alonso,ALO,aston_martin,2025,17,2025_17,baku,previous_event_projection,2025-09-08 00:00:00+00:00,2025-09-18T23:00:00+00:00
antonelli,ANT,mercedes,2025,17,2025_17,baku,previous_event_projection,2025-09-08 00:00:00+00:00,2025-09-18T23:00:00+00:00
bearman,BEA,haas,2025,17,2025_17,baku,previous_event_projection,2025-09-08 00:00:00+00:00,2025-09-18T23:00:00+00:00
bortoleto,BOR,sauber,2025,17,2025_17,baku,previous_event_projection,2025-09-08 00:00:00+00:00,2025-09-18T23:00:00+00:00
colapinto,COL,alpine,2025,17,2025_17,baku,previous_event_projection,2025-09-08 00:00:00+00:00,2025-09-18T23:00:00+00:00
gasly,GAS,alpine,2025,17,2025_17,baku,previous_event_projection,2025-09-08 00:00:00+00:00,2025-09-18T23:00:00+00:00
hadjar,HAD,rb,2025,17,2025_17,baku,previous_event_projection,2025-09-08 00:00:00+00:00,2025-09-18T23:00:00+00:00
hamilton,HAM,ferrari,2025,17,2025_17,baku,previous_event_projection,2025-09-08 00:00:00+00:00,2025-09-18T23:00:00+00:00
lawson,LAW,rb,2025,17,2025_17,baku,previous_event_projection,2025-09-08 00:00:00+00:00,2025-09-18T23:00:00+00:00
leclerc,LEC,ferrari,2025,17,2025_17,baku,previous_event_projection,2025-09-08 00:00:00+00:00,2025-09-18T23:00:00+00:00
max_verstappen,VER,red_bull,2025,17,2025_17,baku,previous_event_projection,2025-09-08 00:00:00+00:00,2025-09-18T23:00:00+00:00
norris,NOR,mclaren,2025,17,2025_17,baku,previous_event_projection,2025-09-08 00:00:00+00:00,2025-09-18T23:00:00+00:00
ocon,OCO,haas,2025,17,2025_17,baku,previous_event_projection,2025-09-08 00:00:00+00:00,2025-09-18T23:00:00+00:00
piastri,PIA,mclaren,2025,17,2025_17,baku,previous_event_projection,2025-09-08 00:00:00+00:00,2025-09-18T23:00:00+00:00
russell,RUS,mercedes,2025,17,2025_17,baku,previous_event_projection,2025-09-08 00:00:00+00:00,2025-09-18T23:00:00+00:00
sainz,SAI,williams,2025,17,2025_17,baku,previous_event_projection,2025-09-08 00:00:00+00:00,2025-09-18T23:00:00+00:00
stroll,STR,aston_martin,2025,17,2025_17,baku,previous_event_projection,2025-09-08 00:00:00+00:00,2025-09-18T23:00:00+00:00
tsunoda,TSU,red_bull,2025,17,2025_17,baku,previous_event_projection,2025-09-08 00:00:00+00:00,2025-09-18T23:00:00+00:00
albon,ALB,williams,2025,18,2025_18,marina_bay,previous_event_projection,2025-09-22 00:00:00+00:00,2025-10-03T00:00:00+00:00
alonso,ALO,aston_martin,2025,18,2025_18,marina_bay,previous_event_projection,2025-09-22 00:00:00+00:00,2025-10-03T00:00:00+00:00
antonelli,ANT,mercedes,2025,18,2025_18,marina_bay,previous_event_projection,2025-09-22 00:00:00+00:00,2025-10-03T00:00:00+00:00
bearman,BEA,haas,2025,18,2025_18,marina_bay,previous_event_projection,2025-09-22 00:00:00+00:00,2025-10-03T00:00:00+00:00
bortoleto,BOR,sauber,2025,18,2025_18,marina_bay,previous_event_projection,2025-09-22 00:00:00+00:00,2025-10-03T00:00:00+00:00
colapinto,COL,alpine,2025,18,2025_18,marina_bay,previous_event_projection,2025-09-22 00:00:00+00:00,2025-10-03T00:00:00+00:00
gasly,GAS,alpine,2025,18,2025_18,marina_bay,previous_event_projection,2025-09-22 00:00:00+00:00,2025-10-03T00:00:00+00:00
hadjar,HAD,rb,2025,18,2025_18,marina_bay,previous_event_projection,2025-09-22 00:00:00+00:00,2025-10-03T00:00:00+00:00
hamilton,HAM,ferrari,2025,18,2025_18,marina_bay,previous_event_projection,2025-09-22 00:00:00+00:00,2025-10-03T00:00:00+00:00
hulkenberg,HUL,sauber,2025,18,2025_18,marina_bay,previous_event_projection,2025-09-22 00:00:00+00:00,2025-10-03T00:00:00+00:00
lawson,LAW,rb,2025,18,2025_18,marina_bay,previous_event_projection,2025-09-22 00:00:00+00:00,2025-10-03T00:00:00+00:00
leclerc,LEC,ferrari,2025,18,2025_18,marina_bay,previous_event_projection,2025-09-22 00:00:00+00:00,2025-10-03T00:00:00+00:00
max_verstappen,VER,red_bull,2025,18,2025_18,marina_bay,previous_event_projection,2025-09-22 00:00:00+00:00,2025-10-03T00:00:00+00:00
norris,NOR,mclaren,2025,18,2025_18,marina_bay,previous_event_projection,2025-09-22 00:00:00+00:00,2025-10-03T00:00:00+00:00
ocon,OCO,haas,2025,18,2025_18,marina_bay,previous_event_projection,2025-09-22 00:00:00+00:00,2025-10-03T00:00:00+00:00
piastri,PIA,mclaren,2025,18,2025_18,marina_bay,previous_event_projection,2025-09-22 00:00:00+00:00,2025-10-03T00:00:00+00:00
russell,RUS,mercedes,2025,18,2025_18,marina_bay,previous_event_projection,2025-09-22 00:00:00+00:00,2025-10-03T00:00:00+00:00
sainz,SAI,williams,2025,18,2025_18,marina_bay,previous_event_projection,2025-09-22 00:00:00+00:00,2025-10-03T00:00:00+00:00
stroll,STR,aston_martin,2025,18,2025_18,marina_bay,previous_event_projection,2025-09-22 00:00:00+00:00,2025-10-03T00:00:00+00:00
tsunoda,TSU,red_bull,2025,18,2025_18,marina_bay,previous_event_projection,2025-09-22 00:00:00+00:00,2025-10-03T00:00:00+00:00
albon,ALB,williams,2025,19,2025_19,americas,previous_event_projection,2025-10-06 00:00:00+00:00,2025-10-17T07:00:00+00:00
alonso,ALO,aston_martin,2025,19,2025_19,americas,previous_event_projection,2025-10-06 00:00:00+00:00,2025-10-17T07:00:00+00:00
antonelli,ANT,mercedes,2025,19,2025_19,americas,previous_event_projection,2025-10-06 00:00:00+00:00,2025-10-17T07:00:00+00:00
bearman,BEA,haas,2025,19,2025_19,americas,previous_event_projection,2025-10-06 00:00:00+00:00,2025-10-17T07:00:00+00:00
bortoleto,BOR,sauber,2025,19,2025_19,americas,previous_event_projection,2025-10-06 00:00:00+00:00,2025-10-17T07:00:00+00:00
colapinto,COL,alpine,2025,19,2025_19,americas,previous_event_projection,2025-10-06 00:00:00+00:00,2025-10-17T07:00:00+00:00
gasly,GAS,alpine,2025,19,2025_19,americas,previous_event_projection,2025-10-06 00:00:00+00:00,2025-10-17T07:00:00+00:00
hadjar,HAD,rb,2025,19,2025_19,americas,previous_event_projection,2025-10-06 00:00:00+00:00,2025-10-17T07:00:00+00:00
hamilton,HAM,ferrari,2025,19,2025_19,americas,previous_event_projection,2025-10-06 00:00:00+00:00,2025-10-17T07:00:00+00:00
hulkenberg,HUL,sauber,2025,19,2025_19,americas,previous_event_projection,2025-10-06 00:00:00+00:00,2025-10-17T07:00:00+00:00
lawson,LAW,rb,2025,19,2025_19,americas,previous_event_projection,2025-10-06 00:00:00+00:00,2025-10-17T07:00:00+00:00
leclerc,LEC,ferrari,2025,19,2025_19,americas,previous_event_projection,2025-10-06 00:00:00+00:00,2025-10-17T07:00:00+00:00
max_verstappen,VER,red_bull,2025,19,2025_19,americas,previous_event_projection,2025-10-06 00:00:00+00:00,2025-10-17T07:00:00+00:00
norris,NOR,mclaren,2025,19,2025_19,americas,previous_event_projection,2025-10-06 00:00:00+00:00,2025-10-17T07:00:00+00:00
ocon,OCO,haas,2025,19,2025_19,americas,previous_event_projection,2025-10-06 00:00:00+00:00,2025-10-17T07:00:00+00:00
piastri,PIA,mclaren,2025,19,2025_19,americas,previous_event_projection,2025-10-06 00:00:00+00:00,2025-10-17T07:00:00+00:00
russell,RUS,mercedes,2025,19,2025_19,americas,previous_event_projection,2025-10-06 00:00:00+00:00,2025-10-17T07:00:00+00:00
sainz,SAI,williams,2025,19,2025_19,americas,previous_event_projection,2025-10-06 00:00:00+00:00,2025-10-17T07:00:00+00:00
stroll,STR,aston_martin,2025,19,2025_19,americas,previous_event_projection,2025-10-06 00:00:00+00:00,2025-10-17T07:00:00+00:00
tsunoda,TSU,red_bull,2025,19,2025_19,americas,previous_event_projection,2025-10-06 00:00:00+00:00,2025-10-17T07:00:00+00:00
albon,ALB,williams,2025,20,2025_20,rodriguez,previous_event_projection,2025-10-20 00:00:00+00:00,2025-10-24T08:00:00+00:00
alonso,ALO,aston_martin,2025,20,2025_20,rodriguez,previous_event_projection,2025-10-20 00:00:00+00:00,2025-10-24T08:00:00+00:00
antonelli,ANT,mercedes,2025,20,2025_20,rodriguez,previous_event_projection,2025-10-20 00:00:00+00:00,2025-10-24T08:00:00+00:00
bearman,BEA,haas,2025,20,2025_20,rodriguez,previous_event_projection,2025-10-20 00:00:00+00:00,2025-10-24T08:00:00+00:00
bortoleto,BOR,sauber,2025,20,2025_20,rodriguez,previous_event_projection,2025-10-20 00:00:00+00:00,2025-10-24T08:00:00+00:00
colapinto,COL,alpine,2025,20,2025_20,rodriguez,previous_event_projection,2025-10-20 00:00:00+00:00,2025-10-24T08:00:00+00:00
gasly,GAS,alpine,2025,20,2025_20,rodriguez,previous_event_projection,2025-10-20 00:00:00+00:00,2025-10-24T08:00:00+00:00
hadjar,HAD,rb,2025,20,2025_20,rodriguez,previous_event_projection,2025-10-20 00:00:00+00:00,2025-10-24T08:00:00+00:00
hamilton,HAM,ferrari,2025,20,2025_20,rodriguez,previous_event_projection,2025-10-20 00:00:00+00:00,2025-10-24T08:00:00+00:00
hulkenberg,HUL,sauber,2025,20,2025_20,rodriguez,previous_event_projection,2025-10-20 00:00:00+00:00,2025-10-24T08:00:00+00:00
lawson,LAW,rb,2025,20,2025_20,rodriguez,previous_event_projection,2025-10-20 00:00:00+00:00,2025-10-24T08:00:00+00:00
leclerc,LEC,ferrari,2025,20,2025_20,rodriguez,previous_event_projection,2025-10-20 00:00:00+00:00,2025-10-24T08:00:00+00:00
max_verstappen,VER,red_bull,2025,20,2025_20,rodriguez,previous_event_projection,2025-10-20 00:00:00+00:00,2025-10-24T08:00:00+00:00
norris,NOR,mclaren,2025,20,2025_20,rodriguez,previous_event_projection,2025-10-20 00:00:00+00:00,2025-10-24T08:00:00+00:00
ocon,OCO,haas,2025,20,2025_20,rodriguez,previous_event_projection,2025-10-20 00:00:00+00:00,2025-10-24T08:00:00+00:00
piastri,PIA,mclaren,2025,20,2025_20,rodriguez,previous_event_projection,2025-10-20 00:00:00+00:00,2025-10-24T08:00:00+00:00
russell,RUS,mercedes,2025,20,2025_20,rodriguez,previous_event_projection,2025-10-20 00:00:00+00:00,2025-10-24T08:00:00+00:00
sainz,SAI,williams,2025,20,2025_20,rodriguez,previous_event_projection,2025-10-20 00:00:00+00:00,2025-10-24T08:00:00+00:00
stroll,STR,aston_martin,2025,20,2025_20,rodriguez,previous_event_projection,2025-10-20 00:00:00+00:00,2025-10-24T08:00:00+00:00
tsunoda,TSU,red_bull,2025,20,2025_20,rodriguez,previous_event_projection,2025-10-20 00:00:00+00:00,2025-10-24T08:00:00+00:00
albon,ALB,williams,2025,21,2025_21,interlagos,previous_event_projection,2025-10-27 00:00:00+00:00,2025-11-07T05:00:00+00:00
alonso,ALO,aston_martin,2025,21,2025_21,interlagos,previous_event_projection,2025-10-27 00:00:00+00:00,2025-11-07T05:00:00+00:00
antonelli,ANT,mercedes,2025,21,2025_21,interlagos,previous_event_projection,2025-10-27 00:00:00+00:00,2025-11-07T05:00:00+00:00
bearman,BEA,haas,2025,21,2025_21,interlagos,previous_event_projection,2025-10-27 00:00:00+00:00,2025-11-07T05:00:00+00:00
bortoleto,BOR,sauber,2025,21,2025_21,interlagos,previous_event_projection,2025-10-27 00:00:00+00:00,2025-11-07T05:00:00+00:00
colapinto,COL,alpine,2025,21,2025_21,interlagos,previous_event_projection,2025-10-27 00:00:00+00:00,2025-11-07T05:00:00+00:00
gasly,GAS,alpine,2025,21,2025_21,interlagos,previous_event_projection,2025-10-27 00:00:00+00:00,2025-11-07T05:00:00+00:00
hadjar,HAD,rb,2025,21,2025_21,interlagos,previous_event_projection,2025-10-27 00:00:00+00:00,2025-11-07T05:00:00+00:00
hamilton,HAM,ferrari,2025,21,2025_21,interlagos,previous_event_projection,2025-10-27 00:00:00+00:00,2025-11-07T05:00:00+00:00
hulkenberg,HUL,sauber,2025,21,2025_21,interlagos,previous_event_projection,2025-10-27 00:00:00+00:00,2025-11-07T05:00:00+00:00
lawson,LAW,rb,2025,21,2025_21,interlagos,previous_event_projection,2025-10-27 00:00:00+00:00,2025-11-07T05:00:00+00:00
leclerc,LEC,ferrari,2025,21,2025_21,interlagos,previous_event_projection,2025-10-27 00:00:00+00:00,2025-11-07T05:00:00+00:00
max_verstappen,VER,red_bull,2025,21,2025_21,interlagos,previous_event_projection,2025-10-27 00:00:00+00:00,2025-11-07T05:00:00+00:00
norris,NOR,mclaren,2025,21,2025_21,interlagos,previous_event_projection,2025-10-27 00:00:00+00:00,2025-11-07T05:00:00+00:00
ocon,OCO,haas,2025,21,2025_21,interlagos,previous_event_projection,2025-10-27 00:00:00+00:00,2025-11-07T05:00:00+00:00
piastri,PIA,mclaren,2025,21,2025_21,interlagos,previous_event_projection,2025-10-27 00:00:00+00:00,2025-11-07T05:00:00+00:00
russell,RUS,mercedes,2025,21,2025_21,interlagos,previous_event_projection,2025-10-27 00:00:00+00:00,2025-11-07T05:00:00+00:00
sainz,SAI,williams,2025,21,2025_21,interlagos,previous_event_projection,2025-10-27 00:00:00+00:00,2025-11-07T05:00:00+00:00
stroll,STR,aston_martin,2025,21,2025_21,interlagos,previous_event_projection,2025-10-27 00:00:00+00:00,2025-11-07T05:00:00+00:00
tsunoda,TSU,red_bull,2025,21,2025_21,interlagos,previous_event_projection,2025-10-27 00:00:00+00:00,2025-11-07T05:00:00+00:00
albon,ALB,williams,2025,22,2025_22,vegas,previous_event_projection,2025-11-10 00:00:00+00:00,2025-11-20T16:00:00+00:00
alonso,ALO,aston_martin,2025,22,2025_22,vegas,previous_event_projection,2025-11-10 00:00:00+00:00,2025-11-20T16:00:00+00:00
antonelli,ANT,mercedes,2025,22,2025_22,vegas,previous_event_projection,2025-11-10 00:00:00+00:00,2025-11-20T16:00:00+00:00
bearman,BEA,haas,2025,22,2025_22,vegas,previous_event_projection,2025-11-10 00:00:00+00:00,2025-11-20T16:00:00+00:00
bortoleto,BOR,sauber,2025,22,2025_22,vegas,previous_event_projection,2025-11-10 00:00:00+00:00,2025-11-20T16:00:00+00:00
colapinto,COL,alpine,2025,22,2025_22,vegas,previous_event_projection,2025-11-10 00:00:00+00:00,2025-11-20T16:00:00+00:00
gasly,GAS,alpine,2025,22,2025_22,vegas,previous_event_projection,2025-11-10 00:00:00+00:00,2025-11-20T16:00:00+00:00
hadjar,HAD,rb,2025,22,2025_22,vegas,previous_event_projection,2025-11-10 00:00:00+00:00,2025-11-20T16:00:00+00:00
hamilton,HAM,ferrari,2025,22,2025_22,vegas,previous_event_projection,2025-11-10 00:00:00+00:00,2025-11-20T16:00:00+00:00
hulkenberg,HUL,sauber,2025,22,2025_22,vegas,previous_event_projection,2025-11-10 00:00:00+00:00,2025-11-20T16:00:00+00:00
lawson,LAW,rb,2025,22,2025_22,vegas,previous_event_projection,2025-11-10 00:00:00+00:00,2025-11-20T16:00:00+00:00
leclerc,LEC,ferrari,2025,22,2025_22,vegas,previous_event_projection,2025-11-10 00:00:00+00:00,2025-11-20T16:00:00+00:00
max_verstappen,VER,red_bull,2025,22,2025_22,vegas,previous_event_projection,2025-11-10 00:00:00+00:00,2025-11-20T16:00:00+00:00
norris,NOR,mclaren,2025,22,2025_22,vegas,previous_event_projection,2025-11-10 00:00:00+00:00,2025-11-20T16:00:00+00:00
ocon,OCO,haas,2025,22,2025_22,vegas,previous_event_projection,2025-11-10 00:00:00+00:00,2025-11-20T16:00:00+00:00
piastri,PIA,mclaren,2025,22,2025_22,vegas,previous_event_projection,2025-11-10 00:00:00+00:00,2025-11-20T16:00:00+00:00
russell,RUS,mercedes,2025,22,2025_22,vegas,previous_event_projection,2025-11-10 00:00:00+00:00,2025-11-20T16:00:00+00:00
sainz,SAI,williams,2025,22,2025_22,vegas,previous_event_projection,2025-11-10 00:00:00+00:00,2025-11-20T16:00:00+00:00
stroll,STR,aston_martin,2025,22,2025_22,vegas,previous_event_projection,2025-11-10 00:00:00+00:00,2025-11-20T16:00:00+00:00
tsunoda,TSU,red_bull,2025,22,2025_22,vegas,previous_event_projection,2025-11-10 00:00:00+00:00,2025-11-20T16:00:00+00:00
albon,ALB,williams,2025,23,2025_23,losail,previous_event_projection,2025-11-24 00:00:00+00:00,2025-11-28T04:00:00+00:00
alonso,ALO,aston_martin,2025,23,2025_23,losail,previous_event_projection,2025-11-24 00:00:00+00:00,2025-11-28T04:00:00+00:00
antonelli,ANT,mercedes,2025,23,2025_23,losail,previous_event_projection,2025-11-24 00:00:00+00:00,2025-11-28T04:00:00+00:00
bearman,BEA,haas,2025,23,2025_23,losail,previous_event_projection,2025-11-24 00:00:00+00:00,2025-11-28T04:00:00+00:00
bortoleto,BOR,sauber,2025,23,2025_23,losail,previous_event_projection,2025-11-24 00:00:00+00:00,2025-11-28T04:00:00+00:00
colapinto,COL,alpine,2025,23,2025_23,losail,previous_event_projection,2025-11-24 00:00:00+00:00,2025-11-28T04:00:00+00:00
gasly,GAS,alpine,2025,23,2025_23,losail,previous_event_projection,2025-11-24 00:00:00+00:00,2025-11-28T04:00:00+00:00
hadjar,HAD,rb,2025,23,2025_23,losail,previous_event_projection,2025-11-24 00:00:00+00:00,2025-11-28T04:00:00+00:00
hamilton,HAM,ferrari,2025,23,2025_23,losail,previous_event_projection,2025-11-24 00:00:00+00:00,2025-11-28T04:00:00+00:00
hulkenberg,HUL,sauber,2025,23,2025_23,losail,previous_event_projection,2025-11-24 00:00:00+00:00,2025-11-28T04:00:00+00:00
lawson,LAW,rb,2025,23,2025_23,losail,previous_event_projection,2025-11-24 00:00:00+00:00,2025-11-28T04:00:00+00:00
leclerc,LEC,ferrari,2025,23,2025_23,losail,previous_event_projection,2025-11-24 00:00:00+00:00,2025-11-28T04:00:00+00:00
max_verstappen,VER,red_bull,2025,23,2025_23,losail,previous_event_projection,2025-11-24 00:00:00+00:00,2025-11-28T04:00:00+00:00
norris,NOR,mclaren,2025,23,2025_23,losail,previous_event_projection,2025-11-24 00:00:00+00:00,2025-11-28T04:00:00+00:00
ocon,OCO,haas,2025,23,2025_23,losail,previous_event_projection,2025-11-24 00:00:00+00:00,2025-11-28T04:00:00+00:00
piastri,PIA,mclaren,2025,23,2025_23,losail,previous_event_projection,2025-11-24 00:00:00+00:00,2025-11-28T04:00:00+00:00
russell,RUS,mercedes,2025,23,2025_23,losail,previous_event_projection,2025-11-24 00:00:00+00:00,2025-11-28T04:00:00+00:00
sainz,SAI,williams,2025,23,2025_23,losail,previous_event_projection,2025-11-24 00:00:00+00:00,2025-11-28T04:00:00+00:00
stroll,STR,aston_martin,2025,23,2025_23,losail,previous_event_projection,2025-11-24 00:00:00+00:00,2025-11-28T04:00:00+00:00
tsunoda,TSU,red_bull,2025,23,2025_23,losail,previous_event_projection,2025-11-24 00:00:00+00:00,2025-11-28T04:00:00+00:00
albon,ALB,williams,2025,24,2025_24,yas_marina,previous_event_projection,2025-12-01 00:00:00+00:00,2025-12-05T01:00:00+00:00
alonso,ALO,aston_martin,2025,24,2025_24,yas_marina,previous_event_projection,2025-12-01 00:00:00+00:00,2025-12-05T01:00:00+00:00
antonelli,ANT,mercedes,2025,24,2025_24,yas_marina,previous_event_projection,2025-12-01 00:00:00+00:00,2025-12-05T01:00:00+00:00
bearman,BEA,haas,2025,24,2025_24,yas_marina,previous_event_projection,2025-12-01 00:00:00+00:00,2025-12-05T01:00:00+00:00
bortoleto,BOR,sauber,2025,24,2025_24,yas_marina,previous_event_projection,2025-12-01 00:00:00+00:00,2025-12-05T01:00:00+00:00
colapinto,COL,alpine,2025,24,2025_24,yas_marina,previous_event_projection,2025-12-01 00:00:00+00:00,2025-12-05T01:00:00+00:00
gasly,GAS,alpine,2025,24,2025_24,yas_marina,previous_event_projection,2025-12-01 00:00:00+00:00,2025-12-05T01:00:00+00:00
hadjar,HAD,rb,2025,24,2025_24,yas_marina,previous_event_projection,2025-12-01 00:00:00+00:00,2025-12-05T01:00:00+00:00
hamilton,HAM,ferrari,2025,24,2025_24,yas_marina,previous_event_projection,2025-12-01 00:00:00+00:00,2025-12-05T01:00:00+00:00
hulkenberg,HUL,sauber,2025,24,2025_24,yas_marina,previous_event_projection,2025-12-01 00:00:00+00:00,2025-12-05T01:00:00+00:00
lawson,LAW,rb,2025,24,2025_24,yas_marina,previous_event_projection,2025-12-01 00:00:00+00:00,2025-12-05T01:00:00+00:00
leclerc,LEC,ferrari,2025,24,2025_24,yas_marina,previous_event_projection,2025-12-01 00:00:00+00:00,2025-12-05T01:00:00+00:00
max_verstappen,VER,red_bull,2025,24,2025_24,yas_marina,previous_event_projection,2025-12-01 00:00:00+00:00,2025-12-05T01:00:00+00:00
norris,NOR,mclaren,2025,24,2025_24,yas_marina,previous_event_projection,2025-12-01 00:00:00+00:00,2025-12-05T01:00:00+00:00
ocon,OCO,haas,2025,24,2025_24,yas_marina,previous_event_projection,2025-12-01 00:00:00+00:00,2025-12-05T01:00:00+00:00
piastri,PIA,mclaren,2025,24,2025_24,yas_marina,previous_event_projection,2025-12-01 00:00:00+00:00,2025-12-05T01:00:00+00:00
russell,RUS,mercedes,2025,24,2025_24,yas_marina,previous_event_projection,2025-12-01 00:00:00+00:00,2025-12-05T01:00:00+00:00
sainz,SAI,williams,2025,24,2025_24,yas_marina,previous_event_projection,2025-12-01 00:00:00+00:00,2025-12-05T01:00:00+00:00
stroll,STR,aston_martin,2025,24,2025_24,yas_marina,previous_event_projection,2025-12-01 00:00:00+00:00,2025-12-05T01:00:00+00:00
tsunoda,TSU,red_bull,2025,24,2025_24,yas_marina,previous_event_projection,2025-12-01 00:00:00+00:00,2025-12-05T01:00:00+00:00
